customer_id,name,email
1,Farel Morstone,farel.morstone0fakab@demo.net
2,Kasel Sanwell,kasel.sanwell43ks02@demo.net
3,Karon Norman,karon.normana632f6@demo.net
4,Marel Morman,marel.morman69pvda@example.com
5,Paton Morhart,paton.morhartjhm2zt@fakemail.org
6,Josel Palley,josel.palley9o88gx@example.com
7,Vimar Norson,vimar.norsonohujm4@mail.test
8,Zaden Dalson,zaden.dalsonqxw9z1@mail.test
9,Ranor Morford,ranor.morford3f4zio@example.com
10,Olsel Torwood,olsel.torwoodwif20o@demo.net
11,Naton Harley,naton.harley6io659@example.com
12,Zalin Vanridge,zalin.vanridgeyl7x01@example.com
13,Alria Harberg,alria.harbergav2ly9@example.com
14,Kamon Norton,kamon.nortonvb5ug4@example.com
15,Faron Darfield,faron.darfield9nm9xr@mail.test
16,Zaron Dalwell,zaron.dalwellmulggd@demo.net
17,Ralan Dalton,ralan.daltonfkj3va@fakemail.org
18,Zavin Kelley,zavin.kelleycbfonh@mail.test
19,Pason Wilfield,pason.wilfield3xe76c@demo.net
20,Kason Willey,kason.willeyxb29pg@mail.test
21,Besha Fenstone,besha.fenstone50xw6r@example.com
22,Olmon Kelhart,olmon.kelhartkrvgzd@demo.net
23,Caden Lenfield,caden.lenfieldp36azf@fakemail.org
24,Olnor Torberg,olnor.torbergb6ercq@example.com
25,Caton Norfield,caton.norfield3w03rd@fakemail.org
26,Faden Belwood,faden.belwoodscv3dc@demo.net
27,Samon Wilbrook,samon.wilbrook4dp1m6@example.com
28,Darel Morbrook,darel.morbrook72b269@fakemail.org
29,Ravin Belford,ravin.belfordb7uruh@mail.test
30,Malin Darton,malin.dartonwpmlg9@mail.test
31,Sason Fenford,sason.fenfordw25j8q@demo.net
32,Tason Harley,tason.harleyqy6x5p@demo.net
33,Danor Fenridge,danor.fenridge2ubtpw@example.com
34,Favin Wilfield,favin.wilfield8l9m0j@example.com
35,Elron Corman,elron.cormanz9jpk5@mail.test
36,Ravin Lenford,ravin.lenford43fuib@example.com
37,Paton Palhart,paton.palhartryxjcq@demo.net
38,Rarel Harwood,rarel.harwood6mvm53@fakemail.org
39,Visha Norfield,visha.norfieldgv53ao@fakemail.org
40,Darel Darman,darel.darman9w8cly@fakemail.org
41,Masha Corman,masha.cormandzty2x@demo.net
42,Namar Santon,namar.santonsblo8x@fakemail.org
43,Josel Torfield,josel.torfield8lrurw@mail.test
44,Almar Morford,almar.morfordf8r01j@demo.net
45,Nanor Belwood,nanor.belwood8k3yo1@fakemail.org
46,Faton Torman,faton.torman3jmxc3@fakemail.org
47,Zanor Kelridge,zanor.kelridgeszfwid@demo.net
48,Karel Lenbrook,karel.lenbrooklshthf@mail.test
49,Pason Vanwood,pason.vanwoodoqwjs5@fakemail.org
50,Sasel Vanley,sasel.vanleye3hkyi@demo.net
51,Manor Dalwood,manor.dalwoodbsl2g3@example.com
52,Calan Morwood,calan.morwoodriiqg9@fakemail.org
53,Katon Norberg,katon.norberg7tg68q@example.com
54,Olrel Norwood,olrel.norwood9b8o0x@fakemail.org
55,Ellan Norwell,ellan.norwellaf00pc@example.com
56,Panor Sanson,panor.sansonydvl5c@fakemail.org
57,Rasha Norberg,rasha.norbergrzybgp@demo.net
58,Salan Harman,salan.harman6n0yhy@demo.net
59,Bemon Darridge,bemon.darridgemekp6i@demo.net
60,Zasel Norwood,zasel.norwoodjnqlp8@example.com
61,Ralin Sanfield,ralin.sanfielde6k6z9@mail.test
62,Nalan Morley,nalan.morleynfdfzp@mail.test
63,Olria Lenstone,olria.lenstonei0atih@fakemail.org
64,Mavin Belman,mavin.belmanntr273@example.com
65,Olvin Kelwell,olvin.kelwellj0d7qo@demo.net
66,Karel Willey,karel.willeybk16ym@example.com
67,Maria Palson,maria.palson86nvuw@example.com
68,Zabel Wilbrook,zabel.wilbrooksnzmzi@demo.net
69,Mason Vanwell,mason.vanwelldrzf6y@demo.net
70,Ellan Fenstone,ellan.fenstone0d3whr@fakemail.org
71,Pabel Fenley,pabel.fenleymf9jcg@demo.net
72,Vimar Norley,vimar.norleyyrwx35@mail.test
73,Lesel Corfield,lesel.corfieldw54rzy@demo.net
74,Beria Fenwell,beria.fenwellnu8h91@fakemail.org
75,Canor Torton,canor.torton9j5pd2@mail.test
76,Zaton Vanton,zaton.vantondhx4z8@example.com
77,Raden Vanridge,raden.vanridgeyfxfn5@fakemail.org
78,Marel Belson,marel.belsonhrlhma@example.com
79,Lemar Harbrook,lemar.harbrook6o1hux@fakemail.org
80,Bemon Torwell,bemon.torwellfvk2k1@example.com
81,Lerel Sanley,lerel.sanley9cwoj9@example.com
82,Nalan Santon,nalan.santon2xhpnb@demo.net
83,Faron Fenton,faron.fenton410xo0@fakemail.org
84,Elvin Harford,elvin.harford4xdmyx@fakemail.org
85,Pabel Kelman,pabel.kelmanxxv8lk@mail.test
86,Joton Corbrook,joton.corbrook34i6qv@fakemail.org
87,Leden Vanstone,leden.vanstone02m13o@fakemail.org
88,Falan Darridge,falan.darridgea2bjo0@demo.net
89,Tason Vanbrook,tason.vanbrookit9bws@mail.test
90,Zalan Fenhart,zalan.fenhart9xbs72@demo.net
91,Palan Palman,palan.palmang8iihc@mail.test
92,Sabel Kelman,sabel.kelmanqgtnrt@fakemail.org
93,Nalin Palstone,nalin.palstone0dukly@demo.net
94,Dasel Vanman,dasel.vanman3mwofh@fakemail.org
95,Beson Fenstone,beson.fenstonecwyosg@fakemail.org
96,Favin Dalfield,favin.dalfield5wd1zw@fakemail.org
97,Pason Dalson,pason.dalsonr4r06n@example.com
98,Taton Morson,taton.morsonxend30@example.com
99,Masel Corbrook,masel.corbrook0hzobr@fakemail.org
100,Alden Wilford,alden.wilford6m4sna@demo.net
101,Olmon Harwood,olmon.harwoodq9hgkq@fakemail.org
102,Karel Morley,karel.morleyza4n31@demo.net
103,Elbel Norton,elbel.nortonnkdn58@demo.net
104,Raden Torman,raden.tormangq3xq1@mail.test
105,Daden Harhart,daden.harhartafsi0b@mail.test
106,Saton Fenbrook,saton.fenbrookqohhft@demo.net
107,Ravin Wilridge,ravin.wilridgera864x@demo.net
108,Samar Kelley,samar.kelley6q5ozn@mail.test
109,Naden Norstone,naden.norstone6wfzar@demo.net
110,Jomon Norwell,jomon.norwellccoos0@fakemail.org
111,Leria Harman,leria.harmane5bzch@fakemail.org
112,Olrel Wilhart,olrel.wilhartgwbbep@mail.test
113,Kason Corson,kason.corsonpvn1sl@fakemail.org
114,Joson Belman,joson.belman828o6o@demo.net
115,Elsel Wilwell,elsel.wilwell2n4env@demo.net
116,Josha Willey,josha.willeyw2pdj8@example.com
117,Jorel Sanridge,jorel.sanridge83x4nc@example.com
118,Zabel Dalford,zabel.dalfordakebyq@fakemail.org
119,Faton Corstone,faton.corstoneokys7o@example.com
120,Levin Morwell,levin.morwellsn5vc4@fakemail.org
121,Famon Harton,famon.hartony259bo@demo.net
122,Joria Belwell,joria.belwell49dpmh@mail.test
123,Jomon Corwell,jomon.corwellihg8aw@example.com
124,Beden Palridge,beden.palridge7adreb@mail.test
125,Olnor Vanridge,olnor.vanridgeqq21zy@example.com
126,Besha Harbrook,besha.harbrooklp2qc9@example.com
127,Jomon Dalhart,jomon.dalhartagxw8y@mail.test
128,Karon Dalford,karon.dalfordl0ifzt@mail.test
129,Zarel Kelman,zarel.kelmanp1kr8c@mail.test
130,Naron Vanwood,naron.vanwood7ax0el@example.com
131,Maria Torton,maria.tortonr7pzhb@demo.net
132,Sasha Morson,sasha.morsonqqxc2w@example.com
133,Daden Morman,daden.mormangxvxk3@demo.net
134,Saria Dalson,saria.dalsont2p0oc@example.com
135,Olmon Kelley,olmon.kelley5r5f08@fakemail.org
136,Olvin Harbrook,olvin.harbrook1u7lic@mail.test
137,Paton Torfield,paton.torfieldoldcz5@demo.net
138,Vilin Vanberg,vilin.vanberg43terl@fakemail.org
139,Joron Wilberg,joron.wilbergmfehbm@demo.net
140,Rasha Morberg,rasha.morberga3ob81@mail.test
141,Bemon Torfield,bemon.torfieldjsy9x3@mail.test
142,Sason Lenwell,sason.lenwellce72cb@example.com
143,Sason Norton,sason.norton7c8bq1@mail.test
144,Bemar Lenwood,bemar.lenwoodtgiv6v@demo.net
145,Elnor Dalwood,elnor.dalwoodak3how@example.com
146,Tabel Vanhart,tabel.vanharterr796@mail.test
147,Beria Sanfield,beria.sanfieldnjyrob@demo.net
148,Zasha Palhart,zasha.palharta8wzah@fakemail.org
149,Jobel Norstone,jobel.norstone5np4tf@mail.test
150,Caden Santon,caden.santonlz5do2@fakemail.org
151,Lelin Kelman,lelin.kelmanzv1pix@demo.net
152,Naron Palwood,naron.palwoode2r9uu@fakemail.org
153,Zasha Fenford,zasha.fenfordoj2p7x@mail.test
154,Almar Kelson,almar.kelsonn2toiw@mail.test
155,Elson Torwell,elson.torwellhd5zpx@demo.net
156,Namar Morberg,namar.morbergzb0z25@demo.net
157,Allin Norley,allin.norleydj4brh@demo.net
158,Tasel Kelstone,tasel.kelstoneysmv2m@fakemail.org
159,Salin Wilstone,salin.wilstoney1p8we@mail.test
160,Olsel Harton,olsel.hartono63ot8@demo.net
161,Falan Norwood,falan.norwoodr202kk@demo.net
162,Narel Torwood,narel.torwoodvxworp@mail.test
163,Carel Lenford,carel.lenfordwo31ax@mail.test
164,Paria Lenstone,paria.lenstonex4rqmy@mail.test
165,Jovin Lenson,jovin.lensonn0nec7@mail.test
166,Nanor Wilridge,nanor.wilridge34xx4f@example.com
167,Caria Wilberg,caria.wilbergvnyphb@demo.net
168,Kasel Corson,kasel.corson7r3371@demo.net
169,Vibel Torford,vibel.torfordti9fwp@demo.net
170,Fanor Dalman,fanor.dalman4rwfya@fakemail.org
171,Olsha Fenford,olsha.fenfordqxgg6v@example.com
172,Olvin Morton,olvin.morton3jaxqu@fakemail.org
173,Dasel Sanbrook,dasel.sanbrookc9ybx6@mail.test
174,Malan Corfield,malan.corfieldlb8dl8@example.com
175,Elden Dalwood,elden.dalwood2vnl9c@example.com
176,Taron Lenson,taron.lensone26g08@fakemail.org
177,Jolin Belford,jolin.belford9grjd9@demo.net
178,Kasel Fenwood,kasel.fenwood8ch4jv@example.com
179,Olden Torman,olden.tormanunt5m5@demo.net
180,Allan Vanman,allan.vanman6xvirv@mail.test
181,Zaron Morberg,zaron.morberg3etpdy@demo.net
182,Jomon Palley,jomon.palleyb09oa8@demo.net
183,Olmar Wilford,olmar.wilfordz69gkp@example.com
184,Sasha Palley,sasha.palley19wvml@demo.net
185,Elden Darman,elden.darmandbe7kq@demo.net
186,Masha Belwood,masha.belwoodenf7xw@fakemail.org
187,Pamar Kelman,pamar.kelmanj6l79j@mail.test
188,Tamon Belford,tamon.belford4wbxkt@example.com
189,Alnor Fenberg,alnor.fenbergze2ho9@demo.net
190,Daton Torley,daton.torleyyojpsu@fakemail.org
191,Belan Lenford,belan.lenford161aii@mail.test
192,Leria Norwell,leria.norwellk5d9f5@demo.net
193,Olbel Fenhart,olbel.fenhartw9d5u2@fakemail.org
194,Lemar Morley,lemar.morleybgf4ow@demo.net
195,Olden Wilford,olden.wilforddh6nv8@demo.net
196,Joson Morbrook,joson.morbrookb5zbjn@demo.net
197,Elron Morbrook,elron.morbrooketufrd@fakemail.org
198,Taria Lenbrook,taria.lenbrook1saya4@example.com
199,Saton Vanridge,saton.vanridgefe2b81@fakemail.org
200,Olson Kelridge,olson.kelridge9aimw1@mail.test
201,Olvin Darberg,olvin.darberggvz0b3@demo.net
202,Rasha Torridge,rasha.torridgescby9x@mail.test
203,Sanor Palman,sanor.palmanhkslsn@demo.net
204,Samar Norford,samar.norford5hv5e5@demo.net
205,Cason Kelridge,cason.kelridgeq35tyy@mail.test
206,Rasha Norley,rasha.norleyvvoju7@example.com
207,Falin Kelfield,falin.kelfield2xx7zl@fakemail.org
208,Jolin Morbrook,jolin.morbrook8e6ggb@mail.test
209,Pason Corson,pason.corsonol93qb@mail.test
210,Faron Belridge,faron.belridge3tht1l@example.com
211,Vimar Lenman,vimar.lenman4ao915@mail.test
212,Zaria Lenberg,zaria.lenbergup7zng@mail.test
213,Faton Belridge,faton.belridgee45etc@mail.test
214,Caria Palridge,caria.palridgezy3d4u@fakemail.org
215,Olton Fenwood,olton.fenwoodr7ula3@demo.net
216,Camon Kelfield,camon.kelfieldm1wwk6@fakemail.org
217,Nanor Vanwood,nanor.vanwoodh19gk9@fakemail.org
218,Kason Dalman,kason.dalman9h84pu@demo.net
219,Rason Belman,rason.belmanhveeoa@example.com
220,Jomon Darwood,jomon.darwoodyl76jw@mail.test
221,Belin Palson,belin.palsonn9ooxa@mail.test
222,Falan Norfield,falan.norfield5atwvl@mail.test
223,Allin Norberg,allin.norbergrp8apa@mail.test
224,Zaton Torstone,zaton.torstone5izoam@demo.net
225,Olvin Palfield,olvin.palfieldb7je2w@example.com
226,Kason Sanley,kason.sanley44g8mb@demo.net
227,Nalin Morhart,nalin.morharttuzm5n@example.com
228,Sabel Sanbrook,sabel.sanbrooksmhum7@fakemail.org
229,Viria Corton,viria.cortonpq67xw@fakemail.org
230,Olrel Morbrook,olrel.morbrookc2mqyc@fakemail.org
231,Bemon Vanridge,bemon.vanridge6vcvwx@example.com
232,Paria Corstone,paria.corstoneae3usy@example.com
233,Caria Belbrook,caria.belbrooklakeqh@example.com
234,Daria Vanbrook,daria.vanbrookiohs6w@fakemail.org
235,Ollan Morberg,ollan.morbergzlr8r5@fakemail.org
236,Faria Palley,faria.palleydwcmeh@demo.net
237,Jobel Darstone,jobel.darstonewvfeqz@mail.test
238,Zasel Fenman,zasel.fenmanr7npvv@fakemail.org
239,Zarel Harbrook,zarel.harbrooke6nscq@demo.net
240,Namar Lenfield,namar.lenfieldkzxmrt@demo.net
241,Zaron Torson,zaron.torsonx6781h@mail.test
242,Alton Belstone,alton.belstonewd603y@mail.test
243,Visha Fenson,visha.fensonal3c1k@demo.net
244,Zaron Morley,zaron.morleyy7f6ut@example.com
245,Dason Norhart,dason.norhartcxd96w@demo.net
246,Kamar Harberg,kamar.harbergo1q22z@mail.test
247,Damar Vanwell,damar.vanwellxv6w0h@fakemail.org
248,Leton Dalman,leton.dalmanoie1gr@demo.net
249,Mavin Lenwood,mavin.lenwood0jmdyv@mail.test
250,Tasha Fenford,tasha.fenfordsqe239@demo.net
251,Nasha Vanman,nasha.vanman5c5pac@fakemail.org
252,Casha Vanberg,casha.vanbergemuhtp@fakemail.org
253,Nasha Belfield,nasha.belfieldysaqn9@mail.test
254,Cason Morfield,cason.morfieldd3jbhh@mail.test
255,Elson Palley,elson.palleyl25r1o@mail.test
256,Casel Lenman,casel.lenman9na7uw@fakemail.org
257,Sason Darwood,sason.darwoodg5rj4r@example.com
258,Viden Harhart,viden.harhartlkje6a@example.com
259,Beron Morstone,beron.morstone1c7w1c@mail.test
260,Daron Palton,daron.palton0x72jb@mail.test
261,Viria Palwood,viria.palwoodfdz1x7@demo.net
262,Ollan Vanfield,ollan.vanfield1agjs3@mail.test
263,Belin Torton,belin.tortonyrk1f6@mail.test
264,Kanor Fenman,kanor.fenmangbvhh2@example.com
265,Nason Sanfield,nason.sanfieldemz3oz@example.com
266,Nason Corwell,nason.corwell9nc7fg@mail.test
267,Olmon Morbrook,olmon.morbrooku8ur97@fakemail.org
268,Jonor Belman,jonor.belmanzzzouv@demo.net
269,Rasel Kelhart,rasel.kelhart8teysl@mail.test
270,Jorel Wilton,jorel.wilton9j0ho5@demo.net
271,Olsel Torstone,olsel.torstoneoxxlyk@fakemail.org
272,Falin Torstone,falin.torstone22cq2g@mail.test
273,Palin Santon,palin.santoncq0stz@demo.net
274,Benor Darwell,benor.darwellklqn47@demo.net
275,Nanor Sanford,nanor.sanford22xl5w@example.com
276,Daton Belford,daton.belfordw9jzye@example.com
277,Lebel Harhart,lebel.harhartki9miz@demo.net
278,Narel Wilberg,narel.wilbergfjotdy@fakemail.org
279,Olbel Belford,olbel.belford6un8ln@demo.net
280,Rarel Harman,rarel.harmanpohz1m@example.com
281,Mamon Vanstone,mamon.vanstoneyzmg9x@fakemail.org
282,Palan Morfield,palan.morfieldxpma45@mail.test
283,Faron Vanridge,faron.vanridgegcgirp@demo.net
284,Beron Dalstone,beron.dalstone840bnz@example.com
285,Leron Belbrook,leron.belbrook8mcpib@example.com
286,Canor Vanbrook,canor.vanbrookiyt267@fakemail.org
287,Zaria Morberg,zaria.morbergxtinsi@mail.test
288,Jomon Dalfield,jomon.dalfieldw7uqfb@example.com
289,Lelin Fenfield,lelin.fenfieldo62p5i@fakemail.org
290,Levin Harton,levin.hartonw02tqg@fakemail.org
291,Olria Morton,olria.mortontqad3w@demo.net
292,Mamar Sanson,mamar.sansoncqt83v@fakemail.org
293,Saron Morson,saron.morsonf8cus4@demo.net
294,Paden Fenridge,paden.fenridge7u8sd8@demo.net
295,Kasha Vanton,kasha.vantonrrew6q@mail.test
296,Beton Palstone,beton.palstoneeqbmbh@example.com
297,Ralin Torton,ralin.tortonjvxjzt@fakemail.org
298,Jorel Harton,jorel.hartongt9i64@example.com
299,Jomon Dalwell,jomon.dalwell3dfew8@demo.net
300,Beson Kelton,beson.keltonsw2c3f@fakemail.org
301,Darel Corford,darel.corfordnh4wqy@fakemail.org
302,Zabel Kelberg,zabel.kelbergyzbfhz@example.com
303,Elrel Wilman,elrel.wilmanzit85d@fakemail.org
304,Zamon Norridge,zamon.norridgeg1z22a@fakemail.org
305,Casel Norton,casel.norton0jbd2z@fakemail.org
306,Albel Corhart,albel.corhartf45eb2@fakemail.org
307,Fasel Kelberg,fasel.kelbergj62ov6@example.com
308,Naden Dalridge,naden.dalridgemtm95f@example.com
309,Kaden Belstone,kaden.belstonex6uatr@fakemail.org
310,Viron Norstone,viron.norstoneg91liw@fakemail.org
311,Olmar Norton,olmar.norton1jaqjm@example.com
312,Lerel Belford,lerel.belfordmv9v07@demo.net
313,Tamar Norhart,tamar.norhartxdp21t@fakemail.org
314,Bemon Vanton,bemon.vantonc4nphu@demo.net
315,Cavin Harridge,cavin.harridgedz6ayd@fakemail.org
316,Elden Dalfield,elden.dalfield3q3um0@demo.net
317,Paria Torton,paria.tortonl9zz4v@fakemail.org
318,Ramar Wilwood,ramar.wilwoodcifjot@example.com
319,Lesel Torley,lesel.torley6wsxwv@example.com
320,Lelin Santon,lelin.santonsuml1l@fakemail.org
321,Vimar Fenstone,vimar.fenstonetkal8b@demo.net
322,Raron Norton,raron.norton9mwa8b@mail.test
323,Malan Palwell,malan.palwellofmxp4@mail.test
324,Manor Norman,manor.normanlyh15l@example.com
325,Tasha Wilridge,tasha.wilridgervsbam@mail.test
326,Elmon Torberg,elmon.torbergo1rs3l@mail.test
327,Masha Morwood,masha.morwoodykobc7@example.com
328,Olton Kelridge,olton.kelridgearaouy@fakemail.org
329,Salan Belford,salan.belford3mgj7d@fakemail.org
330,Jovin Belford,jovin.belfordsbgj6s@fakemail.org
331,Zavin Fenridge,zavin.fenridgeqhoq3i@fakemail.org
332,Joson Norford,joson.norfordc82wca@demo.net
333,Beson Fenwood,beson.fenwooddc86y4@fakemail.org
334,Vibel Dalberg,vibel.dalberg1gwsfl@mail.test
335,Karon Kelstone,karon.kelstone1w6yx6@fakemail.org
336,Olton Morhart,olton.morharthrwlx7@mail.test
337,Alton Sanberg,alton.sanbergtfd2at@fakemail.org
338,Pabel Morstone,pabel.morstonecc0qgf@demo.net
339,Jorel Fenberg,jorel.fenberg7r3xo5@example.com
340,Faron Torwell,faron.torwellbpzjqx@fakemail.org
341,Malan Lenton,malan.lenton9f5zr6@example.com
342,Davin Palbrook,davin.palbrookin03x7@demo.net
343,Vilin Vanwood,vilin.vanwoodbdx3az@mail.test
344,Belin Torson,belin.torson3gqymh@fakemail.org
345,Viria Lenton,viria.lentono2qree@demo.net
346,Tamar Wilstone,tamar.wilstonehmm3h3@fakemail.org
347,Virel Harwood,virel.harwood0v7bzv@mail.test
348,Sasel Wilford,sasel.wilfords1xa0m@example.com
349,Taria Fenwell,taria.fenwellir4w4l@mail.test
350,Olron Fenbrook,olron.fenbrookzsk675@mail.test
351,Zalan Vanton,zalan.vantonzj861m@fakemail.org
352,Bebel Norson,bebel.norson2vvgu3@mail.test
353,Fason Morwell,fason.morwellfqidul@demo.net
354,Caton Vanhart,caton.vanhartuu9tx1@fakemail.org
355,Falan Norson,falan.norsonk02j6t@mail.test
356,Paden Santon,paden.santonhkmix3@example.com
357,Mabel Lenstone,mabel.lenstoneo0rq2r@demo.net
358,Belin Belman,belin.belmanrmxexq@demo.net
359,Jorel Kelman,jorel.kelmanjp2fh6@example.com
360,Leria Dalhart,leria.dalhart6wjtim@example.com
361,Nanor Corton,nanor.cortonjug2kr@demo.net
362,Olvin Morson,olvin.morsoncjcjcx@example.com
363,Zasel Torberg,zasel.torberg7p7ozb@demo.net
364,Olbel Wilson,olbel.wilsonpsl73n@fakemail.org
365,Bemar Fenford,bemar.fenfordm3ecgh@fakemail.org
366,Ellin Darberg,ellin.darberggxnnhm@fakemail.org
367,Paria Harley,paria.harley4e461d@demo.net
368,Ranor Sanberg,ranor.sanbergupou3u@example.com
369,Elton Wilbrook,elton.wilbrook6nim80@mail.test
370,Karia Morwood,karia.morwoodj2cga6@fakemail.org
371,Olrel Fenford,olrel.fenfordue1ly7@demo.net
372,Paron Wilford,paron.wilfordcxx9uq@mail.test
373,Ellin Vanson,ellin.vansonz0ubxu@demo.net
374,Samar Norbrook,samar.norbrookry4we5@example.com
375,Ravin Darman,ravin.darmanti14um@fakemail.org
376,Palan Dalwood,palan.dalwoodwqey3p@fakemail.org
377,Karel Torbrook,karel.torbrookfctl3n@fakemail.org
378,Namar Palford,namar.palforduymopn@demo.net
379,Tamar Corberg,tamar.corberg1nqp7l@example.com
380,Nason Darwood,nason.darwood0efk21@fakemail.org
381,Katon Harson,katon.harsonykvo40@mail.test
382,Mason Norton,mason.norton6pvpz7@example.com
383,Faton Harley,faton.harleym9twej@example.com
384,Camar Sanfield,camar.sanfieldufgz1s@example.com
385,Viria Kelhart,viria.kelhartihpw1l@example.com
386,Lelin Norley,lelin.norleyn5d6z5@example.com
387,Alson Sanhart,alson.sanhartm5xjsk@demo.net
388,Saron Corberg,saron.corbergg1oatm@demo.net
389,Zasel Kelridge,zasel.kelridgectyd51@demo.net
390,Kabel Torridge,kabel.torridgevg1m37@fakemail.org
391,Taron Darberg,taron.darbergbu7tzz@mail.test
392,Samon Santon,samon.santon1nqksi@mail.test
393,Pasel Belridge,pasel.belridgeysaacz@mail.test
394,Lerel Dalman,lerel.dalmanjtcry7@mail.test
395,Zasel Dalson,zasel.dalson6fyhh5@demo.net
396,Damon Norman,damon.norman9go0xv@fakemail.org
397,Elton Torford,elton.torfordd90qwh@example.com
398,Parel Harhart,parel.harhartbcnxup@example.com
399,Tarel Belridge,tarel.belridgen1lhjy@demo.net
400,Tabel Harton,tabel.hartonzu0axh@demo.net
401,Zalan Corford,zalan.corforday7v2i@fakemail.org
402,Tasha Dalfield,tasha.dalfieldk2a4im@demo.net
403,Karel Fenford,karel.fenfordq17j3g@example.com
404,Joria Harwood,joria.harwoodjotmbt@example.com
405,Jolin Darton,jolin.dartonl1ekf1@demo.net
406,Sasel Fenberg,sasel.fenbergag23in@mail.test
407,Besha Palbrook,besha.palbrookacbbfk@example.com
408,Katon Palson,katon.palsonmyev8n@example.com
409,Elsha Torfield,elsha.torfieldhydo8q@mail.test
410,Elron Morhart,elron.morhartwbmftb@fakemail.org
411,Zamar Harton,zamar.hartonrric9p@mail.test
412,Ramar Belridge,ramar.belridgeedzima@mail.test
413,Falin Morhart,falin.morhartng1sfm@example.com
414,Vinor Belwell,vinor.belwellhw91hq@example.com
415,Pamar Fenbrook,pamar.fenbrookq9iq89@example.com
416,Kanor Morley,kanor.morley0ty92s@demo.net
417,Mabel Torson,mabel.torsongwtgc2@mail.test
418,Lelan Belford,lelan.belford0a9bpm@fakemail.org
419,Malin Darberg,malin.darberga2fixr@mail.test
420,Kason Harson,kason.harson9gn305@demo.net
421,Maria Palton,maria.paltonvpg0n5@fakemail.org
422,Elria Fenton,elria.fentonwirg4x@fakemail.org
423,Visel Kelwood,visel.kelwoodzxq7mx@fakemail.org
424,Fabel Kelberg,fabel.kelbergwjd7fc@mail.test
425,Dalan Sanwell,dalan.sanwellvps7br@mail.test
426,Alvin Wilhart,alvin.wilhart0ifu83@mail.test
427,Vison Palson,vison.palsons3ipia@demo.net
428,Vimon Torfield,vimon.torfieldiwfcd5@mail.test
429,Tason Morson,tason.morson9kedau@example.com
430,Saria Norford,saria.norford0qufd0@demo.net
431,Daria Sanridge,daria.sanridgep43xox@demo.net
432,Jolin Norwell,jolin.norwellxcehzv@example.com
433,Kabel Dalwood,kabel.dalwood26kut5@demo.net
434,Falin Belbrook,falin.belbrookrucks5@mail.test
435,Benor Kelford,benor.kelfordziqlpx@example.com
436,Almon Belstone,almon.belstone2i40ct@demo.net
437,Elton Vanhart,elton.vanhartbjiew4@fakemail.org
438,Josel Norridge,josel.norridgea9y19e@demo.net
439,Zaden Dalbrook,zaden.dalbrook1jdfew@demo.net
440,Calan Corley,calan.corley91qc41@fakemail.org
441,Taron Fenberg,taron.fenberga2lqgw@fakemail.org
442,Calan Harstone,calan.harstone3rzn4k@example.com
443,Palin Corley,palin.corleymyh8wz@fakemail.org
444,Olson Torhart,olson.torhart90kuwq@mail.test
445,Jorel Morfield,jorel.morfieldl364tc@mail.test
446,Visel Lenbrook,visel.lenbrookystshd@mail.test
447,Kabel Palley,kabel.palleyle9rhr@fakemail.org
448,Kalan Fenbrook,kalan.fenbrookqvyh5y@demo.net
449,Beron Dalwood,beron.dalwoodm4s3ob@mail.test
450,Carel Belson,carel.belsonybij6s@fakemail.org
451,Paden Sanwood,paden.sanwoodmzhgpw@mail.test
452,Olbel Wilbrook,olbel.wilbrookejy5i3@mail.test
453,Caron Kelton,caron.keltona9lsqy@example.com
454,Lenor Wilridge,lenor.wilridge5lh7kn@fakemail.org
455,Dalan Morridge,dalan.morridgecc4hr8@fakemail.org
456,Olrel Fenbrook,olrel.fenbrook2gc18e@mail.test
457,Lelin Norfield,lelin.norfieldm69nxp@mail.test
458,Jolin Lenwell,jolin.lenwellzsxrja@example.com
459,Rason Wilbrook,rason.wilbrookqgh6cj@fakemail.org
460,Saton Dalwood,saton.dalwoodz37spn@mail.test
461,Sanor Vanton,sanor.vantono14vzd@mail.test
462,Carel Lenwell,carel.lenwell8wb8p8@mail.test
463,Olson Palson,olson.palsonr8toj1@demo.net
464,Caria Belridge,caria.belridgeht7dtl@example.com
465,Elmar Belley,elmar.belley1sk3hb@example.com
466,Kabel Morwood,kabel.morwoodvzatc5@fakemail.org
467,Malan Corwell,malan.corwellulv5sc@demo.net
468,Vilan Sanson,vilan.sansonrro0xo@demo.net
469,Rabel Kelbrook,rabel.kelbrooki5yasu@mail.test
470,Caria Morton,caria.mortonm2ugyl@fakemail.org
471,Samon Harbrook,samon.harbrook5d42y3@fakemail.org
472,Lenor Sanford,lenor.sanford2xxdmm@fakemail.org
473,Talan Darhart,talan.darhartxr0so5@fakemail.org
474,Lerel Torson,lerel.torsonrlraoy@fakemail.org
475,Ranor Torford,ranor.torfordem3n2s@fakemail.org
476,Vimon Sanberg,vimon.sanbergb483af@example.com
477,Caron Kelstone,caron.kelstonem1vyvg@demo.net
478,Zarel Lenstone,zarel.lenstonefbdhri@fakemail.org
479,Pabel Lenman,pabel.lenmanz6tc5r@demo.net
480,Savin Fenbrook,savin.fenbrook7f02hm@demo.net
481,Cabel Palstone,cabel.palstoneipqor9@fakemail.org
482,Palin Corwell,palin.corwelleoezn9@fakemail.org
483,Daton Harhart,daton.harhartp89420@mail.test
484,Jolin Lenstone,jolin.lenstonercz9n4@example.com
485,Paton Palson,paton.palsonqry6yf@mail.test
486,Tamar Norwell,tamar.norwellg6y8e3@fakemail.org
487,Jovin Torson,jovin.torson5flmw5@demo.net
488,Elria Morberg,elria.morbergyzuzg8@fakemail.org
489,Elron Darstone,elron.darstone8rxm8a@mail.test
490,Naria Vanberg,naria.vanberg9qggo7@demo.net
491,Sason Harford,sason.harford0xe0h9@example.com
492,Pabel Lenson,pabel.lensonw1077s@example.com
493,Taton Torberg,taton.torberg79h6o3@demo.net
494,Josel Norson,josel.norson0tlspq@example.com
495,Kavin Kelhart,kavin.kelhart9cvv0b@example.com
496,Pamon Vanhart,pamon.vanhart7sn6a7@mail.test
497,Nason Fenton,nason.fentonbb3hdv@demo.net
498,Cabel Sanbrook,cabel.sanbrookc8nxs7@fakemail.org
499,Tason Sanman,tason.sanmanrw7xgo@example.com
500,Olden Kelhart,olden.kelhart4yqqf9@mail.test
501,Caton Vanbrook,caton.vanbrookbm25wa@example.com
502,Saria Fenwood,saria.fenwoodbaqyq7@example.com
503,Zason Kelton,zason.keltonfke747@mail.test
504,Viton Darwood,viton.darwoodzyeoui@example.com
505,Joria Wilman,joria.wilmangzb1fk@demo.net
506,Sasel Vanstone,sasel.vanstonesnv38q@example.com
507,Ramon Corton,ramon.cortonlv7uel@mail.test
508,Lemon Kelman,lemon.kelman2xi9jz@demo.net
509,Tabel Belley,tabel.belleyip6snx@demo.net
510,Nasel Torwell,nasel.torwell8aj44a@mail.test
511,Vison Sanford,vison.sanfordpstkwq@fakemail.org
512,Lesha Dalridge,lesha.dalridgehjuzfa@demo.net
513,Jomon Wilman,jomon.wilmanw8t73b@demo.net
514,Olnor Darstone,olnor.darstonejrq3gf@mail.test
515,Belan Fenman,belan.fenmanhibu03@example.com
516,Elvin Darstone,elvin.darstonerk0cyo@fakemail.org
517,Jomar Sanhart,jomar.sanhartabupcu@demo.net
518,Namon Fenberg,namon.fenberg1ikfhz@fakemail.org
519,Olden Norfield,olden.norfieldt7g450@demo.net
520,Camar Sanstone,camar.sanstonejjkg86@fakemail.org
521,Alrel Corstone,alrel.corstonecdw0xk@mail.test
522,Caden Fenwood,caden.fenwoodqa824q@fakemail.org
523,Ramon Fenley,ramon.fenleyitrtdt@mail.test
524,Cason Sanwood,cason.sanwood5zsg2a@example.com
525,Vilin Palson,vilin.palsonr2zkh0@example.com
526,Taton Norridge,taton.norridgemb3vhw@example.com
527,Sabel Lenwell,sabel.lenwellirhyf4@demo.net
528,Zalin Harwood,zalin.harwood9gcfi0@fakemail.org
529,Camon Harridge,camon.harridgef48xlo@fakemail.org
530,Casha Harfield,casha.harfield98gddw@demo.net
531,Rarel Norton,rarel.norton3hbkke@mail.test
532,Allan Norstone,allan.norstonex7gcth@fakemail.org
533,Nasha Lenson,nasha.lenson312zzj@fakemail.org
534,Manor Kelford,manor.kelfordrdqg81@mail.test
535,Jorel Harwood,jorel.harwoodqjppgz@fakemail.org
536,Dabel Darridge,dabel.darridgemjn7ti@demo.net
537,Jomar Dalstone,jomar.dalstonemhxnfe@example.com
538,Narel Fenley,narel.fenleytrnn2i@demo.net
539,Tamon Belton,tamon.beltonjx8nuw@fakemail.org
540,Samar Vanstone,samar.vanstoneb377ap@mail.test
541,Daden Fenberg,daden.fenbergl1bzs1@demo.net
542,Ralan Dalwood,ralan.dalwoodhd6zez@fakemail.org
543,Nalan Norwood,nalan.norwoodgl8yu4@demo.net
544,Daria Lenhart,daria.lenhartz321s8@fakemail.org
545,Famar Norley,famar.norleyn7yez4@fakemail.org
546,Mavin Norridge,mavin.norridgerebfc3@fakemail.org
547,Falan Willey,falan.willeyhzyilt@mail.test
548,Falin Harfield,falin.harfield5efs03@demo.net
549,Davin Vanwood,davin.vanwood5jkx35@example.com
550,Zaron Torbrook,zaron.torbrook2welf0@demo.net
551,Vivin Sanman,vivin.sanman2hz9pl@demo.net
552,Davin Wilridge,davin.wilridge737nyz@demo.net
553,Viden Sanbrook,viden.sanbrooky9kzsw@fakemail.org
554,Besha Sanridge,besha.sanridgeinbg6k@demo.net
555,Mavin Palstone,mavin.palstonehznlxs@fakemail.org
556,Faton Morwell,faton.morwell1i4kbt@example.com
557,Ramon Dalbrook,ramon.dalbrookgvzp4y@example.com
558,Jomar Torfield,jomar.torfielddlsfhx@example.com
559,Dasha Sanberg,dasha.sanbergta1i8d@mail.test
560,Olsha Lenley,olsha.lenleyek8y5x@demo.net
561,Kamar Wilbrook,kamar.wilbrook09hfqu@example.com
562,Viron Norridge,viron.norridgeiws4ti@demo.net
563,Viria Belridge,viria.belridgep6uzox@mail.test
564,Albel Sanridge,albel.sanridgeo30aq2@fakemail.org
565,Fason Lenson,fason.lensonc3uq22@example.com
566,Leria Belberg,leria.belberg7i6kx9@demo.net
567,Carel Palridge,carel.palridgeoqm27g@mail.test
568,Saria Fenson,saria.fensont1ce17@demo.net
569,Fasel Sanford,fasel.sanfordy00hl6@fakemail.org
570,Lelan Kelton,lelan.keltono7j5rb@example.com
571,Olsel Vanhart,olsel.vanhart9b3rs4@demo.net
572,Tarel Fenhart,tarel.fenhartpwutuk@demo.net
573,Almar Wilwell,almar.wilwellldiy03@demo.net
574,Fason Vanwell,fason.vanwellmgum2d@mail.test
575,Lemar Torfield,lemar.torfieldbaej9t@example.com
576,Nalin Belton,nalin.beltond7p56e@example.com
577,Kasha Palbrook,kasha.palbrooksxd1mh@demo.net
578,Sabel Torfield,sabel.torfieldz1unma@mail.test
579,Kaden Lenley,kaden.lenleyf7kljf@fakemail.org
580,Saria Torbrook,saria.torbrookw8brsv@demo.net
581,Ralin Fenley,ralin.fenleyhjmah6@fakemail.org
582,Alron Belridge,alron.belridgemi7woy@fakemail.org
583,Paden Corman,paden.corman3klrj6@example.com
584,Marel Kelhart,marel.kelhartctbkst@example.com
585,Beron Vanridge,beron.vanridge2z5x65@mail.test
586,Vinor Morman,vinor.morman1jejak@demo.net
587,Elron Darson,elron.darsonf2ordo@mail.test
588,Rarel Vanhart,rarel.vanhartg8yntf@demo.net
589,Calan Vanwood,calan.vanwoodmt7tj4@demo.net
590,Parel Dalson,parel.dalsonqs5eqf@mail.test
591,Fabel Darridge,fabel.darridgegj9j1m@mail.test
592,Olria Corford,olria.corford3nrmgt@example.com
593,Kasel Norridge,kasel.norridge16sdom@mail.test
594,Bevin Palhart,bevin.palhartm6nj6h@example.com
595,Taron Corford,taron.corfordwxnzkh@demo.net
596,Joria Norbrook,joria.norbrook4urp6f@demo.net
597,Sarel Morson,sarel.morson1jnpv4@fakemail.org
598,Naton Harwood,naton.harwoodh4o5gc@demo.net
599,Fasel Corson,fasel.corsonxhfsq2@demo.net
600,Naron Sanson,naron.sansonw150sh@fakemail.org
601,Nasel Torbrook,nasel.torbrookz8t3w0@mail.test
602,Naria Morton,naria.mortonaairdn@demo.net
603,Katon Wilson,katon.wilsonk2dy8m@mail.test
604,Olsha Darridge,olsha.darridgerzxyvw@fakemail.org
605,Saria Fenton,saria.fentoniag9x8@fakemail.org
606,Bebel Fenford,bebel.fenford4vq0pc@example.com
607,Panor Palhart,panor.palhartocxn1x@fakemail.org
608,Nasha Palford,nasha.palfordtcnpwc@demo.net
609,Raria Norton,raria.norton5ws0v2@fakemail.org
610,Elden Sanford,elden.sanford9c396s@example.com
611,Parel Belford,parel.belfordqisg1w@example.com
612,Kamar Darridge,kamar.darridgew65nxs@mail.test
613,Bemon Palson,bemon.palsonl14nn1@example.com
614,Falan Torberg,falan.torbergidj6qi@mail.test
615,Olbel Morford,olbel.morforduj9qhd@demo.net
616,Bevin Fenford,bevin.fenford9m5dht@example.com
617,Falin Palton,falin.paltonh1me5w@example.com
618,Zanor Wilbrook,zanor.wilbrookfxonx5@example.com
619,Jolin Harman,jolin.harmanddrc31@example.com
620,Fason Darford,fason.darfordljac9g@mail.test
621,Olron Harbrook,olron.harbrook9lbuzq@demo.net
622,Maria Kelson,maria.kelsonr915tt@mail.test
623,Vison Dalhart,vison.dalhartnh3st9@mail.test
624,Benor Wilstone,benor.wilstonefswq15@demo.net
625,Kasha Palwood,kasha.palwoodfeu0u4@mail.test
626,Maron Harfield,maron.harfieldcznpv9@fakemail.org
627,Mavin Torley,mavin.torleygh6ufx@fakemail.org
628,Olbel Palley,olbel.palleysddqrf@fakemail.org
629,Parel Vanwell,parel.vanwell3z7kgk@demo.net
630,Mabel Norfield,mabel.norfieldn57dfq@demo.net
631,Elvin Harfield,elvin.harfieldvpgbdl@example.com
632,Joden Dalstone,joden.dalstoneacpzcu@mail.test
633,Tanor Vanfield,tanor.vanfieldpsrc1z@fakemail.org
634,Elrel Lenhart,elrel.lenharto2kq5k@fakemail.org
635,Joron Palford,joron.palford4d02b9@mail.test
636,Kalan Corstone,kalan.corstonekwh20d@demo.net
637,Zalin Sanstone,zalin.sanstonecznppt@fakemail.org
638,Pasha Wilhart,pasha.wilhart3nqmts@mail.test
639,Jomar Corridge,jomar.corridgeunvjjk@demo.net
640,Kanor Sanford,kanor.sanfordsm5e8r@example.com
641,Zalan Norstone,zalan.norstonesx1u6n@fakemail.org
642,Zasha Torford,zasha.torfordktwbt2@fakemail.org
643,Parel Darton,parel.dartonovdm4u@example.com
644,Dasel Palberg,dasel.palbergnkfhhe@demo.net
645,Talan Lenridge,talan.lenridgexswsks@example.com
646,Camar Belridge,camar.belridgebiekmg@demo.net
647,Kason Lenberg,kason.lenbergd49fl7@example.com
648,Bebel Willey,bebel.willeyrg5h8b@fakemail.org
649,Ravin Fenbrook,ravin.fenbrookp1wj4m@fakemail.org
650,Ellan Belwell,ellan.belwelll8o7sf@demo.net
651,Mamar Norhart,mamar.norhart9rphm6@example.com
652,Pasel Kelwell,pasel.kelwellqfztob@fakemail.org
653,Zaton Corfield,zaton.corfieldprxlh7@fakemail.org
654,Raton Lenson,raton.lenson039lty@fakemail.org
655,Karel Norwood,karel.norwoodrh4wcq@fakemail.org
656,Pavin Corbrook,pavin.corbrookkbxqce@example.com
657,Zanor Norford,zanor.norford45dwgn@example.com
658,Pason Corwell,pason.corwellojdswl@mail.test
659,Almar Torton,almar.tortonh86t7m@mail.test
660,Farel Norstone,farel.norstone0r6l2c@example.com
661,Calan Dalson,calan.dalsonngs6y6@example.com
662,Sasel Dalton,sasel.dalton8cqs5g@demo.net
663,Albel Fenbrook,albel.fenbrooktnz4fg@fakemail.org
664,Taden Norbrook,taden.norbrooko1uel5@example.com
665,Kaden Fenridge,kaden.fenridgen7gctw@example.com
666,Karon Sanbrook,karon.sanbrookqhn4qn@demo.net
667,Alden Darman,alden.darmanylxg6g@example.com
668,Lesha Fenhart,lesha.fenhart4so826@example.com
669,Farel Morman,farel.morman8amuq8@fakemail.org
670,Damon Kelwell,damon.kelwellobg8vp@example.com
671,Jolan Darfield,jolan.darfield96eg2t@example.com
672,Vimar Lenley,vimar.lenleyl17yqz@example.com
673,Dasel Norberg,dasel.norbergejto2t@fakemail.org
674,Naria Wilwood,naria.wilwood6fdjzl@mail.test
675,Malin Lenley,malin.lenleykda9mn@example.com
676,Bevin Kelbrook,bevin.kelbrook0uighs@example.com
677,Alrel Norford,alrel.norfordm1n1z7@mail.test
678,Lemar Sanhart,lemar.sanhartmnw3ab@fakemail.org
679,Kasha Kelwell,kasha.kelwellrkz30f@fakemail.org
680,Olmar Morberg,olmar.morberg1981fk@fakemail.org
681,Ravin Wilman,ravin.wilman1fjpp5@mail.test
682,Narel Harridge,narel.harridgeebp5l1@example.com
683,Ollan Norberg,ollan.norbergr0023h@example.com
684,Saton Norwood,saton.norwoodadetcj@example.com
685,Faden Palfield,faden.palfieldrohku7@mail.test
686,Nalan Fenhart,nalan.fenhartrtyg9u@mail.test
687,Olvin Norhart,olvin.norhartgd3nyv@mail.test
688,Elden Vanwell,elden.vanwellr4ha3f@mail.test
689,Jomon Wilhart,jomon.wilhartcqv5iy@mail.test
690,Darel Lenford,darel.lenfordm3xjs1@demo.net
691,Viria Harson,viria.harsonpd50gd@fakemail.org
692,Jovin Norwell,jovin.norwellqt7re6@example.com
693,Alria Palman,alria.palmanhmazru@demo.net
694,Katon Wilwell,katon.wilwell14smoo@demo.net
695,Sabel Belstone,sabel.belstonepwy433@mail.test
696,Tamar Darstone,tamar.darstone0rpdle@mail.test
697,Elbel Palman,elbel.palmanrcg2y4@mail.test
698,Joton Darson,joton.darson7813xo@demo.net
699,Elvin Harwell,elvin.harwell06kare@fakemail.org
700,Daton Harridge,daton.harridgewubmqf@mail.test
701,Elson Sanbrook,elson.sanbrook716wlr@mail.test
702,Viron Torford,viron.torford9og0k1@demo.net
703,Tabel Vanford,tabel.vanfordcsy0oq@example.com
704,Bevin Wilridge,bevin.wilridgegk9r6g@example.com
705,Pabel Torwood,pabel.torwoodwuac34@fakemail.org
706,Damon Norwood,damon.norwood7ugi9b@example.com
707,Olsha Vanson,olsha.vansont7syw0@mail.test
708,Alvin Norton,alvin.nortonzagani@mail.test
709,Alnor Belson,alnor.belson5yw7pd@fakemail.org
710,Kason Fenson,kason.fenson7guslr@mail.test
711,Zaron Vanson,zaron.vansondt304s@fakemail.org
712,Zalin Darman,zalin.darman8xtor6@mail.test
713,Nasel Kelstone,nasel.kelstonei2j4v6@mail.test
714,Taton Morley,taton.morleyjrf1m5@example.com
715,Beria Torman,beria.tormantwlrnz@demo.net
716,Calan Lenwood,calan.lenwoodbeqqvu@fakemail.org
717,Zaria Wilfield,zaria.wilfieldtwmq84@mail.test
718,Beton Darridge,beton.darridgeoqbkro@mail.test
719,Elnor Vanson,elnor.vanson1ys4hb@example.com
720,Bemar Dalford,bemar.dalfordeh7t39@fakemail.org
721,Jomar Sanman,jomar.sanmanzz8xep@fakemail.org
722,Daton Norbrook,daton.norbrookbza5xd@example.com
723,Viton Belson,viton.belsone3ag98@fakemail.org
724,Taden Morford,taden.morford0dkpti@mail.test
725,Dason Palfield,dason.palfieldmkvbp9@mail.test
726,Pasel Fenhart,pasel.fenhartfdgr7v@mail.test
727,Pabel Sanfield,pabel.sanfielduc7s3d@example.com
728,Daton Morley,daton.morleymi0jkk@demo.net
729,Fasel Belson,fasel.belsonjd898i@example.com
730,Karel Vanstone,karel.vanstonem4tu0s@mail.test
731,Ellan Corman,ellan.corman1t4izw@mail.test
732,Tabel Dalberg,tabel.dalbergk38o5z@fakemail.org
733,Vilan Harwell,vilan.harwellqgmu57@example.com
734,Sabel Wilbrook,sabel.wilbrookhclj4f@fakemail.org
735,Vilin Palstone,vilin.palstonesz8uuh@mail.test
736,Jolan Fenridge,jolan.fenridger48kqx@example.com
737,Namon Dalwood,namon.dalwoodypc97c@demo.net
738,Lesha Wilton,lesha.wiltonkli4us@example.com
739,Viron Palwood,viron.palwoode0kcwl@fakemail.org
740,Leson Belstone,leson.belstonengh3l8@fakemail.org
741,Saria Palman,saria.palmanlr75xp@demo.net
742,Alron Sanstone,alron.sanstonet0dpu5@mail.test
743,Casha Lenberg,casha.lenbergk9ri1m@mail.test
744,Jonor Fenwell,jonor.fenwellfa36nh@example.com
745,Daria Fenwood,daria.fenwoodx1unug@example.com
746,Casha Fenstone,casha.fenstonetb3lul@mail.test
747,Albel Fenhart,albel.fenhart8732p4@mail.test
748,Kavin Dalman,kavin.dalman2hlj9q@mail.test
749,Bebel Wilbrook,bebel.wilbrook7nnd6k@demo.net
750,Taron Darstone,taron.darstoneg6rlz1@demo.net
751,Allan Kelstone,allan.kelstone0uhacr@mail.test
752,Zarel Darford,zarel.darfordf5ij0c@example.com
753,Mavin Torton,mavin.tortonf5emry@fakemail.org
754,Saton Wilwell,saton.wilwellgx9vu7@fakemail.org
755,Namar Norson,namar.norsontc418b@demo.net
756,Elron Belfield,elron.belfieldsn7oqc@mail.test
757,Malan Fenman,malan.fenman9gfbhi@example.com
758,Naden Sanberg,naden.sanberg48p71q@example.com
759,Vimar Darton,vimar.darton3b1onk@mail.test
760,Joden Norhart,joden.norhartfv7iax@fakemail.org
761,Paden Morford,paden.morforddbd9ys@demo.net
762,Beron Harbrook,beron.harbrooks72718@demo.net
763,Rarel Fenridge,rarel.fenridgevserrt@example.com
764,Manor Sanberg,manor.sanberg9n2p3o@demo.net
765,Olnor Lenhart,olnor.lenhartk38n4y@mail.test
766,Kalan Lenman,kalan.lenman7oosxs@fakemail.org
767,Kamar Corbrook,kamar.corbrookw4xm9c@mail.test
768,Carel Kelson,carel.kelsonxaxwgu@mail.test
769,Beron Harridge,beron.harridgelkeiy7@example.com
770,Daron Dalwood,daron.dalwoodz4qw8r@demo.net
771,Naton Fenstone,naton.fenstone5hc84m@fakemail.org
772,Vimar Lenbrook,vimar.lenbrook6o9vn1@mail.test
773,Calin Kelhart,calin.kelhartz70ysd@example.com
774,Olnor Lenley,olnor.lenleyc2hux6@example.com
775,Tasha Wilman,tasha.wilmanlwpgsb@demo.net
776,Olnor Lenberg,olnor.lenberggy4m1u@fakemail.org
777,Lesha Sanbrook,lesha.sanbrook12dtwf@mail.test
778,Narel Torhart,narel.torharty0gogy@demo.net
779,Canor Lenstone,canor.lenstoneblkfm9@demo.net
780,Fasel Dalbrook,fasel.dalbrookuxzh37@fakemail.org
781,Almon Palwood,almon.palwoodgzz7s6@example.com
782,Pamon Palford,pamon.palfordgsg9yi@demo.net
783,Rabel Sanman,rabel.sanmanr0vap4@mail.test
784,Elmar Norwell,elmar.norwell6g7q0q@mail.test
785,Alnor Harley,alnor.harleyrjce9k@demo.net
786,Ellan Fenwell,ellan.fenwell33djn4@demo.net
787,Zamar Lenridge,zamar.lenridgencswcq@mail.test
788,Vimar Kelfield,vimar.kelfieldso5yk0@fakemail.org
789,Pasha Dalley,pasha.dalley90w1bv@mail.test
790,Zalin Sanwell,zalin.sanwell594l3m@mail.test
791,Rason Norley,rason.norleyi234kx@fakemail.org
792,Malin Morford,malin.morfordm262mt@fakemail.org
793,Leden Torbrook,leden.torbrook40pwmc@demo.net
794,Lerel Dalley,lerel.dalley5xt6mh@example.com
795,Ollan Belson,ollan.belsont21tdy@fakemail.org
796,Kasel Norhart,kasel.norhartovgd1u@example.com
797,Beron Kelwood,beron.kelwoodqhxpu7@mail.test
798,Famon Morridge,famon.morridges8olto@example.com
799,Damar Corridge,damar.corridge0zmy6x@mail.test
800,Berel Vanman,berel.vanman5do07b@mail.test
801,Olron Torley,olron.torley4eqvk7@example.com
802,Savin Palfield,savin.palfieldxmld5d@demo.net
803,Sasha Harberg,sasha.harbergy8fw5h@demo.net
804,Alrel Norridge,alrel.norridgeyjrqk1@example.com
805,Taria Dalton,taria.dalton89safb@demo.net
806,Paron Lenstone,paron.lenstone2diubx@fakemail.org
807,Jolin Palson,jolin.palsonhzpygt@fakemail.org
808,Zalin Belwell,zalin.belwellf1w2nz@demo.net
809,Zasel Belberg,zasel.belberghpjgbe@mail.test
810,Maton Norfield,maton.norfieldjrkj8b@demo.net
811,Sason Norman,sason.normanvdi5it@example.com
812,Camon Darson,camon.darson33jhzg@demo.net
813,Tavin Belman,tavin.belman9yutau@mail.test
814,Kalan Lenstone,kalan.lenstonevvun0x@mail.test
815,Ollin Wilman,ollin.wilman1jpp46@example.com
816,Vimar Fenwood,vimar.fenwoodhg9666@example.com
817,Pabel Darley,pabel.darleyj3yhm8@example.com
818,Fasel Harwell,fasel.harwellpt3ok9@fakemail.org
819,Bevin Wilman,bevin.wilman2pq5ue@example.com
820,Vison Vanbrook,vison.vanbrookk22ijt@example.com
821,Sabel Dalstone,sabel.dalstoneoyoqeb@fakemail.org
822,Karia Torford,karia.torfordmyfhz9@mail.test
823,Olson Torridge,olson.torridgechkn3c@example.com
824,Alsel Fenridge,alsel.fenridgeuy910m@demo.net
825,Olsel Palwell,olsel.palwell5ffwrq@example.com
826,Fasel Darhart,fasel.darhart22m3ba@demo.net
827,Fabel Palhart,fabel.palhartyl32re@demo.net
828,Kasha Lenfield,kasha.lenfield4t2v7v@fakemail.org
829,Manor Palhart,manor.palhartvvqqqc@example.com
830,Maria Harwell,maria.harwelligklcm@demo.net
831,Dasha Vanbrook,dasha.vanbrook4owz54@fakemail.org
832,Danor Lenfield,danor.lenfieldxkygbn@example.com
833,Pasha Sanbrook,pasha.sanbrookxb3pnc@example.com
834,Olden Darford,olden.darford7jg2ql@mail.test
835,Nasel Fenson,nasel.fensonfco6yi@mail.test
836,Lerel Lenstone,lerel.lenstone6mok18@demo.net
837,Jobel Darwell,jobel.darwellygyyz0@mail.test
838,Kasel Morman,kasel.mormanka0hmw@fakemail.org
839,Pabel Norford,pabel.norfordq1l6uc@example.com
840,Alson Kelstone,alson.kelstoneg7bs94@example.com
841,Masha Belridge,masha.belridgekem7vv@demo.net
842,Taton Palwood,taton.palwoode67j52@mail.test
843,Calan Wilton,calan.wiltonfxumg2@demo.net
844,Elsha Morhart,elsha.morhartcppxeh@example.com
845,Tanor Belson,tanor.belsonxm43em@mail.test
846,Samar Vanberg,samar.vanbergwkvvet@example.com
847,Kasha Palfield,kasha.palfielddxq0lq@example.com
848,Levin Corley,levin.corleyp4dg80@mail.test
849,Tarel Palley,tarel.palleyetv01k@example.com
850,Zaron Palwood,zaron.palwooda4f3qd@example.com
851,Damon Morley,damon.morleyhamz64@example.com
852,Olmar Sanbrook,olmar.sanbrook5rjz56@demo.net
853,Maden Corford,maden.corfordr83trn@fakemail.org
854,Karon Corstone,karon.corstone8g2o56@fakemail.org
855,Faton Norford,faton.norford61a3rm@fakemail.org
856,Dasel Harson,dasel.harsonre6zjf@example.com
857,Casel Morson,casel.morson1zzuxm@demo.net
858,Belin Morstone,belin.morstone1u4l81@fakemail.org
859,Caria Belwell,caria.belwellb3z7a7@mail.test
860,Bevin Palfield,bevin.palfield8nx04c@mail.test
861,Albel Kelman,albel.kelman9ri0ni@fakemail.org
862,Kasel Wilwood,kasel.wilwood86l81i@fakemail.org
863,Elnor Belfield,elnor.belfield267jxl@demo.net
864,Palin Fenstone,palin.fenstoneqnme0t@demo.net
865,Tavin Dalford,tavin.dalfordehdkeg@demo.net
866,Benor Harstone,benor.harstonel4afpf@mail.test
867,Nabel Corstone,nabel.corstonegnfw8g@mail.test
868,Famon Wilfield,famon.wilfieldonf2mu@mail.test
869,Paden Norfield,paden.norfieldup2lon@demo.net
870,Namar Palman,namar.palmanuwxg6i@fakemail.org
871,Alden Dalton,alden.daltonnmpwnq@example.com
872,Mason Corton,mason.cortonvtlcy8@demo.net
873,Rasha Lenton,rasha.lenton7rgvel@fakemail.org
874,Tamon Corman,tamon.cormane8nqal@mail.test
875,Rasel Belridge,rasel.belridge4v32pr@fakemail.org
876,Taton Dalhart,taton.dalhartwpwgtz@example.com
877,Vinor Belton,vinor.beltonfha162@fakemail.org
878,Rarel Torfield,rarel.torfieldfgech2@fakemail.org
879,Almar Kelton,almar.keltona8nquy@example.com
880,Tabel Harfield,tabel.harfielddtljj0@demo.net
881,Dabel Sanfield,dabel.sanfielddey5xz@demo.net
882,Elrel Fenfield,elrel.fenfieldw87ey4@example.com
883,Panor Darfield,panor.darfieldhu2l4y@example.com
884,Olvin Fenridge,olvin.fenridgeyb4g3r@fakemail.org
885,Maria Morberg,maria.morbergcit4rd@fakemail.org
886,Jonor Harton,jonor.hartonvb19ih@example.com
887,Rasel Torhart,rasel.torharteuk4i1@mail.test
888,Damar Norridge,damar.norridgeii6ohd@mail.test
889,Salan Wilstone,salan.wilstonei2vmav@demo.net
890,Dabel Fenhart,dabel.fenhart9hrp3w@example.com
891,Beron Lenwell,beron.lenwelldzlpqn@example.com
892,Karia Palford,karia.palford137qlz@demo.net
893,Elton Palwell,elton.palwelltb2ypr@mail.test
894,Alsel Morwood,alsel.morwoodedzlek@demo.net
895,Talan Corbrook,talan.corbrook65agdx@example.com
896,Allan Sanberg,allan.sanberguv8l8q@example.com
897,Kalan Morberg,kalan.morbergsnvk8d@demo.net
898,Sanor Corstone,sanor.corstonenrmaak@mail.test
899,Beson Lenley,beson.lenleyzrarnl@example.com
900,Elsel Belberg,elsel.belberg5ewixv@demo.net
901,Tamon Belwood,tamon.belwoodq1a0xd@example.com
902,Narel Lenfield,narel.lenfieldqnppk5@mail.test
903,Zaden Kelwood,zaden.kelwood6h614q@example.com
904,Benor Dalford,benor.dalfordpgslxz@example.com
905,Rasel Corwood,rasel.corwoodm982zh@example.com
906,Pabel Morman,pabel.mormanxnfbs7@mail.test
907,Visha Vanfield,visha.vanfieldi36teu@demo.net
908,Vibel Kelley,vibel.kelley940kvt@fakemail.org
909,Elrel Palwell,elrel.palwelli1odlt@mail.test
910,Camar Belfield,camar.belfieldf0gnzo@demo.net
911,Olria Sanbrook,olria.sanbrookkuus7a@mail.test
912,Palin Fenford,palin.fenford6bw4rn@demo.net
913,Fasha Belhart,fasha.belharte3ac8w@example.com
914,Samar Morman,samar.morman31xqpo@mail.test
915,Raton Kelbrook,raton.kelbrook8mn87x@mail.test
916,Fasel Lenwood,fasel.lenwoodwot02e@mail.test
917,Olron Corwood,olron.corwoodrgs5wj@mail.test
918,Raron Lenstone,raron.lenstonediuega@fakemail.org
919,Pabel Palbrook,pabel.palbrooktpme6i@mail.test
920,Famon Sanson,famon.sanson1wb0el@example.com
921,Viria Belton,viria.beltonbdntsy@demo.net
922,Alron Darfield,alron.darfieldw4nckg@fakemail.org
923,Nanor Vanton,nanor.vantonb0y1cc@example.com
924,Palan Morwell,palan.morwellmrxure@demo.net
925,Samon Sanford,samon.sanfordxov3yo@example.com
926,Virel Torson,virel.torson35l25p@example.com
927,Jonor Kelton,jonor.keltona2ya9p@fakemail.org
928,Ralan Fenstone,ralan.fenstonew5kpwz@mail.test
929,Bebel Corberg,bebel.corberg308btq@example.com
930,Joton Darford,joton.darfordn3hhaj@mail.test
931,Fasha Torberg,fasha.torbergeqoek6@fakemail.org
932,Ellan Dalfield,ellan.dalfieldfdmfiv@demo.net
933,Malan Wilbrook,malan.wilbrooku19v6g@demo.net
934,Samar Torton,samar.tortontj6wmy@mail.test
935,Daron Torstone,daron.torstone61yqhb@mail.test
936,Josel Torton,josel.tortonti12u5@fakemail.org
937,Caron Norson,caron.norson0ag8dc@demo.net
938,Kaden Lenberg,kaden.lenbergmy8ib6@demo.net
939,Kaden Fenley,kaden.fenleyeg44kx@example.com
940,Sanor Vanbrook,sanor.vanbrook9go006@example.com
941,Lelin Belford,lelin.belfordkifswc@example.com
942,Bebel Dalridge,bebel.dalridge0n4h9y@fakemail.org
943,Taden Sanwood,taden.sanwood9rgsgz@demo.net
944,Elnor Belwell,elnor.belwell0fm2ii@example.com
945,Daria Belson,daria.belsontmlcqm@example.com
946,Casha Corson,casha.corsonvneb2e@fakemail.org
947,Zamar Corfield,zamar.corfieldd3p96p@mail.test
948,Allin Sanridge,allin.sanridgevpzl5i@example.com
949,Ramon Fenford,ramon.fenford4cegl6@mail.test
950,Favin Corfield,favin.corfieldklljic@mail.test
951,Pabel Sanridge,pabel.sanridgeyo9zf0@example.com
952,Tavin Dalhart,tavin.dalharttfmj7y@mail.test
953,Damar Corfield,damar.corfield3wmux6@mail.test
954,Kavin Torhart,kavin.torhartu6gbdc@fakemail.org
955,Nalin Norhart,nalin.norhart6d32sd@example.com
956,Alden Torton,alden.tortonabe9wi@mail.test
957,Zamon Corson,zamon.corson3466q6@example.com
958,Bebel Sanbrook,bebel.sanbrookg3qcxz@fakemail.org
959,Viton Sanford,viton.sanford6kzksb@fakemail.org
960,Caron Lenhart,caron.lenhartcbyu97@demo.net
961,Nalan Torman,nalan.tormanywr99s@demo.net
962,Calin Norford,calin.norford4uz3xq@example.com
963,Leden Wilson,leden.wilsonp2im7h@fakemail.org
964,Rasel Norbrook,rasel.norbrookzyzizq@example.com
965,Dalan Harton,dalan.hartontjt373@mail.test
966,Maria Corfield,maria.corfieldqr03j6@fakemail.org
967,Kamar Corwood,kamar.corwood9trfjw@example.com
968,Visel Harford,visel.harforde2jf2u@example.com
969,Joson Lenley,joson.lenleysm2hk0@mail.test
970,Ralin Kelhart,ralin.kelharth8un9w@mail.test
971,Maria Morstone,maria.morstone4mcw2b@fakemail.org
972,Faden Palberg,faden.palbergc4z0gw@mail.test
973,Allan Harton,allan.harton2rbkb3@mail.test
974,Raton Sanberg,raton.sanbergn5nejy@demo.net
975,Cabel Morwell,cabel.morwellqmucrw@fakemail.org
976,Fason Corstone,fason.corstone4bub32@demo.net
977,Namon Darford,namon.darfordk0gomn@fakemail.org
978,Raton Fenhart,raton.fenhart5c7aqt@mail.test
979,Alton Vanman,alton.vanmanlzd22h@mail.test
980,Tabel Kelwell,tabel.kelwellln1qvh@fakemail.org
981,Caden Belhart,caden.belhartaz4rft@mail.test
982,Jomon Belson,jomon.belsonb33xn2@mail.test
983,Alrel Lenley,alrel.lenleyzbiw98@demo.net
984,Rabel Palford,rabel.palfordxy6fb1@example.com
985,Salin Belton,salin.beltong17eq0@mail.test
986,Nason Vanstone,nason.vanstoneoqioin@fakemail.org
987,Viria Belson,viria.belsonx2i0b1@fakemail.org
988,Vilan Norley,vilan.norley36s2qm@demo.net
989,Olbel Sanwell,olbel.sanwellvcarw0@example.com
990,Karel Wilfield,karel.wilfieldmgu4sw@example.com
991,Rasel Palwood,rasel.palwood116jis@fakemail.org
992,Raria Dalbrook,raria.dalbrookvydr4d@fakemail.org
993,Elria Morwood,elria.morwood5xnu9h@fakemail.org
994,Naron Norfield,naron.norfield7rr99j@mail.test
995,Berel Corfield,berel.corfieldis9xes@demo.net
996,Parel Sanman,parel.sanmancl26vj@example.com
997,Elvin Wilwell,elvin.wilwellm703hv@fakemail.org
998,Levin Darwell,levin.darwellfba0k4@example.com
999,Raria Palford,raria.palfordim4rbs@example.com
1000,Taria Fenton,taria.fentonlrxnga@example.com
1001,Masel Sanwood,masel.sanwood3mfacf@fakemail.org
1002,Almar Harson,almar.harsonackygk@example.com
1003,Sason Kelfield,sason.kelfieldi73127@demo.net
1004,Tavin Fenford,tavin.fenfordiw47xh@example.com
1005,Alden Morfield,alden.morfield3qtu6y@demo.net
1006,Leden Norley,leden.norley5pl5ju@fakemail.org
1007,Tavin Wilman,tavin.wilmancuj2oo@demo.net
1008,Almon Wilton,almon.wiltonfz694d@demo.net
1009,Almon Kelford,almon.kelfordebq6wv@fakemail.org
1010,Vinor Vanbrook,vinor.vanbrookr5to3o@fakemail.org
1011,Zasha Corley,zasha.corley05wd2y@mail.test
1012,Famon Belberg,famon.belbergee9vp6@demo.net
1013,Dalin Lenwood,dalin.lenwoods612zq@fakemail.org
1014,Beria Lenfield,beria.lenfielddgrw5h@example.com
1015,Alton Vanridge,alton.vanridge56t7wk@example.com
1016,Zaton Sanwood,zaton.sanwooddjygoq@example.com
1017,Nason Wilman,nason.wilmanf0u14a@fakemail.org
1018,Zamon Dalford,zamon.dalfordlle6f7@demo.net
1019,Raton Darton,raton.darton0s22yv@demo.net
1020,Saron Kelberg,saron.kelbergf07gw8@mail.test
1021,Famon Lenwell,famon.lenwell2n67qo@example.com
1022,Kason Harstone,kason.harstoneoy6j2p@example.com
1023,Taton Sanstone,taton.sanstonep5e5s5@example.com
1024,Beria Torstone,beria.torstonezbejp7@mail.test
1025,Faria Sanman,faria.sanmanc6qywl@fakemail.org
1026,Taron Darwood,taron.darwoodev880e@mail.test
1027,Leton Palson,leton.palsonaxn508@example.com
1028,Joron Belhart,joron.belharta218wf@fakemail.org
1029,Ralan Vanfield,ralan.vanfieldeyp9s3@demo.net
1030,Alson Darley,alson.darleymbf35b@fakemail.org
1031,Naron Torford,naron.torfordozv4hk@example.com
1032,Alnor Harford,alnor.harford7ekkzo@demo.net
1033,Raron Darwood,raron.darwood0glxm1@fakemail.org
1034,Nabel Lenberg,nabel.lenberg3ykmv1@demo.net
1035,Bevin Darford,bevin.darfordyimgec@fakemail.org
1036,Zavin Belbrook,zavin.belbrookfh8rgr@example.com
1037,Sasha Sanstone,sasha.sanstoneo4iar3@mail.test
1038,Kalan Corberg,kalan.corbergxf0w36@fakemail.org
1039,Dasha Fenson,dasha.fensonb3pv5r@demo.net
1040,Naron Fenstone,naron.fenstoneuflyz0@fakemail.org
1041,Zaton Lenford,zaton.lenfordcsl7jb@example.com
1042,Elvin Torford,elvin.torfordibgzxj@mail.test
1043,Elden Belton,elden.beltonngdll1@fakemail.org
1044,Faden Norbrook,faden.norbrookdsc46e@example.com
1045,Sasha Dalton,sasha.daltonqb5q8i@example.com
1046,Daron Sanwood,daron.sanwoody1u2lf@demo.net
1047,Kalan Corfield,kalan.corfield9xbzv5@demo.net
1048,Danor Wilberg,danor.wilberg5z3m5t@demo.net
1049,Namon Sanman,namon.sanmanf2hspu@example.com
1050,Kanor Harman,kanor.harman9txhtr@fakemail.org
1051,Elmar Fenton,elmar.fentonvywrjm@example.com
1052,Joron Morwell,joron.morwellsewuki@demo.net
1053,Alsha Vanton,alsha.vanton04y0j4@mail.test
1054,Canor Kelson,canor.kelsonyckqxg@example.com
1055,Maton Harbrook,maton.harbrookzj6maq@demo.net
1056,Marel Fenfield,marel.fenfieldgqxf3p@demo.net
1057,Palin Fenson,palin.fensonht5dac@fakemail.org
1058,Zason Darson,zason.darson2lukv7@demo.net
1059,Leson Belman,leson.belman8sbwt8@demo.net
1060,Rason Harley,rason.harleyw782zi@fakemail.org
1061,Saria Morton,saria.mortongcjppx@example.com
1062,Lerel Torton,lerel.tortontrqxkh@mail.test
1063,Jonor Fenfield,jonor.fenfieldg2rw7m@fakemail.org
1064,Besel Sanstone,besel.sanstoneoxd5ia@example.com
1065,Alden Dalwood,alden.dalwoodn4w9l6@mail.test
1066,Camon Torberg,camon.torbergg4o1nl@example.com
1067,Kasel Palwood,kasel.palwoodq8dqfp@fakemail.org
1068,Leria Vanstone,leria.vanstonexzj2fo@example.com
1069,Talin Sanridge,talin.sanridgepj712s@fakemail.org
1070,Maden Morstone,maden.morstone1w1bmj@example.com
1071,Paton Morbrook,paton.morbrook3d3aub@mail.test
1072,Viton Sanley,viton.sanleyg7xkwr@fakemail.org
1073,Tarel Belwood,tarel.belwoodm4b7mq@demo.net
1074,Olsel Morwood,olsel.morwood2snb3z@example.com
1075,Salan Sanman,salan.sanmankc24gg@demo.net
1076,Lelan Morwood,lelan.morwooditmahk@demo.net
1077,Cason Lenbrook,cason.lenbrookyxumyv@fakemail.org
1078,Kabel Dalbrook,kabel.dalbrookrt3xa8@demo.net
1079,Salin Harridge,salin.harridgeuk7a1t@fakemail.org
1080,Fanor Darhart,fanor.darhartpjbltc@demo.net
1081,Zarel Vanbrook,zarel.vanbrookxn8vgx@mail.test
1082,Belin Dalman,belin.dalman5nml9l@mail.test
1083,Rabel Fenson,rabel.fensonnr9ids@demo.net
1084,Lelan Darwood,lelan.darwood9v5nrd@mail.test
1085,Alria Norfield,alria.norfield2hkv80@demo.net
1086,Kamar Corwell,kamar.corwellhjbs6k@demo.net
1087,Leron Belhart,leron.belharti3kjsg@demo.net
1088,Saden Norwood,saden.norwoodoz3frc@fakemail.org
1089,Karia Belstone,karia.belstoneort8bw@demo.net
1090,Jomar Morridge,jomar.morridgeobpeg4@fakemail.org
1091,Dalan Morberg,dalan.morbergeugbo0@mail.test
1092,Olnor Belford,olnor.belfordzpfd3q@fakemail.org
1093,Pavin Sanhart,pavin.sanhartiis2uk@mail.test
1094,Vimon Wilwell,vimon.wilwelln372gp@fakemail.org
1095,Lesel Vanson,lesel.vansonmwemps@demo.net
1096,Malin Kelman,malin.kelman93ki5m@fakemail.org
1097,Beson Vanley,beson.vanley26tdow@mail.test
1098,Camon Harson,camon.harson4b7doo@fakemail.org
1099,Levin Dalson,levin.dalson7znsgt@mail.test
1100,Jobel Sanhart,jobel.sanhartw3s8j3@example.com
1101,Ramar Belford,ramar.belfordixppho@example.com
1102,Beria Sanwood,beria.sanwoodamxu2o@example.com
1103,Rasha Kelman,rasha.kelmane0k1d3@example.com
1104,Elsha Corson,elsha.corson4d92te@fakemail.org
1105,Manor Darford,manor.darfordvd657c@fakemail.org
1106,Lelin Corhart,lelin.corhartltmg0a@demo.net
1107,Olnor Wilberg,olnor.wilberg1d6zna@fakemail.org
1108,Naron Fenwood,naron.fenwoodsg71wk@mail.test
1109,Kalan Dalberg,kalan.dalbergeq3djl@mail.test
1110,Nason Sanwell,nason.sanwellaywuk4@demo.net
1111,Naron Torton,naron.tortonfucj86@demo.net
1112,Fasha Palford,fasha.palforde6i2zy@fakemail.org
1113,Elsel Willey,elsel.willeyv6q330@example.com
1114,Jonor Dalwell,jonor.dalwelloggd4d@mail.test
1115,Kamar Vanley,kamar.vanley3bv3gi@mail.test
1116,Malan Corridge,malan.corridge72pxc6@fakemail.org
1117,Joson Harhart,joson.harhartfya8b4@demo.net
1118,Jomar Corfield,jomar.corfieldyu57lw@demo.net
1119,Olson Norstone,olson.norstonerly12x@fakemail.org
1120,Camar Dalson,camar.dalsondhg6zy@example.com
1121,Elmon Harley,elmon.harley5hmhsa@example.com
1122,Jomon Kelbrook,jomon.kelbrookfc04b5@fakemail.org
1123,Visel Harstone,visel.harstoneq4vvg5@mail.test
1124,Tasha Belwood,tasha.belwood39bo8y@mail.test
1125,Allan Fenford,allan.fenford911h3m@example.com
1126,Alsha Lenhart,alsha.lenhartjzmmb9@mail.test
1127,Tason Kelstone,tason.kelstonetp8rnn@fakemail.org
1128,Ranor Darberg,ranor.darbergokqkao@example.com
1129,Alvin Kelhart,alvin.kelhart2itt62@demo.net
1130,Masha Lenstone,masha.lenstone1q5dl6@fakemail.org
1131,Elton Norman,elton.norman7mjlb3@mail.test
1132,Casel Morwell,casel.morwellqgs0mc@mail.test
1133,Salan Torstone,salan.torstones4eqc3@demo.net
1134,Zanor Norberg,zanor.norbergzzpv5o@fakemail.org
1135,Masel Kelwell,masel.kelwellwcq0b0@example.com
1136,Jolin Wilhart,jolin.wilhartq48bcq@example.com
1137,Jonor Norwood,jonor.norwoodsjh4w3@demo.net
1138,Taton Kelson,taton.kelson7lldmk@demo.net
1139,Rabel Vanstone,rabel.vanstone6u8agc@demo.net
1140,Lesha Darhart,lesha.darhartegxc7x@fakemail.org
1141,Nalin Harfield,nalin.harfieldwlimn8@demo.net
1142,Katon Harberg,katon.harbergywhiei@fakemail.org
1143,Maron Harhart,maron.harhartvajiye@fakemail.org
1144,Sason Wilwood,sason.wilwoodfkt6e6@fakemail.org
1145,Beria Belridge,beria.belridgexnzjg2@example.com
1146,Dasha Sanridge,dasha.sanridgetqolsh@demo.net
1147,Zamon Wilton,zamon.wiltonxwtfz4@fakemail.org
1148,Sanor Kelford,sanor.kelfordsmjoz6@fakemail.org
1149,Maron Vanfield,maron.vanfieldrmaopd@example.com
1150,Mamar Belhart,mamar.belhartla4c6m@mail.test
1151,Bevin Corford,bevin.corford40055y@demo.net
1152,Daden Sanwell,daden.sanwell797z9p@example.com
1153,Narel Dalstone,narel.dalstone43t69x@fakemail.org
1154,Namar Dalbrook,namar.dalbrookjrqdpj@demo.net
1155,Ollan Kelbrook,ollan.kelbrookbauzir@fakemail.org
1156,Ralan Dalbrook,ralan.dalbrookz8ucp0@demo.net
1157,Raden Torhart,raden.torhartn50pkb@example.com
1158,Fasel Darridge,fasel.darridgepwpr0v@mail.test
1159,Saron Wilberg,saron.wilberg9uuvg4@mail.test
1160,Nalan Palman,nalan.palman8kaqq2@demo.net
1161,Dason Palstone,dason.palstonejnbrxl@fakemail.org
1162,Alson Sanberg,alson.sanbergfszxsp@demo.net
1163,Lelin Harman,lelin.harmanqc7kob@mail.test
1164,Saden Dalbrook,saden.dalbrook7bcnd8@example.com
1165,Mavin Kelford,mavin.kelford3s6uwx@example.com
1166,Daden Norberg,daden.norbergphcdc9@fakemail.org
1167,Masha Vanman,masha.vanmankn5r3d@demo.net
1168,Vimon Palman,vimon.palmanx02svx@demo.net
1169,Ravin Dalridge,ravin.dalridgeqh6uxa@example.com
1170,Faria Torstone,faria.torstone11vua1@demo.net
1171,Olrel Wilridge,olrel.wilridgen3hw9h@mail.test
1172,Zason Fenwood,zason.fenwood0j0kvu@mail.test
1173,Viria Dalstone,viria.dalstonet8fc33@fakemail.org
1174,Zasha Kelman,zasha.kelmany7a0qp@fakemail.org
1175,Vivin Sanley,vivin.sanleyfkv4a1@fakemail.org
1176,Camar Lenfield,camar.lenfieldfobftt@demo.net
1177,Paton Dalridge,paton.dalridgeqvugej@example.com
1178,Zarel Corbrook,zarel.corbrook3n1q8k@fakemail.org
1179,Nasel Torwood,nasel.torwood0m1x7m@demo.net
1180,Falin Sanfield,falin.sanfieldf1g6lb@example.com
1181,Vilan Sanwell,vilan.sanwellh1xcm1@mail.test
1182,Nalan Dalford,nalan.dalford0l4q77@mail.test
1183,Viria Kelwell,viria.kelwellav1zgp@example.com
1184,Caton Palley,caton.palleyxr4cyj@fakemail.org
1185,Zamon Palstone,zamon.palstonewzgxb1@fakemail.org
1186,Raria Fenridge,raria.fenridgedbjm1y@fakemail.org
1187,Sasha Morley,sasha.morley8qp06y@demo.net
1188,Zaton Palridge,zaton.palridge4whhg9@mail.test
1189,Pabel Vanford,pabel.vanfordrw65y7@fakemail.org
1190,Dalin Darfield,dalin.darfield8x843o@demo.net
1191,Olmon Harbrook,olmon.harbrook32xju7@mail.test
1192,Zavin Harford,zavin.harfordobzxn5@mail.test
1193,Fasha Darwell,fasha.darwell94yymd@fakemail.org
1194,Nabel Dalwood,nabel.dalwoodep9ij3@mail.test
1195,Darel Vanfield,darel.vanfieldk1nyn0@demo.net
1196,Levin Lenridge,levin.lenridgen8alms@fakemail.org
1197,Talin Sanley,talin.sanleyn5puog@fakemail.org
1198,Naria Sanridge,naria.sanridge7aw7pd@demo.net
1199,Ellin Fenwood,ellin.fenwoodse1jcn@mail.test
1200,Belan Wilberg,belan.wilbergkdjxr4@fakemail.org
1201,Besha Dalson,besha.dalson9q3mmq@fakemail.org
1202,Elmon Morbrook,elmon.morbrookxc486d@example.com
1203,Daria Torwell,daria.torwellfxhycj@fakemail.org
1204,Ranor Torfield,ranor.torfield71bb2h@example.com
1205,Naden Darbrook,naden.darbrookvrcam8@fakemail.org
1206,Alrel Corberg,alrel.corbergbi7i5h@mail.test
1207,Jolan Kelhart,jolan.kelhartkg2n9g@mail.test
1208,Zalin Morstone,zalin.morstoneb4lvmg@fakemail.org
1209,Marel Norstone,marel.norstone4khqnn@mail.test
1210,Jomon Vanberg,jomon.vanbergvdw5k3@example.com
1211,Lelin Dalwell,lelin.dalwellaqnla8@fakemail.org
1212,Zamar Fenton,zamar.fentonlxdsaw@mail.test
1213,Leden Vanwood,leden.vanwood5z00h5@fakemail.org
1214,Salin Lenwell,salin.lenwellskqar1@demo.net
1215,Masel Palford,masel.palfordmxnl46@fakemail.org
1216,Palan Morhart,palan.morhart87npnr@demo.net
1217,Kalin Lenberg,kalin.lenbergrqrkg1@fakemail.org
1218,Kasel Fenwell,kasel.fenwellqj4iz8@demo.net
1219,Mamon Sanstone,mamon.sanstone16fvvc@example.com
1220,Katon Palhart,katon.palharttg67vw@example.com
1221,Casha Harwell,casha.harwellodlrmb@demo.net
1222,Caton Belridge,caton.belridge5whl6t@fakemail.org
1223,Jovin Wilberg,jovin.wilbergdg4zyu@example.com
1224,Narel Norwell,narel.norwell40548a@fakemail.org
1225,Zavin Sanfield,zavin.sanfieldxusas2@demo.net
1226,Karel Dalberg,karel.dalbergk2vcfk@fakemail.org
1227,Kasha Lenson,kasha.lensonoie0vx@demo.net
1228,Olton Torson,olton.torson7ojodu@example.com
1229,Talin Norridge,talin.norridge8n6ufx@demo.net
1230,Joton Wilstone,joton.wilstonercz4om@demo.net
1231,Zasel Norson,zasel.norsonkios7a@fakemail.org
1232,Elson Vanstone,elson.vanstonegclnar@fakemail.org
1233,Alden Belton,alden.beltonfyteea@example.com
1234,Zarel Belwood,zarel.belwoodsc0kxi@demo.net
1235,Karia Dalton,karia.daltonjvvtkh@fakemail.org
1236,Saron Kelley,saron.kelleyxhv11s@demo.net
1237,Pasha Torman,pasha.torman1xkzv7@mail.test
1238,Mamar Lenwood,mamar.lenwoodnf1jwg@demo.net
1239,Jonor Norhart,jonor.norhartlpqtoi@fakemail.org
1240,Dason Sanwood,dason.sanwood6mtto6@mail.test
1241,Jolan Harford,jolan.harfordex8moc@demo.net
1242,Nalin Harman,nalin.harmangoh2m9@example.com
1243,Maton Darman,maton.darman7q02bk@demo.net
1244,Maria Vanley,maria.vanleyte4u8c@example.com
1245,Joson Belson,joson.belsone8akmg@fakemail.org
1246,Kaden Sanridge,kaden.sanridgewiaw2l@demo.net
1247,Olron Morberg,olron.morbergsg5rt9@fakemail.org
1248,Alron Palstone,alron.palstone6leotw@mail.test
1249,Zason Sanman,zason.sanmanm4xkh7@mail.test
1250,Jobel Corbrook,jobel.corbrook1wryjf@example.com
1251,Sanor Kelbrook,sanor.kelbrooko5q5l5@fakemail.org
1252,Bebel Darberg,bebel.darberg3sm0t4@fakemail.org
1253,Kaden Harford,kaden.harfordg4kp6n@demo.net
1254,Panor Fenridge,panor.fenridgep7jmwl@example.com
1255,Lelin Kelford,lelin.kelfordjz659k@demo.net
1256,Besha Morson,besha.morsonjxjbsh@demo.net
1257,Daria Kelbrook,daria.kelbrookumwolt@demo.net
1258,Pavin Belwell,pavin.belwellivbtxd@fakemail.org
1259,Maden Palridge,maden.palridge51woj5@mail.test
1260,Paton Torwood,paton.torwoodcosx57@mail.test
1261,Kamar Norberg,kamar.norbergqbza4e@example.com
1262,Sanor Belton,sanor.beltoncfvz2c@fakemail.org
1263,Saden Fenridge,saden.fenridgeprtjxh@demo.net
1264,Kasel Belford,kasel.belford7gjp1p@demo.net
1265,Caden Lenton,caden.lentonfltp9i@fakemail.org
1266,Bebel Dalford,bebel.dalfordoo8035@mail.test
1267,Jolin Vanfield,jolin.vanfieldav0n0z@fakemail.org
1268,Fabel Fenstone,fabel.fenstone6g89w6@fakemail.org
1269,Canor Morstone,canor.morstonenz8orb@mail.test
1270,Olmar Vanwood,olmar.vanwood9nm0lq@demo.net
1271,Karia Lenberg,karia.lenbergxa4872@demo.net
1272,Jomar Dalwell,jomar.dalwellm7hg5j@mail.test
1273,Leson Willey,leson.willeyff23hm@fakemail.org
1274,Ramon Darbrook,ramon.darbrook1cvmv4@mail.test
1275,Tamon Vanson,tamon.vansonve54jr@example.com
1276,Kamar Dalson,kamar.dalsont9b52w@demo.net
1277,Elbel Sanley,elbel.sanleyvt8mui@fakemail.org
1278,Kamar Palstone,kamar.palstonemdq6it@demo.net
1279,Leria Wilberg,leria.wilbergyblwsz@mail.test
1280,Josha Harford,josha.harford8wu50t@mail.test
1281,Tamon Kelridge,tamon.kelridgeceoezf@demo.net
1282,Jomar Belwood,jomar.belwood13n6xc@fakemail.org
1283,Vibel Morley,vibel.morleyv0v1wv@example.com
1284,Kabel Fenberg,kabel.fenberg6gfsvs@mail.test
1285,Virel Norwell,virel.norwellkjamd7@demo.net
1286,Malin Fenstone,malin.fenstoneo80dco@fakemail.org
1287,Almar Norbrook,almar.norbrookg6tgyq@example.com
1288,Naden Sanfield,naden.sanfieldo7dvry@example.com
1289,Fason Fenson,fason.fensonz9c71s@demo.net
1290,Alsel Morman,alsel.morman9o8kec@demo.net
1291,Elvin Kelson,elvin.kelson5110lv@fakemail.org
1292,Cabel Lenton,cabel.lentonqypei7@fakemail.org
1293,Leson Palford,leson.palforda5tt3f@fakemail.org
1294,Almar Palbrook,almar.palbrookbew6mg@example.com
1295,Ellin Belhart,ellin.belhartc3xcvm@demo.net
1296,Levin Harfield,levin.harfieldf92dqu@demo.net
1297,Mamon Harbrook,mamon.harbrookk2q8dp@fakemail.org
1298,Vinor Lenwood,vinor.lenwoodlerdov@example.com
1299,Nasha Morwood,nasha.morwoodzqnoep@demo.net
1300,Fasha Palman,fasha.palmanl2326t@example.com
1301,Vivin Torbrook,vivin.torbrook25bcwn@mail.test
1302,Daria Morwood,daria.morwood2sdptb@example.com
1303,Cason Kelford,cason.kelfordsy1xt3@fakemail.org
1304,Danor Darbrook,danor.darbrooka2gk10@example.com
1305,Danor Morhart,danor.morhartreyws2@mail.test
1306,Falin Wilford,falin.wilfordcb2wrs@fakemail.org
1307,Elson Fenridge,elson.fenridge2vx4xd@demo.net
1308,Kanor Norberg,kanor.norbergu69eeh@fakemail.org
1309,Cavin Torwell,cavin.torwell2m5ogb@mail.test
1310,Daria Fenley,daria.fenley5in2sq@mail.test
1311,Namon Corson,namon.corsontabq6s@example.com
1312,Zanor Lenley,zanor.lenley0z7acl@fakemail.org
1313,Dasha Corman,dasha.cormanb1ztps@mail.test
1314,Caria Wilman,caria.wilmank715i0@mail.test
1315,Davin Darstone,davin.darstone6bi3nl@demo.net
1316,Karia Kelford,karia.kelfordm0tqak@mail.test
1317,Rasha Palman,rasha.palmani60n0g@demo.net
1318,Jobel Lenridge,jobel.lenridgem0kyd6@mail.test
1319,Olden Santon,olden.santond98qfq@example.com
1320,Favin Kelstone,favin.kelstone7fylnk@example.com
1321,Jonor Sanley,jonor.sanleylhazap@mail.test
1322,Olvin Lenson,olvin.lensonh05low@demo.net
1323,Dason Palwood,dason.palwood2yey4d@example.com
1324,Mamar Corridge,mamar.corridgep8t1h8@mail.test
1325,Taden Morman,taden.mormandewkmw@demo.net
1326,Lemar Vanwood,lemar.vanwoodj4kn2l@demo.net
1327,Canor Vanridge,canor.vanridgejg9yr3@fakemail.org
1328,Caton Corman,caton.corman5gazvv@fakemail.org
1329,Kalan Sanhart,kalan.sanhart77edw3@example.com
1330,Visel Darberg,visel.darbergj0adch@example.com
1331,Zamar Darberg,zamar.darbergxusyav@demo.net
1332,Elron Harford,elron.harfordzdj7a8@fakemail.org
1333,Beden Vanbrook,beden.vanbrookwdy7ax@mail.test
1334,Olsel Dalford,olsel.dalfordd08gqt@mail.test
1335,Savin Corman,savin.cormanrx3s3o@mail.test
1336,Leson Darwood,leson.darwoodxtlydy@example.com
1337,Allan Harstone,allan.harstonekg9hvq@fakemail.org
1338,Taton Vanfield,taton.vanfieldcntg2k@example.com
1339,Viden Harford,viden.harfords1f90g@mail.test
1340,Elron Lenfield,elron.lenfieldq6emmf@demo.net
1341,Jorel Darhart,jorel.darhart8muzg4@demo.net
1342,Leden Lenberg,leden.lenbergukmu16@mail.test
1343,Lerel Corton,lerel.cortonul6xsd@fakemail.org
1344,Marel Morfield,marel.morfieldnnd57s@fakemail.org
1345,Talin Belridge,talin.belridgeqy4ts2@fakemail.org
1346,Caria Sanstone,caria.sanstonekvs6wk@fakemail.org
1347,Taria Torbrook,taria.torbrook1fnj4t@example.com
1348,Calan Fenwood,calan.fenwoodh29afq@fakemail.org
1349,Joron Palhart,joron.palhartl9fg6k@demo.net
1350,Olvin Dalhart,olvin.dalhartmkx3da@mail.test
1351,Zaden Darfield,zaden.darfieldy5akgu@fakemail.org
1352,Nasha Norberg,nasha.norbergpsqg1k@fakemail.org
1353,Lesha Corberg,lesha.corberg2i96wt@mail.test
1354,Belin Lenhart,belin.lenhartdzb765@fakemail.org
1355,Elrel Torhart,elrel.torhartxyh3w0@fakemail.org
1356,Paden Morman,paden.morman1bsl7p@fakemail.org
1357,Ollin Corford,ollin.corfordrhwmz3@fakemail.org
1358,Pamon Fenhart,pamon.fenhart5ya0hi@example.com
1359,Allin Fenridge,allin.fenridgefy0e3a@example.com
1360,Viden Dalley,viden.dalleyld7l52@mail.test
1361,Visel Belhart,visel.belharta8mvu9@mail.test
1362,Faria Fenstone,faria.fenstone7iou8n@mail.test
1363,Darel Wilton,darel.wiltonv2ovgj@example.com
1364,Elria Kelridge,elria.kelridgeifguoq@mail.test
1365,Zabel Dalstone,zabel.dalstone0oeitr@demo.net
1366,Mamon Sanson,mamon.sansonugndh4@demo.net
1367,Zabel Morwell,zabel.morwellez36ep@mail.test
1368,Tabel Belridge,tabel.belridgevos04j@demo.net
1369,Kason Wilman,kason.wilmant9ars1@fakemail.org
1370,Mason Harwell,mason.harwell7k310x@example.com
1371,Benor Fenman,benor.fenman3sftej@example.com
1372,Olrel Dalbrook,olrel.dalbrookk92ssb@example.com
1373,Fanor Fenford,fanor.fenford1lrgvf@demo.net
1374,Zalin Harbrook,zalin.harbrookk2u4nj@example.com
1375,Ellin Sanridge,ellin.sanridgenanglq@demo.net
1376,Parel Kelson,parel.kelsongq6iud@fakemail.org
1377,Mamar Norford,mamar.norfordkyjgg8@example.com
1378,Fason Palwood,fason.palwoodhej6ha@fakemail.org
1379,Alden Sanwood,alden.sanwood8hygj9@example.com
1380,Jobel Lenton,jobel.lentonbfep7g@example.com
1381,Cabel Dalman,cabel.dalmanveto4r@mail.test
1382,Ellin Darbrook,ellin.darbrookk8br00@example.com
1383,Rabel Belwell,rabel.belwellcwfyy7@demo.net
1384,Tavin Lenbrook,tavin.lenbrookhtzori@mail.test
1385,Elsha Dalfield,elsha.dalfieldrrsjv2@example.com
1386,Fanor Dalwood,fanor.dalwoodfg1ilu@demo.net
1387,Raden Belwell,raden.belwell3borau@example.com
1388,Joden Torman,joden.tormanbtzl26@demo.net
1389,Karia Corberg,karia.corberg3jp4hy@example.com
1390,Farel Lenberg,farel.lenbergfy791y@demo.net
1391,Olden Fenwell,olden.fenwell824629@example.com
1392,Vilin Fenwood,vilin.fenwoodb2h5b0@demo.net
1393,Salin Morhart,salin.morhartlt6wbw@demo.net
1394,Caria Harley,caria.harleyrbhk04@mail.test
1395,Elsha Fenridge,elsha.fenridge68n5s7@fakemail.org
1396,Carel Norhart,carel.norharth6lbc5@example.com
1397,Josha Belbrook,josha.belbrookv2kcjg@demo.net
1398,Belin Torbrook,belin.torbrooksglleg@example.com
1399,Farel Lenford,farel.lenford4xvut7@demo.net
1400,Zarel Sanfield,zarel.sanfieldhr9i2c@fakemail.org
1401,Damon Corford,damon.corford6xpbyq@mail.test
1402,Jolan Norley,jolan.norleydwtksk@fakemail.org
1403,Malan Darhart,malan.darhart2a00dx@example.com
1404,Viria Palton,viria.palton7q2n6h@mail.test
1405,Famar Corley,famar.corley0gzu8e@example.com
1406,Kanor Sanman,kanor.sanmand5lmul@example.com
1407,Elrel Lenman,elrel.lenmanmzkb13@example.com
1408,Ollan Lenberg,ollan.lenbergd389d1@mail.test
1409,Jomon Wilton,jomon.wiltonkiprfp@example.com
1410,Salin Torfield,salin.torfield1zl3pu@fakemail.org
1411,Olsha Vanford,olsha.vanford9u7phf@demo.net
1412,Joson Morstone,joson.morstoneol0umq@fakemail.org
1413,Caton Wilwell,caton.wilwell2h9aa4@fakemail.org
1414,Alsha Kelwood,alsha.kelwoodlk6alt@demo.net
1415,Olnor Palman,olnor.palmanir5364@mail.test
1416,Joden Vanridge,joden.vanridgehasfyj@example.com
1417,Paden Vanton,paden.vanton2o7bpw@demo.net
1418,Danor Belman,danor.belmanbogh1f@fakemail.org
1419,Faria Kelbrook,faria.kelbrookmd3m2n@mail.test
1420,Elmon Torford,elmon.torfordwdimzi@fakemail.org
1421,Zamon Vanhart,zamon.vanhartdkf1eo@fakemail.org
1422,Viria Fenberg,viria.fenbergi63ax2@example.com
1423,Casha Lenson,casha.lenson21cj2c@example.com
1424,Danor Darhart,danor.darhartfc340d@demo.net
1425,Taden Harbrook,taden.harbrookgrtm6c@demo.net
1426,Favin Kelman,favin.kelman4dfjpt@example.com
1427,Beria Torridge,beria.torridgeebcur0@fakemail.org
1428,Canor Torberg,canor.torbergfjiq0b@demo.net
1429,Zaton Morwood,zaton.morwoodl8b27p@fakemail.org
1430,Taron Dalman,taron.dalmanuo53vi@fakemail.org
1431,Sason Lenman,sason.lenmanswx6a3@example.com
1432,Vilan Kelman,vilan.kelman6s7po0@fakemail.org
1433,Paria Torstone,paria.torstonep799lr@fakemail.org
1434,Tarel Torfield,tarel.torfieldv6a9vv@fakemail.org
1435,Bebel Darwell,bebel.darwellpcyn66@fakemail.org
1436,Fabel Morwood,fabel.morwoodutcaba@demo.net
1437,Sabel Kelley,sabel.kelleynqyo0y@mail.test
1438,Palin Wilwell,palin.wilwell9jmjwg@demo.net
1439,Nabel Corley,nabel.corley6ran5p@mail.test
1440,Karon Darhart,karon.darhart98uoiy@mail.test
1441,Falan Morson,falan.morsonbozou6@fakemail.org
1442,Jomon Torridge,jomon.torridge9ojmes@mail.test
1443,Falin Norley,falin.norleyersjn4@example.com
1444,Katon Dalman,katon.dalmand8yuyb@demo.net
1445,Saria Vanfield,saria.vanfielda8iyl2@fakemail.org
1446,Belan Willey,belan.willeygfwwpk@demo.net
1447,Zason Kelbrook,zason.kelbrook0d6ced@demo.net
1448,Mabel Sanstone,mabel.sanstonee6sru0@fakemail.org
1449,Naria Vanford,naria.vanford1axo56@mail.test
1450,Almon Sanley,almon.sanleyxti3nt@mail.test
1451,Daria Sanbrook,daria.sanbrook0g7lau@demo.net
1452,Ollan Wilman,ollan.wilmangj9won@demo.net
1453,Zaden Dalridge,zaden.dalridgelyo10f@mail.test
1454,Carel Torley,carel.torleym0l935@example.com
1455,Fason Palley,fason.palley5o7vud@fakemail.org
1456,Sabel Belwell,sabel.belwell07esfk@demo.net
1457,Jobel Palfield,jobel.palfieldv47jr4@demo.net
1458,Pasel Vanley,pasel.vanleyblzd3w@fakemail.org
1459,Albel Darberg,albel.darberg3u1a80@mail.test
1460,Fason Corford,fason.corfordx0a8nh@demo.net
1461,Joton Corwell,joton.corwell3qdzqs@fakemail.org
1462,Ralin Kelman,ralin.kelmanuguo0a@fakemail.org
1463,Zaden Kelman,zaden.kelmantc2zp8@demo.net
1464,Marel Torfield,marel.torfieldznfq2y@demo.net
1465,Jomon Norberg,jomon.norberg48tvyl@fakemail.org
1466,Dalin Fenson,dalin.fensonukgu2u@fakemail.org
1467,Taria Palberg,taria.palbergw7xpj6@example.com
1468,Mavin Morton,mavin.mortondqjsgy@fakemail.org
1469,Olson Wilford,olson.wilfordexsa06@mail.test
1470,Elsha Torton,elsha.torton7iw4zl@mail.test
1471,Nasel Kelton,nasel.kelton7dif5o@demo.net
1472,Daron Corton,daron.cortonvhvsea@example.com
1473,Leria Morberg,leria.morbergl6leqr@example.com
1474,Elria Darton,elria.dartoni6zibg@mail.test
1475,Vibel Norbrook,vibel.norbrookv0nur0@demo.net
1476,Beton Sanman,beton.sanmandcl366@example.com
1477,Karon Fenwood,karon.fenwood1j9rnv@mail.test
1478,Leria Corton,leria.corton8f4fvc@mail.test
1479,Bemar Corson,bemar.corsonwcm8x6@fakemail.org
1480,Lemon Norhart,lemon.norharten1xrh@demo.net
1481,Olbel Norford,olbel.norford8ju3om@mail.test
1482,Zaton Palhart,zaton.palhartpb9oys@demo.net
1483,Rasel Harman,rasel.harmanlpvtfq@fakemail.org
1484,Alsha Torman,alsha.torman8m3fn2@example.com
1485,Malin Norman,malin.normanv2u6t8@fakemail.org
1486,Faton Dalhart,faton.dalhart7vq7lu@fakemail.org
1487,Olbel Kelson,olbel.kelson44fcgj@demo.net
1488,Jobel Kelridge,jobel.kelridgerpa0ob@fakemail.org
1489,Visel Lenford,visel.lenford2mbjsx@mail.test
1490,Falin Fenford,falin.fenfordz791ra@fakemail.org
1491,Tason Kelley,tason.kelley0np6ov@fakemail.org
1492,Elrel Harton,elrel.hartona7zvfp@mail.test
1493,Pamon Morton,pamon.mortonqnl0k0@demo.net
1494,Ramar Torford,ramar.torford54aet0@example.com
1495,Viton Fenson,viton.fenson39kztx@demo.net
1496,Paria Sanhart,paria.sanhartu6prho@demo.net
1497,Famar Torton,famar.torton1ffd8u@fakemail.org
1498,Taton Wilson,taton.wilsonw8s9pm@mail.test
1499,Daden Wilfield,daden.wilfieldbl71gk@example.com
1500,Vilin Norson,vilin.norson3i8zri@demo.net
1501,Taron Kelhart,taron.kelhartzm3td3@demo.net
1502,Elson Harley,elson.harley431sl6@mail.test
1503,Saden Dalley,saden.dalleys03uya@mail.test
1504,Favin Santon,favin.santon6a6fle@fakemail.org
1505,Zamar Norberg,zamar.norberg6ool3z@mail.test
1506,Beron Darson,beron.darsontlobxy@fakemail.org
1507,Lemar Palfield,lemar.palfield87t9i1@fakemail.org
1508,Cason Fenwell,cason.fenwellrprh1r@mail.test
1509,Nabel Morbrook,nabel.morbrookylx4og@mail.test
1510,Bemon Dalton,bemon.daltonikhl02@demo.net
1511,Elria Sanson,elria.sanson65agmu@mail.test
1512,Fason Sanwell,fason.sanwell8qcs41@demo.net
1513,Rason Dalson,rason.dalson1lkk7z@demo.net
1514,Daden Fenton,daden.fentoneutal4@mail.test
1515,Zason Palley,zason.palley25h03d@example.com
1516,Zamar Torwood,zamar.torwoodlo8uuy@demo.net
1517,Leria Kelson,leria.kelson2ecrxo@demo.net
1518,Bevin Fenridge,bevin.fenridge0ubf33@demo.net
1519,Belan Palstone,belan.palstonews4rq4@demo.net
1520,Tamar Sanridge,tamar.sanridgeyfkbct@mail.test
1521,Albel Harford,albel.harford3ieztw@example.com
1522,Benor Darman,benor.darmana6csg6@example.com
1523,Maden Fenhart,maden.fenhartn8lzxc@fakemail.org
1524,Olmon Corhart,olmon.corhartm4paid@mail.test
1525,Cabel Harson,cabel.harsondvrvik@fakemail.org
1526,Bebel Harfield,bebel.harfield02c16f@mail.test
1527,Masha Wilridge,masha.wilridgeqjaux1@fakemail.org
1528,Mason Norson,mason.norson4v631v@demo.net
1529,Talan Santon,talan.santontv18se@mail.test
1530,Fason Belwell,fason.belwell10h4w5@fakemail.org
1531,Olria Belbrook,olria.belbrooknmtbzm@demo.net
1532,Lemon Wilwood,lemon.wilwoodadhf9i@fakemail.org
1533,Paron Torbrook,paron.torbrooklgfk1r@fakemail.org
1534,Tamar Wilhart,tamar.wilhartrs5xt9@demo.net
1535,Olmon Norberg,olmon.norbergp1yt7l@demo.net
1536,Marel Kelman,marel.kelman2f8rr8@mail.test
1537,Elbel Harwood,elbel.harwoodnn4ax5@mail.test
1538,Virel Kelstone,virel.kelstoned7gsx5@fakemail.org
1539,Ollan Belman,ollan.belman1xbh73@demo.net
1540,Leden Darhart,leden.darhart7t28q4@mail.test
1541,Caria Belstone,caria.belstone1dvtx5@example.com
1542,Paton Belwood,paton.belwoodjn8f34@mail.test
1543,Daria Wilstone,daria.wilstone60k57t@demo.net
1544,Zalan Dalford,zalan.dalford5v0g9q@example.com
1545,Kaden Kelfield,kaden.kelfieldwd8gdl@example.com
1546,Maron Kelley,maron.kelleyjo12v7@mail.test
1547,Ollin Palford,ollin.palford7yyd2o@mail.test
1548,Elnor Santon,elnor.santonyjezqd@mail.test
1549,Elrel Darson,elrel.darsonykcbfu@example.com
1550,Manor Darman,manor.darmanyes144@demo.net
1551,Zalan Torhart,zalan.torhartc3fw9b@demo.net
1552,Karel Lenwood,karel.lenwoodn2387s@mail.test
1553,Almon Corberg,almon.corberg7kfzn1@demo.net
1554,Falan Darman,falan.darman0qqt6w@demo.net
1555,Ramon Norson,ramon.norson4zqbir@demo.net
1556,Kaden Vanwell,kaden.vanwell3xih8r@mail.test
1557,Tanor Corman,tanor.corman0ihj7h@example.com
1558,Palan Willey,palan.willeys5h6gc@example.com
1559,Tarel Santon,tarel.santons8defc@example.com
1560,Olson Harley,olson.harleyt55you@example.com
1561,Leson Palson,leson.palsond6ao2v@fakemail.org
1562,Visel Sanwood,visel.sanwood89m4zx@demo.net
1563,Leron Corton,leron.cortonymdqvg@demo.net
1564,Daden Corbrook,daden.corbrook9qkqw4@fakemail.org
1565,Sason Kelley,sason.kelleypif4qo@fakemail.org
1566,Ramar Torhart,ramar.torhartivrpj9@fakemail.org
1567,Faria Darton,faria.darton2nb6kl@example.com
1568,Joria Norfield,joria.norfield1qwqcr@mail.test
1569,Naron Dalridge,naron.dalridgexml4m6@mail.test
1570,Olbel Sanson,olbel.sansonit7o2c@demo.net
1571,Karel Sanwell,karel.sanwellzc6cq4@mail.test
1572,Pamar Lenley,pamar.lenleydjfwus@fakemail.org
1573,Elrel Harwell,elrel.harwell9kxy4z@demo.net
1574,Casha Morwell,casha.morwellejx0ac@example.com
1575,Olmon Lenwood,olmon.lenwood3r5cey@demo.net
1576,Maron Palwood,maron.palwoodnx8nyb@example.com
1577,Levin Torridge,levin.torridgep1x1pj@fakemail.org
1578,Maden Kelson,maden.kelsonq8gamq@example.com
1579,Kasha Corley,kasha.corleyuejty4@example.com
1580,Damon Morwell,damon.morwell1zj6t9@example.com
1581,Cavin Harwood,cavin.harwoodjcmy1u@example.com
1582,Fasel Harbrook,fasel.harbrook7yew7d@mail.test
1583,Zaron Corman,zaron.cormangchhww@fakemail.org
1584,Jobel Darford,jobel.darford0yli31@example.com
1585,Elmar Wilman,elmar.wilmanw4u41u@mail.test
1586,Kason Fenridge,kason.fenridgetk9wai@mail.test
1587,Dalan Palton,dalan.paltonv1y2l2@fakemail.org
1588,Cavin Vanbrook,cavin.vanbrookpibu9s@demo.net
1589,Faden Torhart,faden.torhartraxhzc@demo.net
1590,Joria Vanridge,joria.vanridgeoet3oz@demo.net
1591,Nanor Lenstone,nanor.lenstone78ylxe@demo.net
1592,Raria Vanhart,raria.vanhartz12xrs@mail.test
1593,Falan Wilman,falan.wilmanow9eo3@fakemail.org
1594,Caden Norbrook,caden.norbrookl9253z@mail.test
1595,Salin Belley,salin.belleygw1b7a@demo.net
1596,Viron Norton,viron.nortonxyeg3l@mail.test
1597,Viden Palfield,viden.palfield551yp0@example.com
1598,Damar Fenwood,damar.fenwoodsqn8dj@fakemail.org
1599,Olsel Palford,olsel.palfordf971kq@mail.test
1600,Pasha Wilfield,pasha.wilfieldsk8xtm@demo.net
1601,Caton Norwell,caton.norwell0rxujd@demo.net
1602,Masel Harhart,masel.harhart3a7vi1@fakemail.org
1603,Ellan Torley,ellan.torleynf1064@demo.net
1604,Elmon Kelberg,elmon.kelbergo98itk@fakemail.org
1605,Karon Darson,karon.darson1uhh5o@fakemail.org
1606,Sarel Lenhart,sarel.lenhartaoh0ns@demo.net
1607,Olson Palwood,olson.palwoodff95qt@demo.net
1608,Elvin Palbrook,elvin.palbrookvitud8@demo.net
1609,Elnor Torley,elnor.torleyk1m08q@example.com
1610,Virel Vanton,virel.vantoni001ft@fakemail.org
1611,Caron Palridge,caron.palridgeyq54wb@example.com
1612,Caden Morridge,caden.morridge0onvby@demo.net
1613,Marel Wilhart,marel.wilhart6al8c7@demo.net
1614,Belin Morbrook,belin.morbrookkgqen9@fakemail.org
1615,Zasel Norhart,zasel.norhartojzong@example.com
1616,Damar Torford,damar.torfordlv8cf3@example.com
1617,Lesel Darfield,lesel.darfieldiohpl1@fakemail.org
1618,Kamar Sanford,kamar.sanford7yb1z7@mail.test
1619,Sason Dalberg,sason.dalbergpx89t2@example.com
1620,Daden Darley,daden.darleyrzf6jg@demo.net
1621,Kabel Belson,kabel.belsondcx45q@example.com
1622,Casha Sanstone,casha.sanstonerb2i18@example.com
1623,Raria Lenman,raria.lenmanwrqr72@example.com
1624,Nasel Fenbrook,nasel.fenbrooke6glkj@demo.net
1625,Faria Belstone,faria.belstonezoubm7@mail.test
1626,Tarel Harbrook,tarel.harbrooklmv46z@mail.test
1627,Josel Torberg,josel.torbergtlk8s5@fakemail.org
1628,Jomar Wilwell,jomar.wilwellg3c9be@fakemail.org
1629,Zalin Belford,zalin.belfordboqo37@mail.test
1630,Joton Harstone,joton.harstonexfz4en@mail.test
1631,Paton Dalton,paton.dalton32a3o9@demo.net
1632,Elmar Lenberg,elmar.lenberg1dp053@fakemail.org
1633,Ravin Darberg,ravin.darbergpvwcti@fakemail.org
1634,Rabel Torley,rabel.torley6ba46l@mail.test
1635,Besha Lenford,besha.lenfordquqfg1@example.com
1636,Calin Dalford,calin.dalfordpi67oc@mail.test
1637,Vibel Kelson,vibel.kelsonmwu0f3@demo.net
1638,Taria Vanberg,taria.vanberght2r32@demo.net
1639,Mabel Sanson,mabel.sansonjww38z@fakemail.org
1640,Jovin Dalbrook,jovin.dalbrookyt46wm@demo.net
1641,Viden Kelley,viden.kelley7rvsyl@mail.test
1642,Famar Torwood,famar.torwood6xz8r9@example.com
1643,Dabel Kelwell,dabel.kelwellosb21e@fakemail.org
1644,Casel Fenman,casel.fenman83q11f@demo.net
1645,Olbel Dalley,olbel.dalleyo9a6zh@demo.net
1646,Naron Dalhart,naron.dalhart6ekuba@demo.net
1647,Besel Harford,besel.harfordomff2h@example.com
1648,Canor Kelwood,canor.kelwood77zd59@demo.net
1649,Pamon Morbrook,pamon.morbrookf8t1xq@demo.net
1650,Falan Vanbrook,falan.vanbrookxrfvdp@demo.net
1651,Elnor Palbrook,elnor.palbrookob05f6@fakemail.org
1652,Raria Darman,raria.darman9q6f3x@example.com
1653,Casha Belson,casha.belsond2t30p@demo.net
1654,Beson Kelfield,beson.kelfieldeb3b2v@fakemail.org
1655,Malin Belridge,malin.belridgeztn444@mail.test
1656,Fabel Norson,fabel.norson7u5yz3@demo.net
1657,Jomar Kelbrook,jomar.kelbrooknl1z39@example.com
1658,Olbel Norwood,olbel.norwoodjsizkl@mail.test
1659,Mavin Norson,mavin.norsongw12g9@mail.test
1660,Fason Norford,fason.norfordct7vzv@demo.net
1661,Vilin Kelstone,vilin.kelstonehlybbs@mail.test
1662,Naden Morwell,naden.morwell0u7j1l@example.com
1663,Elnor Darman,elnor.darman1utf37@mail.test
1664,Alden Lenford,alden.lenfordmrfel8@mail.test
1665,Vilan Kelson,vilan.kelsonloitca@fakemail.org
1666,Elsel Lenwood,elsel.lenwoodvov5uu@fakemail.org
1667,Casha Dalwood,casha.dalwoodv5nyuj@example.com
1668,Rasel Wilwood,rasel.wilwoodc3shrv@demo.net
1669,Olton Darson,olton.darsonnxj0t2@demo.net
1670,Vilin Dalberg,vilin.dalberg60er3k@fakemail.org
1671,Olbel Darhart,olbel.darhartbxfkvd@example.com
1672,Salan Kelson,salan.kelsonfup82h@example.com
1673,Taria Corton,taria.cortonpg4nxo@example.com
1674,Ramon Darwell,ramon.darwell5l5mgb@demo.net
1675,Levin Wilwell,levin.wilwellu08los@demo.net
1676,Savin Lenridge,savin.lenridgei2s3b5@mail.test
1677,Nalin Darberg,nalin.darberggleqqo@fakemail.org
1678,Masha Morstone,masha.morstoner5h189@fakemail.org
1679,Dalin Vanfield,dalin.vanfield7f1984@demo.net
1680,Salan Wilwell,salan.wilwello0yhx0@fakemail.org
1681,Samar Harwood,samar.harwoodn4ajnq@demo.net
1682,Sason Torson,sason.torsonoma082@mail.test
1683,Vilin Wilhart,vilin.wilhartvxqk9u@mail.test
1684,Joron Fenson,joron.fenson4ix52u@demo.net
1685,Mamar Corley,mamar.corley73ic76@demo.net
1686,Farel Wilstone,farel.wilstone0mhb3h@demo.net
1687,Savin Lenman,savin.lenman8hd8b7@fakemail.org
1688,Beton Vanfield,beton.vanfieldfdtphx@demo.net
1689,Elsel Dalstone,elsel.dalstone2pxl8j@fakemail.org
1690,Dalin Kelberg,dalin.kelberg1ldw3y@fakemail.org
1691,Rabel Sanfield,rabel.sanfieldspceed@example.com
1692,Nalin Belberg,nalin.belbergr6wb1d@example.com
1693,Dasha Morson,dasha.morsonq4los0@demo.net
1694,Lebel Darbrook,lebel.darbrooks5sv88@mail.test
1695,Beden Corwood,beden.corwoodhfprvn@example.com
1696,Olvin Vanwell,olvin.vanwelljxppu8@example.com
1697,Lemon Vanridge,lemon.vanridgerifgiw@demo.net
1698,Tamon Belwell,tamon.belwell0mjzmv@demo.net
1699,Kanor Darstone,kanor.darstonepgfsd7@mail.test
1700,Maria Lenstone,maria.lenstoneh5hvjk@example.com
1701,Salin Kelley,salin.kelleyr6hvlc@example.com
1702,Joden Morson,joden.morson2pfx1c@example.com
1703,Carel Vanstone,carel.vanstonetq0odj@example.com
1704,Joron Dalridge,joron.dalridgew0e2qj@fakemail.org
1705,Elvin Sanman,elvin.sanmanq1gn3x@mail.test
1706,Kaden Torwell,kaden.torwellythlq8@mail.test
1707,Alrel Dalridge,alrel.dalridge9jed3o@example.com
1708,Malan Palstone,malan.palstonevm48sc@example.com
1709,Rabel Torford,rabel.torfordrhp6ji@example.com
1710,Camar Morman,camar.mormanxwwx2g@mail.test
1711,Taron Belley,taron.belleynbjzbf@demo.net
1712,Paria Palson,paria.palsonp4y8o8@example.com
1713,Narel Vanwell,narel.vanwelldzpfib@demo.net
1714,Elrel Wilton,elrel.wiltonaqfpta@fakemail.org
1715,Mamon Morwell,mamon.morwellcymyy2@fakemail.org
1716,Malin Darwood,malin.darwoodewk0sz@fakemail.org
1717,Kamon Belley,kamon.belley3ctqmx@demo.net
1718,Nasha Wilfield,nasha.wilfieldn8gua9@demo.net
1719,Zason Harbrook,zason.harbrookhuyt9o@demo.net
1720,Bebel Torbrook,bebel.torbrookskjth4@fakemail.org
1721,Tasha Corhart,tasha.corharthjxvow@demo.net
1722,Lelan Vanfield,lelan.vanfieldo0yuo8@demo.net
1723,Lemon Torbrook,lemon.torbrook54bdeh@example.com
1724,Alson Darson,alson.darsonhlz1fo@demo.net
1725,Sasel Wilwell,sasel.wilwell4vfopx@mail.test
1726,Viton Fenley,viton.fenleyc6pgoa@mail.test
1727,Lesel Palson,lesel.palsonqrys5i@fakemail.org
1728,Fabel Darton,fabel.dartona7j6l3@example.com
1729,Ravin Torbrook,ravin.torbrookmnf0o3@mail.test
1730,Olnor Fenwood,olnor.fenwoodb3y9r6@example.com
1731,Benor Kelton,benor.kelton68ijqh@demo.net
1732,Joria Sanwell,joria.sanwelld54m53@demo.net
1733,Olsha Palfield,olsha.palfield7rhsnl@example.com
1734,Taden Kelman,taden.kelman23q94f@demo.net
1735,Fanor Harbrook,fanor.harbrookxgqivp@demo.net
1736,Saton Fenton,saton.fentonhgkgen@demo.net
1737,Allan Harwood,allan.harwoodea3mi7@fakemail.org
1738,Besha Harford,besha.harfordzw2gi3@demo.net
1739,Raria Norbrook,raria.norbrookdayvse@mail.test
1740,Masel Kelman,masel.kelmany5p0fe@fakemail.org
1741,Beton Darhart,beton.darhartbasu67@fakemail.org
1742,Viron Palton,viron.paltonolu2r8@example.com
1743,Favin Corhart,favin.corhartfh2i0v@mail.test
1744,Talin Sanford,talin.sanfordd1ysk0@example.com
1745,Paron Morwell,paron.morwellvgd1ep@fakemail.org
1746,Vilan Torridge,vilan.torridged1x5j8@mail.test
1747,Taron Wilfield,taron.wilfieldoyqklz@demo.net
1748,Danor Norley,danor.norleylxcb0e@fakemail.org
1749,Jobel Vanberg,jobel.vanbergqzqt13@demo.net
1750,Elton Belley,elton.belleycz97rb@mail.test
1751,Raton Sanhart,raton.sanhartmh62bj@demo.net
1752,Salin Norfield,salin.norfield746tcl@fakemail.org
1753,Taron Wilberg,taron.wilberg7bqkvn@demo.net
1754,Berel Corman,berel.cormancpa9mv@example.com
1755,Rasha Darridge,rasha.darridgegyblvy@mail.test
1756,Dalan Norridge,dalan.norridgenzmfsr@mail.test
1757,Nasha Kelford,nasha.kelfordhali7t@mail.test
1758,Beria Sanbrook,beria.sanbrookr9o0em@example.com
1759,Taton Belson,taton.belson3oojld@mail.test
1760,Beton Belton,beton.beltonyxm7ad@mail.test
1761,Navin Norberg,navin.norbergz2v4z6@mail.test
1762,Olsel Corman,olsel.cormankyt5iu@fakemail.org
1763,Zamon Morley,zamon.morley5wrah4@fakemail.org
1764,Olsel Wilridge,olsel.wilridgeaxxs7t@mail.test
1765,Taria Norwell,taria.norwell7hmiju@demo.net
1766,Zalan Sanman,zalan.sanman33ma99@example.com
1767,Falin Wilson,falin.wilsonizuybo@mail.test
1768,Joden Norstone,joden.norstonemxzeak@fakemail.org
1769,Zavin Sanman,zavin.sanmans85wi2@example.com
1770,Naron Torwell,naron.torwell1s6owm@demo.net
1771,Jolin Kelton,jolin.keltonlt33er@demo.net
1772,Nabel Norstone,nabel.norstoneh5kavi@mail.test
1773,Naria Torley,naria.torleyazdfht@example.com
1774,Josel Vanwood,josel.vanwoodkos5ty@fakemail.org
1775,Ranor Lenhart,ranor.lenhart8lq58e@example.com
1776,Faton Torson,faton.torson10w35s@fakemail.org
1777,Olsel Dalley,olsel.dalleyl61ty1@example.com
1778,Tamon Kelberg,tamon.kelbergue4eaa@demo.net
1779,Casel Sanwood,casel.sanwoodvk6j1u@example.com
1780,Zasha Lenman,zasha.lenmanj53c2p@demo.net
1781,Salin Palford,salin.palfordfzf4gc@mail.test
1782,Jobel Palwood,jobel.palwoodxqj2w5@fakemail.org
1783,Namon Palridge,namon.palridge1ywny7@example.com
1784,Rason Wilridge,rason.wilridgeij8zbs@example.com
1785,Elnor Corridge,elnor.corridgexuugrv@example.com
1786,Vimon Corman,vimon.cormanedo0is@example.com
1787,Nason Wilhart,nason.wilharte3x3uc@example.com
1788,Zamar Norley,zamar.norleyfo87xi@demo.net
1789,Mabel Darton,mabel.dartonseps62@example.com
1790,Lemon Willey,lemon.willey1xkyhq@example.com
1791,Jomon Darfield,jomon.darfield4f40li@mail.test
1792,Mabel Harford,mabel.harfordwu19yj@mail.test
1793,Elbel Torman,elbel.tormanibaz3p@example.com
1794,Alsel Torman,alsel.torman3v67b4@example.com
1795,Mason Belson,mason.belsonmhebu9@example.com
1796,Elria Harbrook,elria.harbrookmihcgu@example.com
1797,Visha Norridge,visha.norridgetiikzf@mail.test
1798,Nalin Fenstone,nalin.fenstoneiqfkn1@demo.net
1799,Lemon Belbrook,lemon.belbrookptjlqo@fakemail.org
1800,Sabel Corwood,sabel.corwoodvr724b@example.com
1801,Malan Belwood,malan.belwoodqthyiz@mail.test
1802,Benor Wilman,benor.wilman6d1j6q@demo.net
1803,Fanor Wilridge,fanor.wilridgeozf76h@example.com
1804,Allin Darman,allin.darman5uvq0e@mail.test
1805,Nalan Palford,nalan.palfordsn8kqx@mail.test
1806,Elnor Fenbrook,elnor.fenbrookisf7ih@mail.test
1807,Ralin Lenhart,ralin.lenhartgqmfr5@demo.net
1808,Casel Dalley,casel.dalley8aorty@fakemail.org
1809,Alsha Lenton,alsha.lentondf067m@fakemail.org
1810,Savin Palbrook,savin.palbrookkct7a1@example.com
1811,Paden Morberg,paden.morbergwsq711@fakemail.org
1812,Elmar Wilstone,elmar.wilstonen5f86n@mail.test
1813,Kavin Vanley,kavin.vanleyt2bo65@mail.test
1814,Tanor Wilwood,tanor.wilwoodakljkx@mail.test
1815,Belin Morwell,belin.morwella2xq8s@fakemail.org
1816,Kasel Sanford,kasel.sanfordbzc4n4@mail.test
1817,Zaria Belley,zaria.belleydk32y3@mail.test
1818,Rasel Darley,rasel.darley9vzbgk@example.com
1819,Casel Vanberg,casel.vanbergn7zwtx@example.com
1820,Namar Harwood,namar.harwood20ducg@example.com
1821,Paden Darwell,paden.darwelldq2zzk@mail.test
1822,Nasha Darwell,nasha.darwelli66k5r@demo.net
1823,Alvin Harley,alvin.harleyh1n6j6@example.com
1824,Kamar Kelbrook,kamar.kelbrook35gngn@fakemail.org
1825,Benor Morwell,benor.morwelllxjd61@mail.test
1826,Olmon Vanhart,olmon.vanhartba9mhr@fakemail.org
1827,Pasha Corman,pasha.cormancldqc2@mail.test
1828,Raden Vanford,raden.vanfordv4m06z@fakemail.org
1829,Vimon Harbrook,vimon.harbrookglhdvn@example.com
1830,Vilin Corfield,vilin.corfieldx9ch5g@demo.net
1831,Allan Corbrook,allan.corbrookhz8f5a@mail.test
1832,Alsel Corson,alsel.corsonel6x47@mail.test
1833,Maria Vanstone,maria.vanstone0j93cx@example.com
1834,Besha Fenman,besha.fenmanoy53nf@mail.test
1835,Darel Harstone,darel.harstonekdlvu0@example.com
1836,Mamar Dalbrook,mamar.dalbrook6wt69o@demo.net
1837,Elsha Kelhart,elsha.kelhart3fu1bl@example.com
1838,Vison Vanford,vison.vanfordm0n8zu@example.com
1839,Lemon Harton,lemon.hartonsdz6ha@mail.test
1840,Karel Kelwood,karel.kelwood22j1v4@demo.net
1841,Navin Sanstone,navin.sanstoneruqgfu@demo.net
1842,Viden Torley,viden.torleyb324um@fakemail.org
1843,Alrel Belstone,alrel.belstone5t8tdj@example.com
1844,Alvin Belstone,alvin.belstone1s3rhz@fakemail.org
1845,Lebel Torfield,lebel.torfieldy9f7s0@demo.net
1846,Kabel Norman,kabel.normani4t39r@example.com
1847,Beron Darwell,beron.darwell0s5h9j@fakemail.org
1848,Caria Darwood,caria.darwoodzksygy@demo.net
1849,Dason Dalridge,dason.dalridgee0mc4d@fakemail.org
1850,Vimar Morman,vimar.morman9y52ka@fakemail.org
1851,Jonor Wilman,jonor.wilmanqhadv2@mail.test
1852,Falan Kelley,falan.kelley8tb9qh@mail.test
1853,Viria Darfield,viria.darfield8si2m8@mail.test
1854,Elmar Torwood,elmar.torwoodlznxoi@demo.net
1855,Naria Kelfield,naria.kelfieldq8hfzv@mail.test
1856,Pasha Corridge,pasha.corridgee5dwfr@example.com
1857,Navin Sanhart,navin.sanhartwfn3sj@fakemail.org
1858,Bemon Lenstone,bemon.lenstone55f4g7@mail.test
1859,Palan Corton,palan.cortonyl8cx2@example.com
1860,Viton Morstone,viton.morstonec8yt1f@mail.test
1861,Olvin Torton,olvin.torton29kwfj@demo.net
1862,Elron Palford,elron.palfordooncpm@example.com
1863,Allin Harwell,allin.harwellk9d2jc@fakemail.org
1864,Talin Torwood,talin.torwoodnissm3@mail.test
1865,Dason Belford,dason.belfordwiqhbs@mail.test
1866,Beson Vanstone,beson.vanstonedr2fji@fakemail.org
1867,Fanor Fenwood,fanor.fenwood0k9c2g@mail.test
1868,Vibel Kelbrook,vibel.kelbrook4aofpl@demo.net
1869,Saden Corhart,saden.corhart50oqux@example.com
1870,Manor Dalson,manor.dalsonpk2gw0@fakemail.org
1871,Joron Belfield,joron.belfieldsrfecl@mail.test
1872,Camar Corson,camar.corson6g6txn@fakemail.org
1873,Ramar Vanberg,ramar.vanberg6vlnsm@demo.net
1874,Olsel Harson,olsel.harsonehlr55@mail.test
1875,Taron Morhart,taron.morharti60qdy@example.com
1876,Virel Morbrook,virel.morbrookexrpo2@mail.test
1877,Elria Belridge,elria.belridgeibqac7@mail.test
1878,Caton Dalman,caton.dalmangom4gs@fakemail.org
1879,Pamon Corstone,pamon.corstonewheau6@fakemail.org
1880,Elden Morridge,elden.morridgejqlx1o@mail.test
1881,Caron Darton,caron.dartonkw3c03@fakemail.org
1882,Famar Lenfield,famar.lenfield52r4yd@example.com
1883,Mamon Kelwell,mamon.kelwellywfbsx@fakemail.org
1884,Elvin Kelwell,elvin.kelwellh9y8s3@example.com
1885,Rason Kelbrook,rason.kelbrookp7semb@demo.net
1886,Sason Fenridge,sason.fenridgewp5jtl@example.com
1887,Raton Dalley,raton.dalleyewc56u@fakemail.org
1888,Besel Palford,besel.palford9ithty@example.com
1889,Caria Morwell,caria.morwelldqxwk5@fakemail.org
1890,Katon Norridge,katon.norridgewom872@example.com
1891,Nason Lenford,nason.lenfordq0epbn@fakemail.org
1892,Mason Wilton,mason.wiltonihl9pl@demo.net
1893,Damar Wilbrook,damar.wilbrookjw41m7@demo.net
1894,Fasha Kelhart,fasha.kelhartnmvt3z@mail.test
1895,Lenor Torwood,lenor.torwooduebic6@example.com
1896,Olnor Palbrook,olnor.palbrookwa4mfs@fakemail.org
1897,Lenor Corford,lenor.corfordwkl46m@demo.net
1898,Bemar Torwell,bemar.torwelld5dx4e@mail.test
1899,Olsel Harstone,olsel.harstonel5a9wh@fakemail.org
1900,Saton Corton,saton.cortonhbba6l@example.com
1901,Zabel Lenberg,zabel.lenbergyjkauh@fakemail.org
1902,Zarel Harfield,zarel.harfield69gb3y@fakemail.org
1903,Viron Lenley,viron.lenleym6dc8j@fakemail.org
1904,Dalin Harwood,dalin.harwoodxfyfk6@demo.net
1905,Manor Willey,manor.willeynejoxa@example.com
1906,Casel Harridge,casel.harridgelrhgz5@mail.test
1907,Ollan Kelberg,ollan.kelberg62zfop@example.com
1908,Tavin Corfield,tavin.corfieldu5nhtv@fakemail.org
1909,Zasel Kelson,zasel.kelson7lfjql@fakemail.org
1910,Elden Harstone,elden.harstonemd3bhm@fakemail.org
1911,Elbel Vanhart,elbel.vanhartqxjazy@example.com
1912,Parel Fenbrook,parel.fenbrookzcgycz@fakemail.org
1913,Besel Sanridge,besel.sanridgeq6xsob@mail.test
1914,Davin Darley,davin.darley9pscj9@mail.test
1915,Elsha Palford,elsha.palford03f0sn@fakemail.org
1916,Rarel Harford,rarel.harfordytxinv@example.com
1917,Canor Sanwood,canor.sanwood4i72s3@fakemail.org
1918,Zalin Darridge,zalin.darridgekmrs9a@fakemail.org
1919,Salan Norfield,salan.norfieldlnsyks@fakemail.org
1920,Elsel Torbrook,elsel.torbrookhee18b@demo.net
1921,Favin Vanley,favin.vanley6wizx5@mail.test
1922,Masel Morwood,masel.morwoodlqsf25@mail.test
1923,Falin Fenfield,falin.fenfield6r5bgu@fakemail.org
1924,Namon Vanson,namon.vansonn4faqt@mail.test
1925,Raron Norfield,raron.norfieldlr8jmc@example.com
1926,Lenor Sanman,lenor.sanman9ub32o@demo.net
1927,Viden Morstone,viden.morstoneinvvub@mail.test
1928,Rabel Vanson,rabel.vansonjl18k2@demo.net
1929,Olson Darford,olson.darfordw7ef5p@demo.net
1930,Zaden Kelbrook,zaden.kelbrookulrvml@demo.net
1931,Leron Darson,leron.darsonfdq5wl@example.com
1932,Tason Morfield,tason.morfield24xqfs@demo.net
1933,Daden Dalberg,daden.dalbergb4zvs9@mail.test
1934,Manor Wilridge,manor.wilridge5cyol1@mail.test
1935,Farel Wilridge,farel.wilridge50p72g@mail.test
1936,Alsel Kelridge,alsel.kelridgesxee9k@mail.test
1937,Mason Fenwood,mason.fenwoodnr502z@fakemail.org
1938,Tabel Vanberg,tabel.vanbergbqtevo@mail.test
1939,Zabel Belbrook,zabel.belbrookfrab12@demo.net
1940,Pavin Darhart,pavin.darhartqguwyi@mail.test
1941,Faton Darwood,faton.darwoodxaous9@fakemail.org
1942,Pasha Belford,pasha.belforda40bmg@mail.test
1943,Raron Wilberg,raron.wilbergqwa5ft@demo.net
1944,Visel Fenley,visel.fenleyhkovlh@mail.test
1945,Josha Norbrook,josha.norbrookrtp8ad@example.com
1946,Pamar Darton,pamar.darton8usbna@fakemail.org
1947,Josha Corberg,josha.corberg5vgciy@demo.net
1948,Viron Belberg,viron.belbergzr78oa@fakemail.org
1949,Jovin Darson,jovin.darson19dkvl@fakemail.org
1950,Olden Norberg,olden.norbergr85sea@fakemail.org
1951,Kavin Corfield,kavin.corfield8w4x9j@demo.net
1952,Dasha Kelfield,dasha.kelfieldamixi0@fakemail.org
1953,Kaden Belridge,kaden.belridgeyhpkdy@fakemail.org
1954,Elvin Vanley,elvin.vanleylt9hoa@demo.net
1955,Daron Fenfield,daron.fenfield7fpxyd@demo.net
1956,Carel Vanford,carel.vanfordc4iea4@demo.net
1957,Rabel Kelman,rabel.kelmanq5g61b@fakemail.org
1958,Ellan Lenman,ellan.lenman5qqusq@fakemail.org
1959,Elmar Fenridge,elmar.fenridgez0mqgw@mail.test
1960,Bevin Palford,bevin.palfordlsfes9@example.com
1961,Raden Darford,raden.darfordh9dm66@example.com
1962,Danor Dalwood,danor.dalwoodo4yh6v@mail.test
1963,Falin Morstone,falin.morstone2fg1nq@demo.net
1964,Fason Corfield,fason.corfieldavjaey@fakemail.org
1965,Leria Dalberg,leria.dalbergxf3h7m@fakemail.org
1966,Vison Vanfield,vison.vanfield6dh4nc@example.com
1967,Paron Sanhart,paron.sanhart9otxb7@demo.net
1968,Besha Kelley,besha.kelley1xonvq@fakemail.org
1969,Elria Belberg,elria.belbergku4m6e@example.com
1970,Kasha Norwood,kasha.norwoodzpgp5k@mail.test
1971,Mason Darton,mason.dartonplojir@example.com
1972,Dabel Palfield,dabel.palfieldguqj4b@demo.net
1973,Beron Darhart,beron.darhart5tcg22@mail.test
1974,Karon Torstone,karon.torstone6l9vkl@mail.test
1975,Allan Vanley,allan.vanley7hsw3p@mail.test
1976,Elmon Corford,elmon.corfordkn1744@mail.test
1977,Leron Lenwood,leron.lenwoodebsp54@mail.test
1978,Zasel Morman,zasel.mormanl20bzs@fakemail.org
1979,Alson Wilridge,alson.wilridgev87u5g@mail.test
1980,Pasha Kelberg,pasha.kelbergdodhg5@demo.net
1981,Bevin Belwood,bevin.belwoodafkamr@example.com
1982,Narel Lenridge,narel.lenridgers1ccm@mail.test
1983,Kasel Dalwell,kasel.dalwellxol9gy@example.com
1984,Zaton Wilman,zaton.wilmanwqz5g2@mail.test
1985,Caron Vanbrook,caron.vanbrookxwexjj@demo.net
1986,Jomon Belwell,jomon.belwellvexk28@mail.test
1987,Zason Dalley,zason.dalleysra0pd@demo.net
1988,Ralin Sanman,ralin.sanmanuikjog@mail.test
1989,Zalan Sanfield,zalan.sanfielddv6lxe@demo.net
1990,Daton Kelman,daton.kelman3j1mth@mail.test
1991,Elmon Morhart,elmon.morhartam6cc0@mail.test
1992,Vison Wilman,vison.wilmannr4ps5@mail.test
1993,Narel Corridge,narel.corridge0vqqeg@mail.test
1994,Danor Palhart,danor.palhart80l1s0@mail.test
1995,Almar Fenley,almar.fenleyseln2t@demo.net
1996,Pamar Fenwood,pamar.fenwood2qrb5d@fakemail.org
1997,Belin Darhart,belin.darhart1e6leo@example.com
1998,Mamon Belwood,mamon.belwoodps7uk5@example.com
1999,Zamar Morley,zamar.morleyni0z6m@demo.net
2000,Kasha Wilman,kasha.wilmans3dya1@demo.net
2001,Palan Fenbrook,palan.fenbrookn8kxcs@demo.net
2002,Taron Lenhart,taron.lenhart1ejrzo@fakemail.org
2003,Bevin Palton,bevin.paltonwoxyjq@fakemail.org
2004,Viron Harson,viron.harsonxf94xl@demo.net
2005,Zamar Corson,zamar.corsondbxnsx@fakemail.org
2006,Dasha Fenstone,dasha.fenstonelod6r0@example.com
2007,Nasha Lenberg,nasha.lenberg1uasdk@mail.test
2008,Viton Fenwood,viton.fenwoodzwl473@example.com
2009,Nasha Norman,nasha.norman57yual@fakemail.org
2010,Favin Norberg,favin.norbergdjkn07@fakemail.org
2011,Elnor Dalson,elnor.dalsonljy5bs@example.com
2012,Falin Palwood,falin.palwoodqx6gxn@mail.test
2013,Alsha Morton,alsha.mortonhc0cdo@mail.test
2014,Zarel Kelhart,zarel.kelharty7kqvy@demo.net
2015,Joton Sanwood,joton.sanwoodbp35vu@example.com
2016,Tason Fenwell,tason.fenwell7jbcww@fakemail.org
2017,Naron Vanwell,naron.vanwell2kkk5h@mail.test
2018,Kavin Torfield,kavin.torfieldfgvt11@fakemail.org
2019,Elron Vanman,elron.vanmansnyq5g@example.com
2020,Casel Fenley,casel.fenley5k8gkt@mail.test
2021,Bemon Darman,bemon.darman4labw5@demo.net
2022,Casel Kelstone,casel.kelstoneoq5f43@demo.net
2023,Navin Morford,navin.morfordcbi5xv@demo.net
2024,Zaria Darberg,zaria.darberggkkoos@mail.test
2025,Alson Kelley,alson.kelley7qznfy@fakemail.org
2026,Famon Norstone,famon.norstoneb65ss9@mail.test
2027,Rason Torridge,rason.torridgenn04q6@demo.net
2028,Elvin Torbrook,elvin.torbrooky21077@mail.test
2029,Masel Dalberg,masel.dalbergyrdnkr@fakemail.org
2030,Benor Kelberg,benor.kelberg9bx0xt@mail.test
2031,Beron Wilstone,beron.wilstoneaxykxg@mail.test
2032,Elvin Dalwell,elvin.dalwelli9hsyb@demo.net
2033,Palan Norwell,palan.norwellaxzugf@demo.net
2034,Olnor Corstone,olnor.corstonei5cucc@fakemail.org
2035,Dalan Corwell,dalan.corwellussgyt@fakemail.org
2036,Naria Corbrook,naria.corbrooknanf08@fakemail.org
2037,Alvin Dalwell,alvin.dalwellkwqzzm@example.com
2038,Cabel Lenhart,cabel.lenhartsit6yk@example.com
2039,Davin Kelfield,davin.kelfieldogra8y@example.com
2040,Ramar Darson,ramar.darsont1b7b1@demo.net
2041,Bemon Wilbrook,bemon.wilbrookd37kdl@mail.test
2042,Olbel Belridge,olbel.belridgefb4odi@example.com
2043,Daton Morwell,daton.morwell9zmphw@demo.net
2044,Falin Palson,falin.palsonh39k4j@mail.test
2045,Kaden Corwood,kaden.corwoodvv4ady@demo.net
2046,Talin Vanfield,talin.vanfieldxa1yvi@example.com
2047,Ollan Harridge,ollan.harridgeqrmxb1@demo.net
2048,Zason Dalridge,zason.dalridge9gaa5o@example.com
2049,Maton Belford,maton.belfordz8v2e3@mail.test
2050,Elmon Dalfield,elmon.dalfield9u9c7d@example.com
2051,Elbel Dalridge,elbel.dalridgezdlndt@demo.net
2052,Olsha Palstone,olsha.palstonellsjbw@fakemail.org
2053,Daron Fenridge,daron.fenridge66bbwd@example.com
2054,Visha Dalman,visha.dalmanbjl2cv@demo.net
2055,Kabel Fenton,kabel.fentonbvr01t@example.com
2056,Virel Palwell,virel.palwell8qpm55@demo.net
2057,Parel Kelberg,parel.kelberghvbffm@example.com
2058,Daden Vanford,daden.vanford9u0cbe@mail.test
2059,Nalin Dalford,nalin.dalford4va8ee@example.com
2060,Ravin Harhart,ravin.harhartpb9tjo@demo.net
2061,Rason Morstone,rason.morstone5yjeyi@mail.test
2062,Dabel Torberg,dabel.torbergc1h4j8@demo.net
2063,Talan Palley,talan.palley3p7uel@fakemail.org
2064,Alnor Norwood,alnor.norwoodrdjzpe@fakemail.org
2065,Nabel Norfield,nabel.norfieldw72svf@example.com
2066,Kabel Palstone,kabel.palstone62ox6f@mail.test
2067,Cavin Fenson,cavin.fensonrnmp5z@example.com
2068,Beron Sanford,beron.sanford2twdxs@example.com
2069,Sason Norberg,sason.norbergc6kto2@mail.test
2070,Nalan Dalman,nalan.dalmannf4gol@fakemail.org
2071,Elnor Darhart,elnor.darhartr5tj47@example.com
2072,Olsel Wilson,olsel.wilson4o9xql@fakemail.org
2073,Saron Sanwell,saron.sanwell02ue5i@example.com
2074,Beson Sanwood,beson.sanwoodrmqhb4@fakemail.org
2075,Leria Lenridge,leria.lenridget3po78@mail.test
2076,Tanor Palman,tanor.palmanp3cf42@fakemail.org
2077,Daron Lenberg,daron.lenbergzu6le2@mail.test
2078,Bemon Harridge,bemon.harridgergeuxh@demo.net
2079,Raron Norford,raron.norford9ax5zw@mail.test
2080,Mamar Fenwell,mamar.fenwellcsymnt@example.com
2081,Zasel Darson,zasel.darsonn2m35j@fakemail.org
2082,Daria Torbrook,daria.torbrookx0yojx@fakemail.org
2083,Elden Vanbrook,elden.vanbrook34dg42@mail.test
2084,Alsha Belhart,alsha.belhartv5608e@example.com
2085,Ralan Darbrook,ralan.darbrooke5of1j@fakemail.org
2086,Dabel Palley,dabel.palleyrrpv12@fakemail.org
2087,Sanor Harton,sanor.harton34zrpb@demo.net
2088,Pasha Vanhart,pasha.vanhart3vjv38@fakemail.org
2089,Zabel Fenstone,zabel.fenstoneqkazl6@demo.net
2090,Zalan Wilbrook,zalan.wilbrook8yaart@example.com
2091,Saron Fenbrook,saron.fenbrookbvexiv@mail.test
2092,Besha Belson,besha.belson8u5813@example.com
2093,Joden Vanbrook,joden.vanbrook5qclmf@fakemail.org
2094,Palin Morwell,palin.morwellr0hnuf@example.com
2095,Josel Torwell,josel.torwellbyso9b@example.com
2096,Danor Corwell,danor.corwellxmge0k@demo.net
2097,Dalin Palford,dalin.palfordmkc9xz@mail.test
2098,Famon Torley,famon.torleyqc63yq@mail.test
2099,Calan Belberg,calan.belberg1tzkdt@mail.test
2100,Viden Sanley,viden.sanley7o4j1f@mail.test
2101,Leden Harley,leden.harley1jy8xj@mail.test
2102,Jolan Dalton,jolan.dalton2xh6bg@demo.net
2103,Lelin Darson,lelin.darson5xor6w@fakemail.org
2104,Almon Sanson,almon.sanson8q8m11@example.com
2105,Leron Sanbrook,leron.sanbrooke8gznx@example.com
2106,Favin Wilhart,favin.wilhartk382uh@example.com
2107,Ralin Dalford,ralin.dalford6atjz2@fakemail.org
2108,Casha Vanwood,casha.vanwoodv86g2p@example.com
2109,Leron Norley,leron.norley0y7ttb@demo.net
2110,Olron Vanridge,olron.vanridgea4n5kl@mail.test
2111,Damar Palwell,damar.palwell87lwhn@fakemail.org
2112,Vivin Belwell,vivin.belwellb68qj1@example.com
2113,Falin Torhart,falin.torhart20ig5w@mail.test
2114,Vivin Lenman,vivin.lenman5ow3dd@mail.test
2115,Saron Dalwood,saron.dalwoodswcxsq@fakemail.org
2116,Ranor Fenhart,ranor.fenhartldzqrb@demo.net
2117,Zaden Harhart,zaden.harhart32158r@demo.net
2118,Navin Lenford,navin.lenfordi7znmd@demo.net
2119,Danor Dalley,danor.dalleywkgx5b@mail.test
2120,Elden Palwell,elden.palwellta6dba@example.com
2121,Salan Torfield,salan.torfieldx75agu@demo.net
2122,Cason Dalson,cason.dalsonra691o@demo.net
2123,Dalin Kelford,dalin.kelfordfron02@mail.test
2124,Zalin Wilwell,zalin.wilwellvuw5gc@demo.net
2125,Tabel Wilman,tabel.wilman9n2v7x@mail.test
2126,Lenor Sanberg,lenor.sanberg24wz2r@mail.test
2127,Calin Vanwell,calin.vanwell937dep@example.com
2128,Belan Belford,belan.belfordet0mj4@mail.test
2129,Taton Dalwell,taton.dalwellv9wqzr@fakemail.org
2130,Alrel Corwood,alrel.corwood2y2j3y@example.com
2131,Dalin Kelfield,dalin.kelfield83pctv@example.com
2132,Zalan Wilwell,zalan.wilwellghi37z@demo.net
2133,Maron Dalhart,maron.dalhartjq4z2h@demo.net
2134,Mason Lenwell,mason.lenwellwrco93@demo.net
2135,Olrel Willey,olrel.willeywmc0ig@example.com
2136,Favin Darford,favin.darfordorydas@example.com
2137,Saden Torford,saden.torfordf1mug7@demo.net
2138,Elden Dalford,elden.dalfordc58vwc@fakemail.org
2139,Lesel Darridge,lesel.darridgevv53r5@fakemail.org
2140,Kamon Corridge,kamon.corridgeij3fkg@demo.net
2141,Jovin Norwood,jovin.norwoodmn7xpm@example.com
2142,Daron Corridge,daron.corridge4tqcrz@example.com
2143,Dason Torstone,dason.torstoned1e130@demo.net
2144,Ellan Fenley,ellan.fenleyhypwgh@fakemail.org
2145,Tarel Fenwood,tarel.fenwoodpnxl4t@fakemail.org
2146,Benor Palfield,benor.palfieldjdr4b4@fakemail.org
2147,Kasel Torwell,kasel.torwellf53ak3@mail.test
2148,Rason Belbrook,rason.belbrook7oi0ny@demo.net
2149,Visel Morhart,visel.morhart9md8x0@demo.net
2150,Tavin Kelford,tavin.kelford71i6yy@demo.net
2151,Taden Corford,taden.corfordzwgwpm@demo.net
2152,Nalan Corstone,nalan.corstoneswmnrd@example.com
2153,Josha Palhart,josha.palhartqc7s4w@fakemail.org
2154,Tamon Belfield,tamon.belfieldyy50h7@mail.test
2155,Kamon Morton,kamon.mortonphwfg0@example.com
2156,Almon Dalson,almon.dalsonkxos74@demo.net
2157,Taria Morberg,taria.morbergyg2zf9@mail.test
2158,Vilan Morhart,vilan.morhartxyyzbn@demo.net
2159,Cabel Torson,cabel.torsonk0qtn1@fakemail.org
2160,Vinor Harhart,vinor.harhart8hq277@fakemail.org
2161,Besel Vanton,besel.vantonvht0pk@example.com
2162,Calan Lenford,calan.lenford7hlavl@example.com
2163,Favin Palford,favin.palfordo0fecy@mail.test
2164,Malan Belford,malan.belfordmj2ura@fakemail.org
2165,Kamon Harberg,kamon.harberga6y8gu@mail.test
2166,Joron Corridge,joron.corridgevn0dco@mail.test
2167,Sason Corwell,sason.corwellzd26go@example.com
2168,Vilin Dalford,vilin.dalfordj7law2@fakemail.org
2169,Mavin Fenley,mavin.fenley3gfarz@example.com
2170,Taron Sanman,taron.sanmanar7cw4@mail.test
2171,Sasel Vanfield,sasel.vanfieldusicqp@mail.test
2172,Zavin Dalfield,zavin.dalfieldw337a2@mail.test
2173,Elnor Palwell,elnor.palwellkn8whl@mail.test
2174,Jonor Fenbrook,jonor.fenbrookfjhn4t@demo.net
2175,Faria Darman,faria.darmanek7sby@fakemail.org
2176,Zalin Fenhart,zalin.fenhartej3n91@example.com
2177,Nanor Palson,nanor.palsonue6f2s@demo.net
2178,Besha Palridge,besha.palridge4xv3ht@fakemail.org
2179,Taton Vanberg,taton.vanberg59bgyb@mail.test
2180,Masel Darwell,masel.darwellvjoj6q@mail.test
2181,Olmar Sanford,olmar.sanfordltzbsx@mail.test
2182,Elnor Willey,elnor.willeyq4sbu3@fakemail.org
2183,Beson Corberg,beson.corberg92o64z@example.com
2184,Zaron Sanhart,zaron.sanhartw3at7x@example.com
2185,Alton Wilson,alton.wilsoncdxb82@example.com
2186,Alden Belman,alden.belmanvo7ke4@example.com
2187,Joria Lenman,joria.lenmanlx95x4@fakemail.org
2188,Malin Fenwell,malin.fenwellmqc236@example.com
2189,Lelan Sanford,lelan.sanford9326yw@example.com
2190,Zavin Darman,zavin.darmanty4v18@demo.net
2191,Masel Lenford,masel.lenford1nv2ad@fakemail.org
2192,Ramar Palbrook,ramar.palbrookrkl53d@demo.net
2193,Naden Wilhart,naden.wilharta626ob@example.com
2194,Leson Lenstone,leson.lenstonelcbuna@demo.net
2195,Josha Corson,josha.corsondlxi5v@demo.net
2196,Malin Lenford,malin.lenforddctwit@fakemail.org
2197,Paria Corford,paria.corfordkiuf4e@fakemail.org
2198,Ellin Vanridge,ellin.vanridgei49c17@example.com
2199,Elvin Darbrook,elvin.darbrookjmspgx@mail.test
2200,Belan Darwood,belan.darwoodfl390f@fakemail.org
2201,Kalin Kelford,kalin.kelfordta1e1k@demo.net
2202,Tarel Dalridge,tarel.dalridgeh4qn2e@mail.test
2203,Fabel Harhart,fabel.harhartctfw3k@mail.test
2204,Benor Vanman,benor.vanman9z4bhv@fakemail.org
2205,Viden Norberg,viden.norbergfvu92w@example.com
2206,Joden Norley,joden.norleyisr797@demo.net
2207,Tarel Sanberg,tarel.sanbergf950to@demo.net
2208,Berel Sanson,berel.sansonrx5166@fakemail.org
2209,Elbel Sanson,elbel.sanson1skrzp@mail.test
2210,Maden Lenman,maden.lenmanstyjgc@demo.net
2211,Nasel Fenford,nasel.fenfordghtk3p@example.com
2212,Casel Wilton,casel.wilton72reds@mail.test
2213,Beria Darberg,beria.darbergnmgdkb@example.com
2214,Visha Torfield,visha.torfield8bj6wh@mail.test
2215,Alron Kelridge,alron.kelridgedhc6q9@mail.test
2216,Lelin Palson,lelin.palsonwge98e@fakemail.org
2217,Damar Palton,damar.palton2d602j@demo.net
2218,Joton Fenson,joton.fensonjgt0js@demo.net
2219,Faton Harford,faton.harford6vpjoa@example.com
2220,Sasha Wilwell,sasha.wilwelloh1sjk@example.com
2221,Malin Kelson,malin.kelsonhhrlqt@example.com
2222,Karel Lenfield,karel.lenfieldpi7d4n@fakemail.org
2223,Elnor Torstone,elnor.torstonenlkqnb@demo.net
2224,Dalan Harstone,dalan.harstonerkkr4p@mail.test
2225,Rasel Wilwell,rasel.wilwell7e8fgi@fakemail.org
2226,Leton Darton,leton.darton4wqtha@mail.test
2227,Kasel Morley,kasel.morley8mj34d@fakemail.org
2228,Camar Belbrook,camar.belbrookye74m3@example.com
2229,Ramar Palridge,ramar.palridgecbtohk@demo.net
2230,Saria Lenwood,saria.lenwood86kgae@fakemail.org
2231,Olnor Sanman,olnor.sanmanvlfq25@fakemail.org
2232,Mamar Dalridge,mamar.dalridgen0scq0@fakemail.org
2233,Olron Sanwood,olron.sanwoodool4ii@demo.net
2234,Paden Corstone,paden.corstonec8wrmf@example.com
2235,Saton Sanford,saton.sanfordppx7m2@fakemail.org
2236,Elsha Morstone,elsha.morstoneqfdty7@example.com
2237,Raden Sanford,raden.sanford0ok7bm@fakemail.org
2238,Elsha Belhart,elsha.belhart1t7b23@example.com
2239,Alnor Corstone,alnor.corstoneiwhqsm@demo.net
2240,Famar Norwood,famar.norwoodjmthb0@mail.test
2241,Mason Darfield,mason.darfieldjeubuh@demo.net
2242,Joron Fenridge,joron.fenridgeite7s0@example.com
2243,Sarel Darstone,sarel.darstonemlb67t@demo.net
2244,Sarel Harhart,sarel.harhartvx9bun@mail.test
2245,Mamar Lenson,mamar.lenson2csxet@fakemail.org
2246,Leron Torhart,leron.torhart7h625s@fakemail.org
2247,Ralan Norwell,ralan.norwelln7jfd1@example.com
2248,Ollan Darton,ollan.dartonezra96@demo.net
2249,Taton Wilhart,taton.wilhartnbjm9l@mail.test
2250,Sason Vanson,sason.vansonmabpl9@fakemail.org
2251,Fasha Norfield,fasha.norfieldxp6n7o@mail.test
2252,Ranor Corfield,ranor.corfieldoo2i32@fakemail.org
2253,Nasel Vanbrook,nasel.vanbrookmpisx9@example.com
2254,Katon Morwood,katon.morwoodg4z58g@example.com
2255,Berel Sanridge,berel.sanridgejbx8pg@demo.net
2256,Namar Norwood,namar.norwoodamkiz6@example.com
2257,Mamar Corton,mamar.cortonwbnbb8@fakemail.org
2258,Kanor Lenley,kanor.lenleyce20sd@fakemail.org
2259,Mamar Norton,mamar.nortonnshgw6@demo.net
2260,Tasha Morton,tasha.mortone76n1z@example.com
2261,Kalan Fenton,kalan.fentongt6whd@fakemail.org
2262,Caden Darson,caden.darsonotudcz@mail.test
2263,Paron Fenbrook,paron.fenbrookm14gw2@demo.net
2264,Zason Sanberg,zason.sanbergqa8p5b@demo.net
2265,Camar Wilridge,camar.wilridgeak9r8t@example.com
2266,Panor Vanhart,panor.vanhart5oymxi@example.com
2267,Allan Vanridge,allan.vanridgetndpu5@fakemail.org
2268,Vimon Belton,vimon.belton1zstmx@demo.net
2269,Salan Kelton,salan.keltonu516nq@mail.test
2270,Camon Vanton,camon.vantoni83hsb@fakemail.org
2271,Elden Lenley,elden.lenley6jxj08@mail.test
2272,Faria Belwood,faria.belwoodg1a4gj@mail.test
2273,Belin Fenton,belin.fenton2p96te@example.com
2274,Albel Darwell,albel.darwellb0tfq6@demo.net
2275,Kason Lenley,kason.lenleyikwntw@demo.net
2276,Faden Harberg,faden.harbergbnw3qw@example.com
2277,Leria Corford,leria.corfordickkks@demo.net
2278,Alrel Kelhart,alrel.kelhartcjspiy@demo.net
2279,Jomon Corfield,jomon.corfieldsngoy7@mail.test
2280,Lemon Morwood,lemon.morwoodcl8him@demo.net
2281,Zason Belstone,zason.belstonef57fmb@fakemail.org
2282,Zalin Dalstone,zalin.dalstoneo5tfyr@example.com
2283,Saton Morwood,saton.morwoodvqoaed@example.com
2284,Joson Morson,joson.morsonw9m4kt@fakemail.org
2285,Naria Darford,naria.darfordoropaw@fakemail.org
2286,Zanor Belwell,zanor.belwellmfpsyb@demo.net
2287,Elden Wilford,elden.wilford1mncae@mail.test
2288,Pason Sanman,pason.sanmaniy7kcc@demo.net
2289,Raden Corman,raden.cormanlvhdqm@demo.net
2290,Lebel Morley,lebel.morleyd98a1y@mail.test
2291,Daria Palson,daria.palson3uzwun@mail.test
2292,Zaron Harberg,zaron.harbergkzto24@fakemail.org
2293,Parel Fenson,parel.fenson1cmddq@fakemail.org
2294,Elmon Corberg,elmon.corbergph32ud@demo.net
2295,Josha Harridge,josha.harridgegwwxbg@demo.net
2296,Taria Wilman,taria.wilmanus5lrq@demo.net
2297,Levin Palbrook,levin.palbrook1wo1de@fakemail.org
2298,Salan Santon,salan.santon6irv60@mail.test
2299,Saron Dalfield,saron.dalfieldtm962i@example.com
2300,Kasha Torridge,kasha.torridge2leru5@mail.test
2301,Caron Harford,caron.harfordhrvu6x@example.com
2302,Ramon Darwood,ramon.darwoodmvhdpb@mail.test
2303,Fasha Dalberg,fasha.dalbergrw8ket@mail.test
2304,Manor Harson,manor.harsonnpy7n4@demo.net
2305,Fasha Norridge,fasha.norridgefo4ea0@mail.test
2306,Leron Palridge,leron.palridge9cw3ve@mail.test
2307,Paron Norley,paron.norleyc3t6ew@fakemail.org
2308,Vilin Vanridge,vilin.vanridgedia5db@example.com
2309,Navin Wilbrook,navin.wilbrook2qapeq@example.com
2310,Kasel Palson,kasel.palsonjfcmca@mail.test
2311,Allan Lenman,allan.lenmanevuo4m@fakemail.org
2312,Karia Morhart,karia.morhartkbc9ux@example.com
2313,Paria Corfield,paria.corfieldcjqtef@fakemail.org
2314,Lenor Norbrook,lenor.norbrookxpgx5c@example.com
2315,Elson Morbrook,elson.morbrookx1l978@demo.net
2316,Berel Torson,berel.torsonor6rq7@mail.test
2317,Olson Vanson,olson.vansonu5w49i@example.com
2318,Daron Sanford,daron.sanforduolt0g@demo.net
2319,Samon Vanman,samon.vanmane0y7fl@fakemail.org
2320,Beton Corson,beton.corsonqq4x5m@fakemail.org
2321,Dason Torberg,dason.torbergnpab0x@demo.net
2322,Naron Norton,naron.norton807qfc@example.com
2323,Raron Belley,raron.belleylsw3hw@demo.net
2324,Pamar Dalbrook,pamar.dalbrookw0esqs@example.com
2325,Caria Corfield,caria.corfieldep6ctg@fakemail.org
2326,Palan Kelton,palan.keltonzoeuls@demo.net
2327,Zabel Harwood,zabel.harwood6wnusd@fakemail.org
2328,Elnor Palridge,elnor.palridgene08jx@example.com
2329,Karel Corley,karel.corleye5abu0@demo.net
2330,Damar Dalford,damar.dalfordhmv8ar@demo.net
2331,Elbel Dalley,elbel.dalleymj2lbm@demo.net
2332,Zalan Morley,zalan.morleyv9gyxz@example.com
2333,Namon Vanbrook,namon.vanbrooky8dlvq@demo.net
2334,Zasha Corman,zasha.corman849cg4@demo.net
2335,Faron Dalson,faron.dalson6zqouy@example.com
2336,Cavin Kelley,cavin.kelleyd1bgmw@fakemail.org
2337,Saden Sanridge,saden.sanridgebdzdhv@mail.test
2338,Naden Norhart,naden.norhart9snopz@demo.net
2339,Paria Darford,paria.darford6e8fpd@fakemail.org
2340,Alria Corbrook,alria.corbrookh41l9p@demo.net
2341,Masel Kelwood,masel.kelwoodeg10xx@fakemail.org
2342,Leden Wilfield,leden.wilfield6m1sg4@example.com
2343,Daria Dalley,daria.dalley1up31e@mail.test
2344,Vivin Sanson,vivin.sansonwirm8i@fakemail.org
2345,Pason Morwell,pason.morwell2oggs2@fakemail.org
2346,Ralin Harstone,ralin.harstone166onx@demo.net
2347,Taton Vanson,taton.vansonutefo1@fakemail.org
2348,Saden Palford,saden.palfordtfew7m@demo.net
2349,Dasel Darson,dasel.darson4vwore@demo.net
2350,Elvin Lenridge,elvin.lenridgex44xcb@demo.net
2351,Lemar Sanridge,lemar.sanridgejgwmzm@fakemail.org
2352,Malin Kelbrook,malin.kelbrook8xhdy2@fakemail.org
2353,Beden Palman,beden.palmanexh3au@demo.net
2354,Elmon Kelwell,elmon.kelwell4y1zrv@demo.net
2355,Pamar Fenhart,pamar.fenhartjsdvln@demo.net
2356,Ollan Corman,ollan.cormanbbg15x@example.com
2357,Nason Torwell,nason.torwellfz5adg@example.com
2358,Taden Vanstone,taden.vanstoneley418@example.com
2359,Nasel Norson,nasel.norson4p59p9@fakemail.org
2360,Elvin Lenstone,elvin.lenstone89xpe9@mail.test
2361,Narel Norstone,narel.norstonec75a7t@fakemail.org
2362,Tabel Belwood,tabel.belwood3qr1dq@mail.test
2363,Daden Harstone,daden.harstonem9609q@demo.net
2364,Danor Lenstone,danor.lenstonely6593@demo.net
2365,Naria Darwood,naria.darwood6ql6cr@mail.test
2366,Tason Vanfield,tason.vanfieldibitin@example.com
2367,Manor Palley,manor.palleyuw3qli@mail.test
2368,Kason Sanberg,kason.sanberghrlabw@fakemail.org
2369,Olmar Torfield,olmar.torfieldrrcbcx@mail.test
2370,Elnor Palton,elnor.paltonkjir8r@example.com
2371,Naton Belford,naton.belford9y6a9o@demo.net
2372,Leton Vanberg,leton.vanbergz6i1wd@example.com
2373,Pason Torson,pason.torson8ntne6@demo.net
2374,Farel Harton,farel.harton90ltxo@mail.test
2375,Alton Fenton,alton.fentonmz8gb6@example.com
2376,Berel Darman,berel.darman2fbkl9@fakemail.org
2377,Albel Kelfield,albel.kelfield1mfb7u@fakemail.org
2378,Salan Wilford,salan.wilfordxqjd5o@fakemail.org
2379,Zabel Darley,zabel.darleyozmcl2@fakemail.org
2380,Daria Sanman,daria.sanmanh3t63x@fakemail.org
2381,Kamar Palman,kamar.palman69cg8l@example.com
2382,Panor Fenman,panor.fenmanm2f4q3@fakemail.org
2383,Joson Fenbrook,joson.fenbrookgwfs5r@fakemail.org
2384,Falan Morbrook,falan.morbrookfgv5pi@mail.test
2385,Saton Harridge,saton.harridgempk70r@demo.net
2386,Besha Belman,besha.belman0l4he3@example.com
2387,Ranor Morstone,ranor.morstonehdt9oq@example.com
2388,Lerel Corwell,lerel.corwellqnn2n6@example.com
2389,Kalin Fenford,kalin.fenfordk7d5gi@demo.net
2390,Jobel Belstone,jobel.belstone5a3isq@mail.test
2391,Paron Sanstone,paron.sanstoneumcwuf@example.com
2392,Jorel Norson,jorel.norsonsfo6ut@mail.test
2393,Zasha Palbrook,zasha.palbrook84qe8l@fakemail.org
2394,Daron Dalstone,daron.dalstoneiroa49@demo.net
2395,Rabel Darman,rabel.darman2vigcn@example.com
2396,Lenor Harberg,lenor.harberg743v3q@example.com
2397,Alson Darwood,alson.darwoodq9cgaw@fakemail.org
2398,Talin Norbrook,talin.norbrookuhzipk@example.com
2399,Alria Lenbrook,alria.lenbrook23c374@mail.test
2400,Kabel Dalberg,kabel.dalberg3rpwp6@fakemail.org
2401,Tarel Belstone,tarel.belstonens3l57@demo.net
2402,Maton Lenridge,maton.lenridgeuwwjuu@fakemail.org
2403,Besha Sanberg,besha.sanberggtzazb@mail.test
2404,Ralin Vanwood,ralin.vanwooduzxcyn@demo.net
2405,Vinor Vanman,vinor.vanmangu54sd@example.com
2406,Naden Belhart,naden.belhartcibl7y@demo.net
2407,Tabel Dalley,tabel.dalleyhnap7p@example.com
2408,Naria Sanhart,naria.sanhartms34y6@fakemail.org
2409,Taton Darstone,taton.darstonecteii6@fakemail.org
2410,Danor Corman,danor.corman68dv61@demo.net
2411,Alson Palwood,alson.palwood3heczj@mail.test
2412,Berel Corridge,berel.corridged2sryi@example.com
2413,Benor Lenwell,benor.lenwell0mfrj9@demo.net
2414,Vimar Sanford,vimar.sanfordpqn3po@demo.net
2415,Taron Harman,taron.harmanm5b65v@mail.test
2416,Darel Belbrook,darel.belbrookf2bz32@demo.net
2417,Nasel Sanhart,nasel.sanhartlj2l01@mail.test
2418,Samon Torbrook,samon.torbrook34m9z5@mail.test
2419,Davin Darwell,davin.darwell88ef4e@mail.test
2420,Visha Lenman,visha.lenman1jvtui@demo.net
2421,Caton Norbrook,caton.norbrookoa5pbs@fakemail.org
2422,Olnor Harfield,olnor.harfieldap6w4g@fakemail.org
2423,Belin Dalwell,belin.dalwell5t2bbr@mail.test
2424,Dalan Wilstone,dalan.wilstone00yrxb@demo.net
2425,Samar Corbrook,samar.corbrookskhwlj@mail.test
2426,Camar Harstone,camar.harstonesv1gjo@mail.test
2427,Vilin Lenwell,vilin.lenwell0rnoaa@fakemail.org
2428,Tasel Dalfield,tasel.dalfieldkb9p3u@example.com
2429,Nasel Dalwell,nasel.dalwell47ssnf@fakemail.org
2430,Olrel Vanson,olrel.vanson7sf7dq@demo.net
2431,Mason Darley,mason.darleyq917j9@example.com
2432,Casha Torridge,casha.torridge0cf4bc@demo.net
2433,Davin Dalton,davin.daltonpyep4n@fakemail.org
2434,Alnor Corwell,alnor.corwellu1n6yh@mail.test
2435,Ralin Santon,ralin.santonapwj8r@mail.test
2436,Rasha Belstone,rasha.belstone0fzzhx@mail.test
2437,Maria Wilwell,maria.wilwell28musq@example.com
2438,Dasha Morbrook,dasha.morbrookfqm9fr@demo.net
2439,Kavin Vanford,kavin.vanfordu2dfrg@example.com
2440,Joson Morridge,joson.morridgehvk7vw@example.com
2441,Elmon Fenwood,elmon.fenwoodixn3sh@example.com
2442,Palin Belson,palin.belson81g2yd@mail.test
2443,Elron Fenson,elron.fensonaydlzu@demo.net
2444,Vilan Palridge,vilan.palridge2tkmqt@demo.net
2445,Talan Fenson,talan.fensont21gqu@example.com
2446,Pasel Darfield,pasel.darfield8foxy2@mail.test
2447,Fanor Torman,fanor.torman0gux50@fakemail.org
2448,Caton Sanberg,caton.sanberg6t1xbq@fakemail.org
2449,Salan Sanberg,salan.sanbergtvy9gq@demo.net
2450,Naria Norbrook,naria.norbrookw81y37@example.com
2451,Ranor Belhart,ranor.belhartbagspe@demo.net
2452,Sasha Dalford,sasha.dalfordvb3ufa@fakemail.org
2453,Talin Lenman,talin.lenmanp1xkg0@fakemail.org
2454,Lerel Harwell,lerel.harwelliq5sts@mail.test
2455,Manor Lenberg,manor.lenbergjg8iqn@example.com
2456,Zaton Willey,zaton.willeyqm4o30@demo.net
2457,Taden Morberg,taden.morbergl3u71t@fakemail.org
2458,Marel Sanridge,marel.sanridgeb1u1u8@fakemail.org
2459,Elsha Corridge,elsha.corridge72fta0@fakemail.org
2460,Calin Fenhart,calin.fenhartwcnc1n@fakemail.org
2461,Casha Morton,casha.mortonrekfhn@fakemail.org
2462,Leron Dalfield,leron.dalfieldqrt309@mail.test
2463,Elnor Harberg,elnor.harbergbh64f1@mail.test
2464,Rasel Darwood,rasel.darwood3142qn@demo.net
2465,Almar Belridge,almar.belridgehs10dc@mail.test
2466,Ramar Vanson,ramar.vansonwe65b6@mail.test
2467,Dasel Corley,dasel.corleye5g42c@demo.net
2468,Olmar Kelford,olmar.kelfordi5d1t8@fakemail.org
2469,Casha Torfield,casha.torfieldp5xgkk@fakemail.org
2470,Benor Norford,benor.norfordsj23ly@demo.net
2471,Dalan Darson,dalan.darsonb7klzt@mail.test
2472,Malin Morman,malin.mormanp8k083@example.com
2473,Maden Kelton,maden.keltonfwb0ab@example.com
2474,Caria Torton,caria.tortonwnjges@example.com
2475,Alvin Norbrook,alvin.norbrooknnh6it@demo.net
2476,Famar Palbrook,famar.palbrooki1aqxt@fakemail.org
2477,Elron Fenton,elron.fentonm03vi3@demo.net
2478,Olsha Torwood,olsha.torwoodbu8pyx@example.com
2479,Vimon Torwood,vimon.torwooddjxq3l@mail.test
2480,Pasel Lenton,pasel.lentonmh4qi9@demo.net
2481,Namon Torman,namon.tormangnbb96@fakemail.org
2482,Olnor Kelwood,olnor.kelwoodsmhv5j@example.com
2483,Canor Belridge,canor.belridgeg9gdny@mail.test
2484,Ravin Dalstone,ravin.dalstoneujb5ju@fakemail.org
2485,Virel Sanwell,virel.sanwell051b2n@demo.net
2486,Pasel Fenson,pasel.fensonyogocy@example.com
2487,Maria Palberg,maria.palbergeo5a2u@demo.net
2488,Ranor Torstone,ranor.torstonejvjmnz@mail.test
2489,Olmon Vanson,olmon.vanson6i7j84@fakemail.org
2490,Elson Morwell,elson.morwellp4tx19@mail.test
2491,Vimar Belridge,vimar.belridgekpd8yr@demo.net
2492,Alron Morley,alron.morleya6smky@example.com
2493,Leton Morford,leton.morfordlr2r97@fakemail.org
2494,Naton Lenton,naton.lenton09fo8b@mail.test
2495,Zamon Norfield,zamon.norfield0p2b4a@example.com
2496,Daden Lenfield,daden.lenfieldvhnzog@demo.net
2497,Jomar Harberg,jomar.harbergu5lxc0@example.com
2498,Caton Vanton,caton.vanton63qdib@example.com
2499,Jorel Norstone,jorel.norstoneff8zti@demo.net
2500,Mamon Fenridge,mamon.fenridge6t5n3x@mail.test
2501,Manor Corford,manor.corford1buzm4@mail.test
2502,Belan Darbrook,belan.darbrook869tba@fakemail.org
2503,Zasel Torwood,zasel.torwood5os1hc@demo.net
2504,Virel Kelley,virel.kelleykfjjd4@example.com
2505,Elnor Morridge,elnor.morridge3c2wzz@mail.test
2506,Sasha Fenford,sasha.fenfordkm0kj5@mail.test
2507,Karel Corwood,karel.corwoodvk40yt@fakemail.org
2508,Lenor Vanman,lenor.vanmanquccev@example.com
2509,Caron Vanson,caron.vansond2jxv2@demo.net
2510,Jomon Morman,jomon.mormanjc375m@fakemail.org
2511,Jobel Lenman,jobel.lenmantu0efb@example.com
2512,Tanor Corridge,tanor.corridgeyb1bu5@demo.net
2513,Karon Sanford,karon.sanfordgopvac@mail.test
2514,Vilan Palton,vilan.paltone72i2w@demo.net
2515,Zasha Morley,zasha.morleygv4ujf@fakemail.org
2516,Davin Darfield,davin.darfield5x6d9i@demo.net
2517,Bemar Belridge,bemar.belridgee3p3zj@example.com
2518,Jolin Fenbrook,jolin.fenbrookxxheb3@example.com
2519,Joden Vanberg,joden.vanbergrht826@fakemail.org
2520,Jobel Sanford,jobel.sanfordhzmxix@demo.net
2521,Alvin Palstone,alvin.palstoneet88d6@demo.net
2522,Karel Sanhart,karel.sanhart8vdk3b@fakemail.org
2523,Olden Dalley,olden.dalleyz89f6r@mail.test
2524,Albel Palberg,albel.palbergiwp0eo@mail.test
2525,Marel Harbrook,marel.harbrook2qfnqn@fakemail.org
2526,Lerel Wilhart,lerel.wilhartk4563v@demo.net
2527,Viden Lenton,viden.lentonifkq7b@demo.net
2528,Levin Lenwood,levin.lenwoodyxn6ok@demo.net
2529,Fanor Corson,fanor.corsontz1672@mail.test
2530,Mamar Belson,mamar.belson21xwkn@mail.test
2531,Zabel Kelridge,zabel.kelridge5ogcjt@demo.net
2532,Kasha Dalridge,kasha.dalridge8l3agd@mail.test
2533,Elsel Vanford,elsel.vanfordnn7y08@demo.net
2534,Calan Norton,calan.nortonf55mmc@example.com
2535,Damon Darley,damon.darleypvvc66@demo.net
2536,Ellin Belford,ellin.belforde0udjy@fakemail.org
2537,Pavin Kelley,pavin.kelleyle2xz7@mail.test
2538,Karel Palbrook,karel.palbrook5k18l0@mail.test
2539,Zarel Vanson,zarel.vansony5dq94@mail.test
2540,Kabel Lenbrook,kabel.lenbrookbdz6or@fakemail.org
2541,Leria Sanstone,leria.sanstoneh1zafj@fakemail.org
2542,Fason Wilwell,fason.wilwell0sh7bj@example.com
2543,Samar Dalley,samar.dalley1d9lxr@mail.test
2544,Cavin Fenstone,cavin.fenstone6rws0z@mail.test
2545,Lelan Corwell,lelan.corwelllw7lpe@example.com
2546,Canor Torford,canor.torford8ftxkf@mail.test
2547,Ramar Lenhart,ramar.lenhartgmg6cm@demo.net
2548,Bemon Corwood,bemon.corwoodzpvwlq@demo.net
2549,Ramon Vanley,ramon.vanleywjubom@demo.net
2550,Rasel Wilhart,rasel.wilhart3sn7sq@example.com
2551,Beron Wilton,beron.wiltono1dlum@mail.test
2552,Paron Dalfield,paron.dalfield2kigqg@demo.net
2553,Casel Harson,casel.harsonhu7twa@demo.net
2554,Raron Vanridge,raron.vanridgecvvyj5@mail.test
2555,Kabel Corhart,kabel.corhartcbn0wt@demo.net
2556,Faron Torhart,faron.torharty1l0la@demo.net
2557,Kalin Morton,kalin.morton2gl7y1@demo.net
2558,Kanor Belfield,kanor.belfield1hhpyx@demo.net
2559,Naton Vanfield,naton.vanfieldjs86rg@demo.net
2560,Samar Kelridge,samar.kelridgedh9pca@example.com
2561,Namar Belbrook,namar.belbrook1ow749@mail.test
2562,Lebel Wilwood,lebel.wilwoodthin9d@fakemail.org
2563,Belin Palwood,belin.palwoodfcny64@example.com
2564,Sasha Norford,sasha.norford99q1zu@example.com
2565,Alden Darberg,alden.darbergfpqe01@fakemail.org
2566,Tabel Torwell,tabel.torwelllzlpt5@mail.test
2567,Allin Sanwood,allin.sanwood7d2k5h@fakemail.org
2568,Nabel Palford,nabel.palforda07jtr@mail.test
2569,Lesel Santon,lesel.santonorczus@example.com
2570,Lerel Fenhart,lerel.fenhartqp863q@example.com
2571,Naria Lenwood,naria.lenwood1ioh3b@demo.net
2572,Vibel Sanley,vibel.sanleysn7fbm@mail.test
2573,Elton Torman,elton.torman3llb2x@demo.net
2574,Allan Sanridge,allan.sanridgeig25iq@fakemail.org
2575,Nabel Belfield,nabel.belfieldvujuzn@demo.net
2576,Vivin Belwood,vivin.belwoodj6txqm@mail.test
2577,Alden Palfield,alden.palfieldvqc5hz@example.com
2578,Salin Vanford,salin.vanfordk1awh9@fakemail.org
2579,Ramar Vanfield,ramar.vanfieldb6qhmp@example.com
2580,Fasel Lenridge,fasel.lenridgef77eu8@mail.test
2581,Raria Norford,raria.norfordkdm2id@fakemail.org
2582,Belan Dalwell,belan.dalwellnu3jrn@fakemail.org
2583,Farel Morwell,farel.morwelldbsc2j@fakemail.org
2584,Paton Corley,paton.corleyydfftt@demo.net
2585,Namon Corwell,namon.corwellt6n022@mail.test
2586,Kamon Darridge,kamon.darridgetk86tp@fakemail.org
2587,Vilin Lenberg,vilin.lenbergfrbq6o@demo.net
2588,Almar Wilhart,almar.wilhartkq3gq9@mail.test
2589,Favin Vanton,favin.vanton2ur9sk@demo.net
2590,Caron Torberg,caron.torberguzdlmx@mail.test
2591,Kaden Morson,kaden.morsonuiu6fb@example.com
2592,Jolan Kelbrook,jolan.kelbrookb9t0e5@demo.net
2593,Maria Sanford,maria.sanford77akmj@example.com
2594,Mamon Dalford,mamon.dalfordckarx3@example.com
2595,Joden Fenridge,joden.fenridgerexgd2@example.com
2596,Mabel Dalley,mabel.dalley06ju3v@demo.net
2597,Kamar Sanridge,kamar.sanridge71h1z0@example.com
2598,Lemar Harstone,lemar.harstoneyj95jv@demo.net
2599,Falan Palberg,falan.palbergtww0cu@example.com
2600,Zaton Kelfield,zaton.kelfieldql4czx@demo.net
2601,Ellin Torwell,ellin.torwellzp51v9@example.com
2602,Zamar Lenman,zamar.lenmanwfs84z@example.com
2603,Elrel Vanford,elrel.vanfordmp9lvq@demo.net
2604,Fabel Belwood,fabel.belwood2kgi6u@demo.net
2605,Saron Sanbrook,saron.sanbrooktwmi09@mail.test
2606,Fason Dalberg,fason.dalbergku58yx@mail.test
2607,Tasel Kelson,tasel.kelson3olm51@mail.test
2608,Damon Fenman,damon.fenman1ibviv@demo.net
2609,Darel Fenridge,darel.fenridgeodlkw0@mail.test
2610,Kason Sanstone,kason.sanstonegmzmap@demo.net
2611,Maria Fenton,maria.fentonutf4e7@demo.net
2612,Raria Morberg,raria.morberg3amnyo@demo.net
2613,Kasha Wilridge,kasha.wilridgejuq8cw@fakemail.org
2614,Karel Vanton,karel.vantonv6x7dy@demo.net
2615,Belin Lenbrook,belin.lenbrookwdsfqc@fakemail.org
2616,Joson Morman,joson.mormanhed2b8@fakemail.org
2617,Sasha Sanford,sasha.sanfordvf0uxc@example.com
2618,Belin Vanfield,belin.vanfieldehisv1@mail.test
2619,Kasha Belman,kasha.belmanovt7wj@mail.test
2620,Falin Vanridge,falin.vanridgeudsxsc@mail.test
2621,Nasha Palbrook,nasha.palbrookjsvcsg@fakemail.org
2622,Zalan Darford,zalan.darford1q4vn2@demo.net
2623,Jobel Norwood,jobel.norwoodz1vzu0@mail.test
2624,Jobel Palberg,jobel.palbergdvn4na@example.com
2625,Maron Lenridge,maron.lenridge8yfndr@demo.net
2626,Samar Norson,samar.norson4232su@mail.test
2627,Elsha Kelton,elsha.keltonrx1ho5@fakemail.org
2628,Lebel Corman,lebel.cormanajqi3v@mail.test
2629,Karon Norridge,karon.norridgey2fl54@fakemail.org
2630,Visha Harstone,visha.harstonede01jt@example.com
2631,Fanor Vanson,fanor.vansoneo9gqd@mail.test
2632,Saden Palton,saden.paltonch3yy9@example.com
2633,Rason Fenley,rason.fenley2ar6c9@example.com
2634,Maton Corridge,maton.corridgewjptyw@demo.net
2635,Joron Norberg,joron.norbergxrcga1@example.com
2636,Visha Darhart,visha.darhartsxqcsu@example.com
2637,Olsel Sanbrook,olsel.sanbrookspm2q4@fakemail.org
2638,Cabel Wilton,cabel.wiltongo1ipj@demo.net
2639,Davin Harman,davin.harmaniw4kmp@demo.net
2640,Almon Dalhart,almon.dalhart3560sw@example.com
2641,Caden Belley,caden.belleyduxhd7@fakemail.org
2642,Tamon Fenson,tamon.fensone5vno4@example.com
2643,Paden Kelstone,paden.kelstonecqj74x@fakemail.org
2644,Ralan Belwell,ralan.belwells5sv84@fakemail.org
2645,Fabel Wilfield,fabel.wilfieldwvv61p@example.com
2646,Pasha Morstone,pasha.morstone9def3h@mail.test
2647,Olden Wilwood,olden.wilwoodyq31bm@demo.net
2648,Daron Torhart,daron.torhart3vef3p@demo.net
2649,Paron Wilfield,paron.wilfields90mub@demo.net
2650,Alria Fenberg,alria.fenberg1uk6r4@mail.test
2651,Jolin Lenley,jolin.lenleygq5lgn@fakemail.org
2652,Tarel Wilwood,tarel.wilwoodutvz2v@mail.test
2653,Pamar Dalwell,pamar.dalwell1oklqj@mail.test
2654,Alton Vanberg,alton.vanbergrmmzxz@example.com
2655,Alson Palman,alson.palman7jhf2g@fakemail.org
2656,Karon Sanfield,karon.sanfieldfkowt7@demo.net
2657,Fason Fenfield,fason.fenfield7kppwa@demo.net
2658,Masel Dalford,masel.dalfordic10e0@example.com
2659,Maria Vanman,maria.vanmanlmcakh@example.com
2660,Dasha Kelberg,dasha.kelberg2esqp2@mail.test
2661,Dason Corbrook,dason.corbrook4a3pbs@fakemail.org
2662,Pamar Darbrook,pamar.darbrookv6xv98@mail.test
2663,Joden Morstone,joden.morstone344ngt@demo.net
2664,Cabel Kelman,cabel.kelmanx5jj3t@example.com
2665,Narel Palford,narel.palfordnfmqz5@demo.net
2666,Olsel Fenton,olsel.fentonojtc8b@example.com
2667,Elsha Torberg,elsha.torbergl7l18j@demo.net
2668,Panor Darley,panor.darleydcu10k@fakemail.org
2669,Joria Darley,joria.darleyjq5l6n@fakemail.org
2670,Bebel Palton,bebel.paltonttwbsm@mail.test
2671,Rabel Norson,rabel.norson9r6uxt@demo.net
2672,Sason Dalman,sason.dalman6yc1l2@example.com
2673,Zalan Fenfield,zalan.fenfieldqi4vmt@example.com
2674,Belan Palhart,belan.palhartrlyusm@fakemail.org
2675,Elton Sanson,elton.sansona9x9i8@demo.net
2676,Alvin Fenman,alvin.fenman64zmcj@demo.net
2677,Zasha Belson,zasha.belsonzaa0pp@mail.test
2678,Joden Fenwell,joden.fenwellophre1@mail.test
2679,Olden Darton,olden.dartonhhxnxw@fakemail.org
2680,Fanor Norridge,fanor.norridgeh1kh3e@mail.test
2681,Marel Norbrook,marel.norbrook360m0g@fakemail.org
2682,Raden Morley,raden.morley3bk9hz@demo.net
2683,Canor Norwell,canor.norwelllce5tn@demo.net
2684,Joton Harford,joton.harfordyulmsq@demo.net
2685,Cavin Kelford,cavin.kelforda5a2u5@mail.test
2686,Karia Lenman,karia.lenmanyfmfbr@demo.net
2687,Famon Kelhart,famon.kelhartmpx8fk@demo.net
2688,Cabel Wilman,cabel.wilman9q1chz@mail.test
2689,Besel Norson,besel.norson6odf1m@fakemail.org
2690,Paria Lenfield,paria.lenfieldtsy66h@fakemail.org
2691,Talan Norridge,talan.norridge3vd16c@example.com
2692,Sarel Morford,sarel.morfordiuds6u@demo.net
2693,Elmon Fenton,elmon.fentonnbbk6a@mail.test
2694,Taron Lenridge,taron.lenridgeo92olk@mail.test
2695,Famar Vanridge,famar.vanridgezjoedl@demo.net
2696,Mason Kelhart,mason.kelhartovbz6o@example.com
2697,Jolin Sanridge,jolin.sanridgel48mxn@fakemail.org
2698,Nanor Sanstone,nanor.sanstonecdnyeo@mail.test
2699,Jolan Lenson,jolan.lensonkgmljr@fakemail.org
2700,Zavin Harman,zavin.harman989wcx@mail.test
2701,Leson Harson,leson.harsonmov5f9@fakemail.org
2702,Saron Fenman,saron.fenmanjgkms2@example.com
2703,Elrel Kelfield,elrel.kelfieldt4j7xn@mail.test
2704,Ellan Darhart,ellan.darhart3m5fki@mail.test
2705,Kason Palwell,kason.palwellljuktx@mail.test
2706,Paron Lenridge,paron.lenridgeullrc1@demo.net
2707,Palan Torwell,palan.torwellwq3d30@fakemail.org
2708,Canor Belstone,canor.belstonelwfj7s@example.com
2709,Mason Wilhart,mason.wilhartgs3xke@fakemail.org
2710,Fasel Vanhart,fasel.vanhartlop8te@example.com
2711,Pamar Dalhart,pamar.dalhartsa1334@mail.test
2712,Olbel Belfield,olbel.belfieldrnchpl@fakemail.org
2713,Olvin Palson,olvin.palson93jkqy@example.com
2714,Olmar Lenson,olmar.lensonb80vcl@fakemail.org
2715,Tarel Kelridge,tarel.kelridges31k6l@example.com
2716,Zabel Belford,zabel.belfordgbepap@demo.net
2717,Kason Sanwell,kason.sanwellkwyv06@fakemail.org
2718,Alvin Sanwood,alvin.sanwoodv6uz9u@example.com
2719,Naria Lenton,naria.lentonnzxza7@demo.net
2720,Palan Torridge,palan.torridgezdlhu0@demo.net
2721,Jomar Lenwell,jomar.lenwellfioks4@example.com
2722,Kamon Morbrook,kamon.morbrookvnc3ix@mail.test
2723,Besha Lenson,besha.lensonyj205o@fakemail.org
2724,Naden Lenstone,naden.lenstone3jcero@example.com
2725,Zasel Harberg,zasel.harbergm87vlf@example.com
2726,Narel Morridge,narel.morridge3jq07a@mail.test
2727,Alton Dalwood,alton.dalwoodqklryp@fakemail.org
2728,Viden Morley,viden.morleyudm9k7@mail.test
2729,Salan Lenley,salan.lenleykf3hi0@demo.net
2730,Paron Corhart,paron.corhartuak4qg@mail.test
2731,Pasha Torberg,pasha.torbergruk1u8@mail.test
2732,Olmar Harbrook,olmar.harbrook82940x@fakemail.org
2733,Rasel Norhart,rasel.norharty1zm3i@fakemail.org
2734,Kalan Palton,kalan.paltonh3pbua@demo.net
2735,Darel Kelfield,darel.kelfieldi1lgf4@example.com
2736,Zason Vanton,zason.vantonmaz7ob@demo.net
2737,Katon Belley,katon.belleyluijuq@demo.net
2738,Maria Palbrook,maria.palbrookn57u7o@example.com
2739,Olton Belwell,olton.belwellspcsyz@demo.net
2740,Nabel Kelbrook,nabel.kelbrook9b2ef9@fakemail.org
2741,Almon Wilbrook,almon.wilbrookbaclbe@demo.net
2742,Faden Harfield,faden.harfieldxnay2l@mail.test
2743,Olnor Dalberg,olnor.dalbergzluyph@fakemail.org
2744,Masha Corhart,masha.corhart8kyceg@example.com
2745,Fabel Vanhart,fabel.vanhartg4e95o@demo.net
2746,Alden Sanford,alden.sanford23w32a@example.com
2747,Faria Torton,faria.tortond0myoj@mail.test
2748,Paton Dalley,paton.dalleyunivm9@mail.test
2749,Pavin Kelfield,pavin.kelfieldiq8syo@mail.test
2750,Maria Sanfield,maria.sanfield1nb73l@fakemail.org
2751,Benor Corman,benor.cormant4mg6b@example.com
2752,Belin Fenridge,belin.fenridgevjeqs9@mail.test
2753,Zaton Fenwell,zaton.fenwellif96v0@fakemail.org
2754,Faden Sanberg,faden.sanbergz2xfxb@example.com
2755,Caden Sanford,caden.sanfordirdvxv@example.com
2756,Tarel Morstone,tarel.morstonepxugyt@example.com
2757,Elria Wilson,elria.wilsondskrx6@demo.net
2758,Tasel Wilberg,tasel.wilbergzfzcnv@mail.test
2759,Elmar Harson,elmar.harsongseoyk@example.com
2760,Beson Torhart,beson.torhartcgqrtr@fakemail.org
2761,Alria Lenberg,alria.lenbergdywyyv@demo.net
2762,Caden Willey,caden.willey7ekcza@demo.net
2763,Sasel Torridge,sasel.torridgemwfva6@example.com
2764,Ravin Corson,ravin.corson0gyr5g@demo.net
2765,Dasha Palson,dasha.palson2t4dv8@fakemail.org
2766,Samar Fenwood,samar.fenwoodlfnl9u@demo.net
2767,Pabel Fenton,pabel.fentonq4ibrm@example.com
2768,Tavin Morbrook,tavin.morbrookemhgs5@fakemail.org
2769,Kamar Belton,kamar.beltonxnguqv@demo.net
2770,Caria Morwood,caria.morwoodjr8pm6@fakemail.org
2771,Tavin Torberg,tavin.torbergsxabua@demo.net
2772,Rabel Morridge,rabel.morridgee2rn9m@mail.test
2773,Casel Norhart,casel.norharty55h9i@mail.test
2774,Zaden Lenwood,zaden.lenwoodb0e67y@mail.test
2775,Ollin Fenton,ollin.fentontqt0e6@fakemail.org
2776,Namon Wilford,namon.wilfordj7sry3@fakemail.org
2777,Katon Kelberg,katon.kelbergfr5a4w@demo.net
2778,Jomon Belfield,jomon.belfieldr9n1vh@example.com
2779,Visha Wilson,visha.wilsonmi0751@mail.test
2780,Olron Fenman,olron.fenman41o2dg@example.com
2781,Bemon Palton,bemon.paltonw45a7g@fakemail.org
2782,Tavin Norstone,tavin.norstonebarcnr@mail.test
2783,Berel Sanley,berel.sanleym9z3tl@fakemail.org
2784,Tasel Palridge,tasel.palridge1p6b8g@fakemail.org
2785,Kamar Palwood,kamar.palwoodeib8v6@demo.net
2786,Fanor Lenman,fanor.lenmanmj7ljq@example.com
2787,Joden Kelwell,joden.kelwellh6z3ye@fakemail.org
2788,Zabel Corson,zabel.corsonpnz3wl@example.com
2789,Mamon Palbrook,mamon.palbrookaitvx5@example.com
2790,Tabel Darfield,tabel.darfieldmhtr9w@demo.net
2791,Josha Wilberg,josha.wilberg3e2zu5@mail.test
2792,Nalin Torfield,nalin.torfieldn6ub6d@fakemail.org
2793,Leria Wilbrook,leria.wilbrook999x2f@fakemail.org
2794,Alsel Wilford,alsel.wilforddn9di9@example.com
2795,Vimar Fenley,vimar.fenleyulq0bn@demo.net
2796,Rabel Morford,rabel.morfordnzwjkg@demo.net
2797,Kamar Torbrook,kamar.torbrooke7ivx7@mail.test
2798,Leria Darton,leria.dartonndwfbo@demo.net
2799,Elsha Morford,elsha.morford5mifin@mail.test
2800,Beden Kelson,beden.kelsonqr9ih2@demo.net
2801,Farel Belbrook,farel.belbrookcjidw3@mail.test
2802,Vilin Palridge,vilin.palridge2cqm9m@mail.test
2803,Naton Morfield,naton.morfieldwywz1e@fakemail.org
2804,Alsel Torson,alsel.torsona3l5to@example.com
2805,Mason Morford,mason.morfordpx8yj5@mail.test
2806,Dabel Dalton,dabel.daltonm5zb27@fakemail.org
2807,Elrel Palton,elrel.paltontvybgw@mail.test
2808,Masha Harfield,masha.harfield3jprbg@demo.net
2809,Maria Morhart,maria.morhart3ldh6j@mail.test
2810,Ollin Lenhart,ollin.lenhart9abmu8@fakemail.org
2811,Elsel Morman,elsel.mormanj18d4r@example.com
2812,Joria Palhart,joria.palhartm6dzp0@demo.net
2813,Caton Dalbrook,caton.dalbrooki7vles@fakemail.org
2814,Virel Torridge,virel.torridge238a7p@fakemail.org
2815,Cavin Norson,cavin.norsonbct0no@example.com
2816,Vinor Harman,vinor.harmanpr1d5o@fakemail.org
2817,Casel Vanridge,casel.vanridgenmrf3q@demo.net
2818,Falan Kelman,falan.kelman4j3o8p@mail.test
2819,Alrel Vanberg,alrel.vanbergy9gae5@example.com
2820,Olsha Norford,olsha.norfordh6n04m@example.com
2821,Elsel Corhart,elsel.corhart3yb1rz@demo.net
2822,Berel Kelbrook,berel.kelbrook6rcqop@fakemail.org
2823,Faden Belstone,faden.belstonehg5i9p@fakemail.org
2824,Navin Vanridge,navin.vanridgeau3g9l@example.com
2825,Ollin Kelford,ollin.kelfordhcuiak@example.com
2826,Marel Morton,marel.mortoncjpb75@demo.net
2827,Fasha Morberg,fasha.morberg4oiqa3@example.com
2828,Bemar Fenman,bemar.fenmanbeuqav@fakemail.org
2829,Davin Wilman,davin.wilman1dy1te@mail.test
2830,Masha Corton,masha.cortonu7ayh3@example.com
2831,Ollin Belberg,ollin.belberg2qfq4c@fakemail.org
2832,Rarel Sanridge,rarel.sanridgehlrdfd@fakemail.org
2833,Vilan Torwell,vilan.torwell7l8s61@mail.test
2834,Mavin Wilbrook,mavin.wilbrookj7cebn@demo.net
2835,Lemar Darford,lemar.darford0x5uhn@mail.test
2836,Daron Morman,daron.mormanzcwvma@mail.test
2837,Olrel Palstone,olrel.palstonelo8mwb@mail.test
2838,Bevin Norley,bevin.norleygi1mat@fakemail.org
2839,Ranor Kelwell,ranor.kelwellla0skn@mail.test
2840,Karia Wilfield,karia.wilfieldbhcyp0@fakemail.org
2841,Bevin Sanstone,bevin.sanstonelv9rmr@example.com
2842,Berel Wilman,berel.wilman1ixk51@demo.net
2843,Kalan Corhart,kalan.corhartue91qr@example.com
2844,Bebel Kelford,bebel.kelfordpryl1s@mail.test
2845,Rasel Sanridge,rasel.sanridgeifhcng@demo.net
2846,Allin Belwell,allin.belwell730zpx@fakemail.org
2847,Favin Morton,favin.morton55o552@fakemail.org
2848,Lenor Fenstone,lenor.fenstoneus3yf5@demo.net
2849,Vilin Corman,vilin.cormany42sh1@demo.net
2850,Taden Vanfield,taden.vanfieldk8hjpt@demo.net
2851,Karon Darman,karon.darmansquy09@example.com
2852,Calan Corstone,calan.corstonew0dn42@example.com
2853,Mamon Belton,mamon.belton29bsjp@demo.net
2854,Joden Morbrook,joden.morbrook0tqf35@fakemail.org
2855,Berel Torfield,berel.torfieldfjmsj2@demo.net
2856,Zabel Corhart,zabel.corhartbq2fr5@demo.net
2857,Daton Sanwell,daton.sanwell97i5kp@fakemail.org
2858,Mason Belfield,mason.belfieldyrarat@mail.test
2859,Ravin Corstone,ravin.corstonet2u8a9@demo.net
2860,Nasha Sanwood,nasha.sanwoodmwuyy8@example.com
2861,Famar Torstone,famar.torstoneb143gm@demo.net
2862,Joria Lenhart,joria.lenhartfxzncn@mail.test
2863,Famon Dalberg,famon.dalberghat8zj@demo.net
2864,Elmar Dalford,elmar.dalford7u8owm@example.com
2865,Maden Corwood,maden.corwoodexulds@demo.net
2866,Karia Vanberg,karia.vanberge1i2x9@mail.test
2867,Leria Corstone,leria.corstonesi47a6@demo.net
2868,Davin Torwell,davin.torwellw3wvvb@fakemail.org
2869,Bemon Fenson,bemon.fensonuz3uq0@fakemail.org
2870,Rabel Harfield,rabel.harfieldos7voc@fakemail.org
2871,Ranor Kelridge,ranor.kelridge7wkwvu@demo.net
2872,Favin Wilbrook,favin.wilbrookxccskq@demo.net
2873,Jomon Sanhart,jomon.sanhart4biczl@fakemail.org
2874,Olsha Lenwell,olsha.lenwellhcljhn@fakemail.org
2875,Lemon Lenley,lemon.lenleys9oit3@fakemail.org
2876,Tasha Santon,tasha.santonwfy1nu@fakemail.org
2877,Caden Vanstone,caden.vanstonenaavgu@mail.test
2878,Rabel Sanhart,rabel.sanharts4c8x6@demo.net
2879,Viron Lenson,viron.lenson0twq2v@fakemail.org
2880,Elsha Lenstone,elsha.lenstonewpr2mr@example.com
2881,Samon Morwell,samon.morwellak7euc@mail.test
2882,Tarel Morridge,tarel.morridgewkm0at@example.com
2883,Zanor Belbrook,zanor.belbrook00mgtq@example.com
2884,Bemon Corwell,bemon.corwell39x994@fakemail.org
2885,Nalin Darley,nalin.darleyl1swj6@demo.net
2886,Caden Morford,caden.morfordjz1mgi@example.com
2887,Elton Belman,elton.belman9k26t6@demo.net
2888,Pabel Wilman,pabel.wilmanoop2kt@example.com
2889,Elsha Kelford,elsha.kelfordxclsdw@mail.test
2890,Faton Palstone,faton.palstoneliu392@example.com
2891,Vison Kelwell,vison.kelwelllp0vek@mail.test
2892,Lenor Vanwell,lenor.vanwellqjl7e3@example.com
2893,Elmar Norford,elmar.norford5ax7i5@example.com
2894,Saron Darridge,saron.darridgebnb8w8@mail.test
2895,Jomon Fenford,jomon.fenfordh4ye5f@example.com
2896,Joron Lenson,joron.lensonrex4xo@example.com
2897,Lerel Sanberg,lerel.sanbergzemwgu@fakemail.org
2898,Vinor Torson,vinor.torson7bxnj5@fakemail.org
2899,Ollan Darford,ollan.darfordzn2og4@demo.net
2900,Beden Wilridge,beden.wilridge2pkheo@mail.test
2901,Zasel Palberg,zasel.palberg9c4z50@fakemail.org
2902,Namon Kelridge,namon.kelridgeqfk9q6@mail.test
2903,Paton Morwood,paton.morwoodu0mh7a@example.com
2904,Ralin Darbrook,ralin.darbrookb3kh6t@example.com
2905,Malan Harfield,malan.harfieldlh0u4l@mail.test
2906,Zanor Dalwell,zanor.dalwellvhkj7a@fakemail.org
2907,Palin Morberg,palin.morbergdoxznh@example.com
2908,Daden Palford,daden.palfordr037wr@demo.net
2909,Kamar Harwood,kamar.harwoodzpxb30@demo.net
2910,Allin Dalley,allin.dalley8870r9@demo.net
2911,Sason Norwood,sason.norwoodkzq9d0@fakemail.org
2912,Alsel Dalley,alsel.dalleyahtp8i@fakemail.org
2913,Karel Fenberg,karel.fenbergroes23@demo.net
2914,Vimar Santon,vimar.santona5kz7g@fakemail.org
2915,Pason Vanfield,pason.vanfieldbhp0ma@mail.test
2916,Bebel Norstone,bebel.norstone3llcwo@fakemail.org
2917,Calan Harson,calan.harsonsop9bp@example.com
2918,Jovin Darfield,jovin.darfieldp1mc25@demo.net
2919,Virel Kelfield,virel.kelfieldzhn9t9@fakemail.org
2920,Zarel Kelwood,zarel.kelwood9sebs7@mail.test
2921,Olsha Corridge,olsha.corridgeerh1wh@demo.net
2922,Elden Palhart,elden.palhart1j3i3r@demo.net
2923,Zaria Fenbrook,zaria.fenbrook7sivia@fakemail.org
2924,Tamon Fenwood,tamon.fenwoodgtl9y6@fakemail.org
2925,Zalan Sanwood,zalan.sanwood3p7pv4@mail.test
2926,Joton Fenfield,joton.fenfieldnua08q@fakemail.org
2927,Joron Harhart,joron.harhartgt17mk@mail.test
2928,Elron Torberg,elron.torberg2aw0qu@demo.net
2929,Pamon Kelridge,pamon.kelridgez25v08@example.com
2930,Famon Morton,famon.morton2dqfov@fakemail.org
2931,Alsha Torbrook,alsha.torbrook0mbfhd@demo.net
2932,Almon Dalford,almon.dalfordokhr6x@demo.net
2933,Leria Norridge,leria.norridge6fkx0r@demo.net
2934,Vilin Darwell,vilin.darwellquhe6k@fakemail.org
2935,Caron Corhart,caron.corhart4hxce0@example.com
2936,Kavin Vanton,kavin.vantonm0jn80@example.com
2937,Zamon Morton,zamon.mortonkqi58n@mail.test
2938,Jolan Wilbrook,jolan.wilbrookz1p8im@example.com
2939,Lelan Torstone,lelan.torstone35l5n0@mail.test
2940,Karia Lenley,karia.lenleyrbzp76@example.com
2941,Bevin Norford,bevin.norford8xgpry@example.com
2942,Fanor Darton,fanor.dartoniswzvx@fakemail.org
2943,Mason Darman,mason.darman3w41el@demo.net
2944,Alria Vanton,alria.vanton95d4rz@fakemail.org
2945,Olsha Lenhart,olsha.lenhart0uvtbn@fakemail.org
2946,Lelin Morford,lelin.morfordrd77ze@fakemail.org
2947,Zabel Belman,zabel.belman4th0se@example.com
2948,Olsha Morwell,olsha.morwellycbnlm@example.com
2949,Jolin Kelley,jolin.kelley2ed1yc@fakemail.org
2950,Jolin Kelwell,jolin.kelwellv6xgbo@fakemail.org
2951,Manor Palfield,manor.palfields20kmb@demo.net
2952,Taron Belton,taron.beltonjuifm1@mail.test
2953,Jorel Morford,jorel.morfordzse7zp@example.com
2954,Nasha Darfield,nasha.darfieldk1p8fv@example.com
2955,Darel Vanhart,darel.vanhart4lh81v@fakemail.org
2956,Calin Lenhart,calin.lenhart52mpsb@demo.net
2957,Beson Sanberg,beson.sanberggqz79c@mail.test
2958,Caton Darridge,caton.darridge96sgf4@fakemail.org
2959,Joton Dalford,joton.dalford12lm66@demo.net
2960,Olsel Palfield,olsel.palfieldiu1fn3@demo.net
2961,Salan Torwell,salan.torwell19f6ct@demo.net
2962,Faton Vanbrook,faton.vanbrook7q7ey6@fakemail.org
2963,Nalan Darridge,nalan.darridgebvn5qc@mail.test
2964,Kalin Morwell,kalin.morwellgke0eu@mail.test
2965,Lerel Sanford,lerel.sanfordk03c4d@example.com
2966,Namar Belfield,namar.belfielddhaqqy@example.com
2967,Joden Harwell,joden.harwelld63h1i@example.com
2968,Alria Dalwell,alria.dalwell3vr947@mail.test
2969,Taden Palfield,taden.palfieldsg7bzi@fakemail.org
2970,Fasel Belwell,fasel.belwellnda2xa@demo.net
2971,Zamon Darberg,zamon.darbergyol0po@mail.test
2972,Pasha Torwood,pasha.torwoodqstevl@example.com
2973,Zavin Harwood,zavin.harwoodw3bjhu@fakemail.org
2974,Kabel Lenwood,kabel.lenwood539zhw@demo.net
2975,Olvin Morhart,olvin.morhartbe4joy@demo.net
2976,Raden Norman,raden.normanw5pt5y@example.com
2977,Jorel Lenson,jorel.lensonipn5jh@demo.net
2978,Raron Darley,raron.darleyiy7mc5@fakemail.org
2979,Jobel Kelwood,jobel.kelwoodggdcia@example.com
2980,Elden Morstone,elden.morstoneexk12k@demo.net
2981,Camon Morberg,camon.morbergrzzyxm@example.com
2982,Savin Kelford,savin.kelford5uad2m@fakemail.org
2983,Fabel Norhart,fabel.norhartavirzx@mail.test
2984,Pasel Torbrook,pasel.torbrookgn9v2p@example.com
2985,Vimon Darman,vimon.darman4ghov7@example.com
2986,Daden Palstone,daden.palstonei3j26p@demo.net
2987,Raton Vanley,raton.vanleypv60q3@demo.net
2988,Mamon Corridge,mamon.corridgeb1c2xh@fakemail.org
2989,Raria Lenton,raria.lentonudntnm@demo.net
2990,Maria Torfield,maria.torfieldaxm9ny@fakemail.org
2991,Paron Kelman,paron.kelman9x7f8m@mail.test
2992,Olmar Norley,olmar.norleya1b9e0@demo.net
2993,Kavin Morfield,kavin.morfieldd8j241@example.com
2994,Cason Torton,cason.torton2bpc95@fakemail.org
2995,Kasha Darberg,kasha.darbergskpivt@mail.test
2996,Jovin Palhart,jovin.palhart8gbnlh@example.com
2997,Masel Norfield,masel.norfield3wf5z0@demo.net
2998,Camar Dalfield,camar.dalfield4kctug@fakemail.org
2999,Rabel Torwood,rabel.torwood61cyxt@example.com
3000,Viron Fenson,viron.fenson9ewbpw@fakemail.org
3001,Maton Norwell,maton.norwellqb16si@demo.net
3002,Masha Norson,masha.norson2zjg4g@example.com
3003,Visha Morford,visha.morford4iqy59@demo.net
3004,Caden Harbrook,caden.harbrookwjvxja@demo.net
3005,Vivin Fenridge,vivin.fenridgec4nmlu@fakemail.org
3006,Olbel Corton,olbel.cortonptv498@mail.test
3007,Saria Kelley,saria.kelleyadl722@fakemail.org
3008,Elsha Dalridge,elsha.dalridgehx5es0@example.com
3009,Joden Lenstone,joden.lenstoneac5utm@fakemail.org
3010,Paron Morstone,paron.morstone8pmxel@example.com
3011,Raria Fenbrook,raria.fenbrooke4pqk2@mail.test
3012,Rabel Norhart,rabel.norhartoph9f5@demo.net
3013,Malin Belford,malin.belforda0ex1x@mail.test
3014,Olsha Torson,olsha.torsondvpkdr@demo.net
3015,Nabel Dalwell,nabel.dalwell9xdore@example.com
3016,Viria Belhart,viria.belhartpi5chz@mail.test
3017,Leria Morridge,leria.morridgeu5ondy@example.com
3018,Almon Wilson,almon.wilsonaae6oi@example.com
3019,Tasel Belstone,tasel.belstonebhp7c7@example.com
3020,Kabel Morridge,kabel.morridgehx6355@example.com
3021,Alnor Torson,alnor.torsonq8fm81@demo.net
3022,Naden Vanwood,naden.vanwood3bottu@mail.test
3023,Nanor Morman,nanor.mormannsg8bj@example.com
3024,Jomon Torford,jomon.torfordaphr67@demo.net
3025,Zabel Corbrook,zabel.corbrookxbnkqx@mail.test
3026,Vilin Darhart,vilin.darhartvtgdaf@fakemail.org
3027,Faton Darstone,faton.darstoneywwy4q@fakemail.org
3028,Samar Darwood,samar.darwoodud86d0@fakemail.org
3029,Palan Wilridge,palan.wilridgecvkfkf@mail.test
3030,Olton Dalstone,olton.dalstoneh7996g@demo.net
3031,Lerel Vanhart,lerel.vanhart1n76zq@fakemail.org
3032,Ravin Torford,ravin.torfordio6lpc@fakemail.org
3033,Vilin Belberg,vilin.belbergmbw887@example.com
3034,Ramon Lenley,ramon.lenleyc0x4mu@fakemail.org
3035,Pamar Norman,pamar.normansplkbk@example.com
3036,Calan Harwood,calan.harwood7ctaa9@fakemail.org
3037,Viden Corberg,viden.corbergpjz2ut@demo.net
3038,Namon Belridge,namon.belridgeckakl9@mail.test
3039,Carel Lenhart,carel.lenhartg9i1mb@example.com
3040,Olton Sanley,olton.sanleyalcznv@fakemail.org
3041,Jomar Torbrook,jomar.torbrookqusn40@fakemail.org
3042,Bevin Vanley,bevin.vanleyvfqv7c@demo.net
3043,Taton Fenson,taton.fenson5ig9sz@demo.net
3044,Fason Morfield,fason.morfieldp2ux7w@example.com
3045,Elson Norson,elson.norson8mlqfd@demo.net
3046,Maden Morhart,maden.morhartm52aol@fakemail.org
3047,Olden Norwood,olden.norwood6r4dh2@fakemail.org
3048,Elsel Darstone,elsel.darstone9y8tqt@demo.net
3049,Taden Norridge,taden.norridgea1dv7r@fakemail.org
3050,Fasha Sanman,fasha.sanmanpdle71@example.com
3051,Famar Belson,famar.belsonqs20tx@mail.test
3052,Lesha Dalhart,lesha.dalhart8dztle@mail.test
3053,Fason Norberg,fason.norbergqka1ls@mail.test
3054,Farel Fenhart,farel.fenhartt9ktyp@demo.net
3055,Nalin Darstone,nalin.darstonefr92b5@mail.test
3056,Viron Vanstone,viron.vanstone4sybe1@mail.test
3057,Kasha Torwell,kasha.torwell3hm82q@example.com
3058,Jomar Darwood,jomar.darwoodazhx19@demo.net
3059,Alton Sanford,alton.sanford92zfpq@fakemail.org
3060,Visel Morton,visel.mortonjtmmg7@demo.net
3061,Ramar Torton,ramar.tortonusm9h0@example.com
3062,Jomon Dalbrook,jomon.dalbrookcu6bup@fakemail.org
3063,Ellan Belley,ellan.belleyi6mp27@example.com
3064,Sasel Norhart,sasel.norhart5vpwnh@example.com
3065,Alson Fenberg,alson.fenbergdectk7@mail.test
3066,Viden Darberg,viden.darbergodgbqh@fakemail.org
3067,Panor Harton,panor.hartonjlbmxw@demo.net
3068,Joson Lenfield,joson.lenfieldndarow@fakemail.org
3069,Ranor Kelman,ranor.kelmanj5i407@mail.test
3070,Jomon Palbrook,jomon.palbrookqiq365@demo.net
3071,Pamar Vanley,pamar.vanley4pn2bi@demo.net
3072,Kamar Kelberg,kamar.kelbergdm9hrr@fakemail.org
3073,Kalin Corhart,kalin.corhart3dw56u@demo.net
3074,Casha Vanfield,casha.vanfieldt3oo60@demo.net
3075,Daton Norman,daton.normanjviegv@fakemail.org
3076,Vimon Wilford,vimon.wilfordwev0ic@mail.test
3077,Raton Dalfield,raton.dalfieldvf1r3w@mail.test
3078,Kaden Palton,kaden.paltondhzq42@mail.test
3079,Joria Vanford,joria.vanfordomkw50@demo.net
3080,Olvin Torstone,olvin.torstonesvgkgr@demo.net
3081,Zamon Dalman,zamon.dalman2io5mf@demo.net
3082,Rason Palman,rason.palman0b03m0@example.com
3083,Ralin Norson,ralin.norson87no50@demo.net
3084,Palan Darson,palan.darson31kibn@example.com
3085,Allin Lenberg,allin.lenbergsvu8ge@mail.test
3086,Fabel Morley,fabel.morleybnh20d@example.com
3087,Canor Harson,canor.harson664csw@fakemail.org
3088,Manor Morhart,manor.morhart32okh9@fakemail.org
3089,Dalan Morman,dalan.mormanbk5ikh@fakemail.org
3090,Jomar Lenhart,jomar.lenhartvkskuj@demo.net
3091,Alvin Torley,alvin.torley7cplf9@fakemail.org
3092,Dalin Lenberg,dalin.lenbergmhenwt@fakemail.org
3093,Elria Harton,elria.hartont51pba@demo.net
3094,Kamar Darstone,kamar.darstone2rkhha@fakemail.org
3095,Alsel Norson,alsel.norsonuutby3@example.com
3096,Lesel Torbrook,lesel.torbrookf1w3oa@fakemail.org
3097,Casha Harson,casha.harson2leq7f@demo.net
3098,Rasha Darstone,rasha.darstonepg2spi@example.com
3099,Narel Belberg,narel.belbergju2cct@mail.test
3100,Lelan Vanman,lelan.vanmanurg8np@fakemail.org
3101,Caden Corfield,caden.corfielddh3y5k@mail.test
3102,Berel Corberg,berel.corbergqlj2ca@mail.test
3103,Lelin Corman,lelin.corman5ey11f@demo.net
3104,Ollan Torbrook,ollan.torbrook2uubaj@demo.net
3105,Saron Darstone,saron.darstone3ka8le@mail.test
3106,Olsel Belley,olsel.belleyxa109a@example.com
3107,Naria Fenwood,naria.fenwoodivw5hx@mail.test
3108,Viden Sanfield,viden.sanfieldmnnufg@mail.test
3109,Dason Palman,dason.palman3rng3g@mail.test
3110,Zalin Lenley,zalin.lenleyuysc7c@fakemail.org
3111,Virel Torton,virel.torton9g4far@mail.test
3112,Olvin Dalfield,olvin.dalfielddfzghj@fakemail.org
3113,Mamon Corley,mamon.corleytvlqkt@demo.net
3114,Faden Wilford,faden.wilford91k6p8@mail.test
3115,Mamar Belbrook,mamar.belbrook98e8wq@fakemail.org
3116,Lemar Morridge,lemar.morridge8uk5kd@demo.net
3117,Faron Torley,faron.torley1uisde@fakemail.org
3118,Elmar Sanson,elmar.sansonz61pqt@fakemail.org
3119,Calin Darman,calin.darman7djpjn@example.com
3120,Viton Corton,viton.cortonnf9886@demo.net
3121,Daria Fenbrook,daria.fenbrookketfbl@example.com
3122,Sason Belwell,sason.belwell6fvo60@demo.net
3123,Tamar Fenman,tamar.fenmanyxu6bd@fakemail.org
3124,Vilin Wilstone,vilin.wilstonet2dlg6@demo.net
3125,Alsha Kelbrook,alsha.kelbrookrs0rvi@mail.test
3126,Sanor Corton,sanor.corton4sd6g2@demo.net
3127,Caton Sanwell,caton.sanwelln58sy8@example.com
3128,Caron Morhart,caron.morhartcz4r39@example.com
3129,Ravin Torman,ravin.tormand2xc6s@mail.test
3130,Paden Harton,paden.hartonk3qzda@mail.test
3131,Olrel Harberg,olrel.harberg7dkh5v@fakemail.org
3132,Elmar Kelstone,elmar.kelstonerlmi2a@demo.net
3133,Lemar Corwood,lemar.corwoodgmpp5e@demo.net
3134,Allin Harton,allin.harton37jwyz@example.com
3135,Bebel Corley,bebel.corleydojqqq@fakemail.org
3136,Bemon Palbrook,bemon.palbrookgfn3ip@demo.net
3137,Namon Belson,namon.belsonmm5bgk@mail.test
3138,Mavin Torwell,mavin.torwell3e6l3u@example.com
3139,Palan Corford,palan.corford123mjr@demo.net
3140,Daria Torstone,daria.torstoneud8km5@mail.test
3141,Danor Dalridge,danor.dalridgen14yo7@fakemail.org
3142,Maron Darstone,maron.darstoneqdrwd1@demo.net
3143,Samar Palberg,samar.palberggati2w@fakemail.org
3144,Navin Norstone,navin.norstonecnwqtc@example.com
3145,Cavin Sanfield,cavin.sanfieldngqemy@demo.net
3146,Tasel Vanwood,tasel.vanwood64bls6@example.com
3147,Damon Dalton,damon.daltoni7vnd3@example.com
3148,Zalin Lenwell,zalin.lenwelldj7nop@mail.test
3149,Jomar Sanbrook,jomar.sanbrook6mnh7d@demo.net
3150,Taden Torman,taden.torman1x1ieb@example.com
3151,Olton Wilton,olton.wiltonui60up@fakemail.org
3152,Ravin Wilson,ravin.wilson448bup@fakemail.org
3153,Besha Wilbrook,besha.wilbrookegltje@demo.net
3154,Famar Corwell,famar.corwell3bs7iz@fakemail.org
3155,Karel Belhart,karel.belhartw5mmzd@mail.test
3156,Tamar Harhart,tamar.harhartqptp45@example.com
3157,Alden Wilfield,alden.wilfielde9lkw5@mail.test
3158,Alsha Morbrook,alsha.morbrook4lm7cu@fakemail.org
3159,Beson Wilwood,beson.wilwoodzttsgy@fakemail.org
3160,Raden Wilfield,raden.wilfieldgufgap@example.com
3161,Karia Wilson,karia.wilson6lgnjk@mail.test
3162,Ramon Fenson,ramon.fensonwkqx46@fakemail.org
3163,Alsha Lenberg,alsha.lenberggsuknh@demo.net
3164,Faton Vanhart,faton.vanhart3li4ro@fakemail.org
3165,Palin Morton,palin.mortonni7qxt@mail.test
3166,Paria Vanhart,paria.vanharttbyc1q@mail.test
3167,Bemon Norford,bemon.norford9imzbx@mail.test
3168,Lemar Lenman,lemar.lenmanhh6e97@example.com
3169,Pamar Morridge,pamar.morridgenju8j3@fakemail.org
3170,Camon Norley,camon.norley9mpdfi@fakemail.org
3171,Elron Sanridge,elron.sanridgecgasx6@example.com
3172,Maria Dalwood,maria.dalwood9fmrqd@demo.net
3173,Maron Belton,maron.beltoncrl1t8@mail.test
3174,Lenor Belstone,lenor.belstonezznrxk@mail.test
3175,Elsha Darstone,elsha.darstone825m5r@demo.net
3176,Tason Harwell,tason.harwelljann91@mail.test
3177,Zabel Wilridge,zabel.wilridgepuji1n@mail.test
3178,Elton Lenhart,elton.lenhartleyhi6@demo.net
3179,Bemar Fenhart,bemar.fenhart6f05w7@mail.test
3180,Pasel Fenley,pasel.fenleylu2x3v@example.com
3181,Panor Darstone,panor.darstonefahhoi@demo.net
3182,Masha Lenwell,masha.lenwellx1kn6d@fakemail.org
3183,Faden Kelton,faden.keltonm3ur62@mail.test
3184,Namar Torley,namar.torleyv0yvou@fakemail.org
3185,Samon Corstone,samon.corstonelsut43@demo.net
3186,Jobel Corley,jobel.corleyupg5cr@demo.net
3187,Naton Sanwood,naton.sanwoodg088xq@fakemail.org
3188,Malin Belstone,malin.belstonebkdk0q@demo.net
3189,Elden Vanridge,elden.vanridge8zxvcj@mail.test
3190,Alria Corwood,alria.corwoodr5ovbf@example.com
3191,Joria Corfield,joria.corfield0u1jl4@demo.net
3192,Belan Wilbrook,belan.wilbrook59d1c0@fakemail.org
3193,Taden Kelridge,taden.kelridgen69gno@demo.net
3194,Sabel Kelstone,sabel.kelstonex1satz@fakemail.org
3195,Ellin Kelhart,ellin.kelharttmttqm@mail.test
3196,Daria Torford,daria.torfordyu3yjk@mail.test
3197,Zaton Sanman,zaton.sanman2edm4e@mail.test
3198,Allin Dalson,allin.dalsonxduyxm@mail.test
3199,Narel Wilford,narel.wilford2vpacc@fakemail.org
3200,Tavin Norberg,tavin.norberg6fu4wv@demo.net
3201,Kalin Fenfield,kalin.fenfieldv02otw@mail.test
3202,Taria Harwood,taria.harwoodeszoym@mail.test
3203,Bemar Belwell,bemar.belwellb2ja6g@demo.net
3204,Josha Vanford,josha.vanfordd4st32@example.com
3205,Fasel Fenfield,fasel.fenfieldkssbjo@example.com
3206,Naria Norfield,naria.norfieldealal2@fakemail.org
3207,Falin Fenridge,falin.fenridgeux5jap@mail.test
3208,Zavin Corwell,zavin.corwell9imnga@demo.net
3209,Saton Dalberg,saton.dalberguxt4cx@example.com
3210,Camar Torman,camar.torman1dco8b@demo.net
3211,Mamar Harman,mamar.harman96gv6z@mail.test
3212,Faton Dalton,faton.daltone59ma7@demo.net
3213,Lelin Darwell,lelin.darwell9ttgpc@example.com
3214,Pamar Sanford,pamar.sanfordn2o4i9@mail.test
3215,Sasel Belford,sasel.belford9exbtk@example.com
3216,Lesha Sanhart,lesha.sanhartm3iyma@mail.test
3217,Elmar Lenridge,elmar.lenridgew9oui4@example.com
3218,Zaron Lenstone,zaron.lenstonelv90t0@demo.net
3219,Karia Darridge,karia.darridge2bxzao@fakemail.org
3220,Raria Wilstone,raria.wilstoneiquj76@example.com
3221,Bemar Fenstone,bemar.fenstoneoyea6n@fakemail.org
3222,Vison Corfield,vison.corfield261uw5@mail.test
3223,Viria Darford,viria.darfordo62851@demo.net
3224,Panor Morford,panor.morfordewtx1s@demo.net
3225,Elsel Belwood,elsel.belwood3swx0q@mail.test
3226,Zaton Vanfield,zaton.vanfielduh58lm@demo.net
3227,Jonor Morberg,jonor.morbergiy3r5n@example.com
3228,Raton Torbrook,raton.torbrook203553@mail.test
3229,Maden Belbrook,maden.belbrookenrad5@demo.net
3230,Leron Corstone,leron.corstonet2wc4e@fakemail.org
3231,Daton Corbrook,daton.corbrookfwodag@example.com
3232,Tasel Norberg,tasel.norberg3sg4iz@example.com
3233,Tamon Santon,tamon.santona8qufk@mail.test
3234,Caden Darhart,caden.darhart11pjqn@example.com
3235,Karia Sanridge,karia.sanridgeo021y8@mail.test
3236,Raron Torwell,raron.torwell4cozrs@mail.test
3237,Masha Darhart,masha.darharttlcsed@mail.test
3238,Pasha Morwood,pasha.morwood88si0r@demo.net
3239,Jomon Belbrook,jomon.belbrookfpt495@demo.net
3240,Zason Corwood,zason.corwoodynmeke@example.com
3241,Caden Torhart,caden.torhart4nl1g3@example.com
3242,Casel Wilford,casel.wilfordj9m14s@demo.net
3243,Sanor Corbrook,sanor.corbrookexmo42@mail.test
3244,Cabel Torley,cabel.torleye9obsp@demo.net
3245,Besel Harstone,besel.harstoneyq7a8x@demo.net
3246,Viria Norford,viria.norford4ggeg2@mail.test
3247,Josel Norfield,josel.norfield8ivwd8@demo.net
3248,Cavin Norford,cavin.norfordl0hsr2@example.com
3249,Zanor Wilstone,zanor.wilstoneu999a7@mail.test
3250,Pason Corman,pason.cormany74hni@fakemail.org
3251,Savin Dalridge,savin.dalridge2pgd6d@mail.test
3252,Mabel Morwell,mabel.morwellinkk88@demo.net
3253,Lelan Palton,lelan.paltoncowu1b@mail.test
3254,Marel Wilton,marel.wilton6wh053@fakemail.org
3255,Alsha Belson,alsha.belson13dfq5@mail.test
3256,Mason Kelwood,mason.kelwoodjh0eqi@example.com
3257,Ralan Corford,ralan.corford1z8emy@fakemail.org
3258,Olton Darton,olton.darton9obxdj@mail.test
3259,Camar Palson,camar.palsont6qqul@mail.test
3260,Alsha Palridge,alsha.palridgedn2zjr@demo.net
3261,Jomon Corridge,jomon.corridgepisgjm@demo.net
3262,Jorel Lenstone,jorel.lenstonegnoorm@example.com
3263,Dason Vanwood,dason.vanwoodfcbtac@fakemail.org
3264,Damon Dalberg,damon.dalbergo8y524@example.com
3265,Zamar Morwell,zamar.morwellmhq7wd@fakemail.org
3266,Nasel Morley,nasel.morleyf2zzta@demo.net
3267,Naden Dalberg,naden.dalbergh4imk5@mail.test
3268,Leton Harberg,leton.harberglfj8fj@demo.net
3269,Raton Harford,raton.harford6447kr@mail.test
3270,Pamon Kelwell,pamon.kelwellhq0xpe@demo.net
3271,Katon Harridge,katon.harridgelzbbuy@fakemail.org
3272,Faden Fenstone,faden.fenstonehnboat@mail.test
3273,Olden Torwood,olden.torwoodnoynqy@mail.test
3274,Zaron Corstone,zaron.corstonense8tq@fakemail.org
3275,Cabel Sanstone,cabel.sanstoneh00f43@demo.net
3276,Viden Kelton,viden.keltonh4bhkg@demo.net
3277,Olron Wilwell,olron.wilwelle5feg3@fakemail.org
3278,Daria Palhart,daria.palhartkc9jkp@mail.test
3279,Salin Dalson,salin.dalsonuaeemb@mail.test
3280,Naron Morberg,naron.morberg09u1z4@example.com
3281,Camar Vanhart,camar.vanhartcsysxa@mail.test
3282,Pavin Kelberg,pavin.kelbergylb28c@mail.test
3283,Rabel Palwell,rabel.palwell96zvtc@mail.test
3284,Tasel Fenhart,tasel.fenhartrbc4yi@mail.test
3285,Lebel Belbrook,lebel.belbrookf76b69@example.com
3286,Leton Darfield,leton.darfieldpiaa0v@mail.test
3287,Maria Darford,maria.darfordvsnmxi@demo.net
3288,Masha Torford,masha.torfordmhu47p@demo.net
3289,Saton Vanbrook,saton.vanbrookpn9vrp@demo.net
3290,Lelan Belfield,lelan.belfieldc7rn7n@fakemail.org
3291,Vimar Sanridge,vimar.sanridgevj9ku1@example.com
3292,Casel Palley,casel.palleyo33m3d@example.com
3293,Vison Sanwell,vison.sanwellk5rkyh@example.com
3294,Vimar Kelford,vimar.kelfordq2wl0h@demo.net
3295,Caria Harbrook,caria.harbrookfti1vo@example.com
3296,Belin Fenman,belin.fenmanw1b8md@fakemail.org
3297,Tamon Wilton,tamon.wiltonm297y3@example.com
3298,Zaron Harwood,zaron.harwoodpqmlnt@demo.net
3299,Casel Torley,casel.torleyraftfx@demo.net
3300,Cason Santon,cason.santonevctvl@demo.net
3301,Favin Fenley,favin.fenley8prn0p@example.com
3302,Dasel Sanson,dasel.sansonbeq66a@demo.net
3303,Dason Wilbrook,dason.wilbrook4oq569@mail.test
3304,Rasel Harley,rasel.harley1qq7m5@mail.test
3305,Olnor Lenwell,olnor.lenwellzcol1w@example.com
3306,Pason Wilford,pason.wilfordxoa410@fakemail.org
3307,Tanor Norford,tanor.norford84l0xy@demo.net
3308,Ellin Wilford,ellin.wilfordcldwny@fakemail.org
3309,Kanor Lenfield,kanor.lenfield7axjo9@example.com
3310,Levin Harberg,levin.harberg89sror@fakemail.org
3311,Olbel Sanman,olbel.sanmanmup8zi@example.com
3312,Tamon Darridge,tamon.darridge20fyv8@fakemail.org
3313,Zalin Palbrook,zalin.palbrookjfl0k1@example.com
3314,Parel Wilman,parel.wilmaneao6ov@fakemail.org
3315,Leden Vanfield,leden.vanfieldcjtfdw@fakemail.org
3316,Lemar Darley,lemar.darley48psi5@demo.net
3317,Talin Wilbrook,talin.wilbrookjbcfwp@demo.net
3318,Lesel Fenwell,lesel.fenwellb7myc9@demo.net
3319,Panor Corman,panor.cormanhzjikq@fakemail.org
3320,Nabel Fenfield,nabel.fenfieldstcpxy@example.com
3321,Rarel Vanfield,rarel.vanfield4xvs8s@mail.test
3322,Alton Corbrook,alton.corbrookqs0lzh@example.com
3323,Vivin Wilson,vivin.wilson8trqpg@demo.net
3324,Zalin Harton,zalin.harton3wnvke@example.com
3325,Beson Corley,beson.corleycvhgm1@fakemail.org
3326,Camon Wilfield,camon.wilfield5g01oj@example.com
3327,Olsel Morberg,olsel.morberg8krkyx@fakemail.org
3328,Saden Morson,saden.morson2uihvx@demo.net
3329,Jomon Palfield,jomon.palfield1uzj55@mail.test
3330,Dasel Fenson,dasel.fenson6mxaqk@mail.test
3331,Viron Wilton,viron.wiltonbch82z@mail.test
3332,Allin Wilwell,allin.wilwellyz8fz8@mail.test
3333,Viron Lenford,viron.lenfordpe8o1i@mail.test
3334,Taton Torbrook,taton.torbrookg53v31@mail.test
3335,Dasha Belwood,dasha.belwood44vw56@example.com
3336,Lebel Fenstone,lebel.fenstoneyx8hx2@demo.net
3337,Raron Fenwood,raron.fenwood8djay0@example.com
3338,Leron Morhart,leron.morhart1kj5sh@fakemail.org
3339,Ollan Dalstone,ollan.dalstoneu7mtk3@demo.net
3340,Leron Darbrook,leron.darbrook44ncp3@demo.net
3341,Almon Harridge,almon.harridgexeswwb@mail.test
3342,Falin Palley,falin.palleyhx9m29@example.com
3343,Daron Harbrook,daron.harbrookbl4pc4@demo.net
3344,Naden Torwell,naden.torwellsqml8n@mail.test
3345,Maria Darbrook,maria.darbrookb5wxnh@fakemail.org
3346,Almar Dalridge,almar.dalridgeghao8i@example.com
3347,Faron Corwell,faron.corwellh4c3w4@mail.test
3348,Josha Torwell,josha.torwell7vfyj8@mail.test
3349,Bemon Dalford,bemon.dalfordrimwny@example.com
3350,Elrel Darfield,elrel.darfielda5yplq@example.com
3351,Besha Palhart,besha.palhartaz175k@mail.test
3352,Paron Vanridge,paron.vanridge1rc7g7@demo.net
3353,Allin Darton,allin.darton5jh6p6@fakemail.org
3354,Olrel Vanhart,olrel.vanhart83e0j4@mail.test
3355,Nanor Fenberg,nanor.fenbergy2b035@demo.net
3356,Zasha Torson,zasha.torsonnonqa0@fakemail.org
3357,Famon Harberg,famon.harbergbdxkjf@demo.net
3358,Zamar Belman,zamar.belmano57sm3@example.com
3359,Vison Torford,vison.torfordyvsv8d@example.com
3360,Dabel Kelford,dabel.kelford8zu524@mail.test
3361,Maron Vanley,maron.vanley4406au@example.com
3362,Olron Vanman,olron.vanman7x7om8@mail.test
3363,Leria Norbrook,leria.norbrookdtccw3@demo.net
3364,Olden Torley,olden.torley3lxx2d@fakemail.org
3365,Jolan Kelson,jolan.kelsonrhb0mb@demo.net
3366,Paron Harwood,paron.harwoodmu4exb@mail.test
3367,Sanor Palley,sanor.palley80wbqx@mail.test
3368,Talan Willey,talan.willey511vr1@example.com
3369,Vilin Vanhart,vilin.vanhart0enool@mail.test
3370,Josha Darbrook,josha.darbrookcwe11r@fakemail.org
3371,Cason Lenwood,cason.lenwoody2yo28@fakemail.org
3372,Jomar Harstone,jomar.harstonekeh615@fakemail.org
3373,Alron Norhart,alron.norhart8w0fhk@demo.net
3374,Karia Belley,karia.belleyhcjvu2@fakemail.org
3375,Pamar Torman,pamar.torman3g4zqf@mail.test
3376,Kamar Lenwood,kamar.lenwoodiwl22l@fakemail.org
3377,Jolan Palbrook,jolan.palbrookhobiei@mail.test
3378,Ellin Dalbrook,ellin.dalbrook80wn5b@demo.net
3379,Masha Vanton,masha.vantonov45o9@fakemail.org
3380,Faton Vanfield,faton.vanfield95cynr@mail.test
3381,Paron Harson,paron.harsonm868ro@example.com
3382,Fasel Torton,fasel.tortonav17dy@example.com
3383,Alria Wilwood,alria.wilwoodf2w5ew@mail.test
3384,Zalin Dalbrook,zalin.dalbrookiqkvqc@mail.test
3385,Mavin Torford,mavin.torfordxzs84m@mail.test
3386,Zasha Dalstone,zasha.dalstone2bsazw@example.com
3387,Kamar Harman,kamar.harmanyu503o@fakemail.org
3388,Tavin Dalfield,tavin.dalfieldz0d3a9@fakemail.org
3389,Pavin Torberg,pavin.torbergj7010x@example.com
3390,Kasel Vanley,kasel.vanleyddctsm@fakemail.org
3391,Pavin Norman,pavin.norman8hs2c3@fakemail.org
3392,Pasel Palridge,pasel.palridgewrrmj1@mail.test
3393,Taton Fenbrook,taton.fenbrook617lv1@example.com
3394,Ralin Norton,ralin.nortoniczg1t@fakemail.org
3395,Zamon Lenton,zamon.lentonhsmwoh@fakemail.org
3396,Taria Kelbrook,taria.kelbrooktnewoh@example.com
3397,Rasha Morson,rasha.morsoncjoobj@fakemail.org
3398,Josha Lenridge,josha.lenridgegtyrj5@example.com
3399,Dasha Norwood,dasha.norwoodum1lza@mail.test
3400,Kavin Harton,kavin.harton6rgape@mail.test
3401,Salin Corwell,salin.corwellmnvp7h@fakemail.org
3402,Viron Darbrook,viron.darbrookksbjar@demo.net
3403,Zalan Belman,zalan.belmanu9d2qn@fakemail.org
3404,Ramon Norton,ramon.nortonehp5tf@demo.net
3405,Viden Harwood,viden.harwoodzr89d9@example.com
3406,Naton Torwood,naton.torwoodpifl6d@example.com
3407,Zasel Corman,zasel.cormanf50gz0@example.com
3408,Fanor Harberg,fanor.harberg3dsza6@mail.test
3409,Lenor Kelhart,lenor.kelhartqu26pb@mail.test
3410,Tamon Kelwood,tamon.kelwood9z5pkw@mail.test
3411,Fasha Wilbrook,fasha.wilbrookk7fdt3@demo.net
3412,Kavin Kelson,kavin.kelson8iohrl@mail.test
3413,Kalin Harton,kalin.hartonvj4ajz@fakemail.org
3414,Lemar Palley,lemar.palley0el3uh@demo.net
3415,Vison Darberg,vison.darbergrj1wxd@example.com
3416,Kavin Sanbrook,kavin.sanbrookinllkf@demo.net
3417,Nabel Belberg,nabel.belberg06llbv@demo.net
3418,Nasha Sanstone,nasha.sanstonep8pgi0@mail.test
3419,Naton Vanwood,naton.vanwoodq7d8s1@demo.net
3420,Famar Corbrook,famar.corbrookbwuast@demo.net
3421,Tasel Dalson,tasel.dalson7e6l6f@mail.test
3422,Leron Lenton,leron.lentonrmk7sm@demo.net
3423,Masel Palberg,masel.palbergqaj454@example.com
3424,Saron Sanson,saron.sansonfjdel2@demo.net
3425,Karia Vanton,karia.vantonama1kc@demo.net
3426,Talin Torstone,talin.torstone20s7eo@fakemail.org
3427,Jonor Dalberg,jonor.dalbergwx1y47@example.com
3428,Malin Corton,malin.cortons0brnu@demo.net
3429,Faton Harhart,faton.harhart4bmhmg@fakemail.org
3430,Camar Wilson,camar.wilsonjuoy0m@demo.net
3431,Leson Morton,leson.morton8ktgxt@example.com
3432,Alria Wilson,alria.wilson526fjl@demo.net
3433,Paria Torley,paria.torleylzr49p@fakemail.org
3434,Nason Dalford,nason.dalford4f4cme@fakemail.org
3435,Paden Morwell,paden.morwellr49v3c@demo.net
3436,Virel Kelwood,virel.kelwoodff56sq@example.com
3437,Rarel Wilstone,rarel.wilstonekzt5gu@mail.test
3438,Famar Norbrook,famar.norbrook73jwao@example.com
3439,Alvin Corley,alvin.corleykvsrn9@mail.test
3440,Nalan Belberg,nalan.belbergm6ao9u@fakemail.org
3441,Belin Kelman,belin.kelman5ldo9i@example.com
3442,Allin Belridge,allin.belridgeblqhew@example.com
3443,Naria Corton,naria.cortonpxsdan@example.com
3444,Saton Lenson,saton.lensonlquout@fakemail.org
3445,Taton Torwood,taton.torwood8rcuun@mail.test
3446,Vilin Wilton,vilin.wiltonou0ncf@example.com
3447,Visel Harfield,visel.harfieldiqos1r@demo.net
3448,Caden Lenbrook,caden.lenbrookbiaqey@demo.net
3449,Vimon Dalbrook,vimon.dalbrookahdxgh@mail.test
3450,Davin Lenwell,davin.lenwellikkohd@example.com
3451,Jomar Harton,jomar.hartonr6510j@fakemail.org
3452,Paton Sanson,paton.sansonqz3yst@example.com
3453,Zanor Morhart,zanor.morhartqdfiod@fakemail.org
3454,Jonor Darstone,jonor.darstone3wctl5@fakemail.org
3455,Beson Vanwell,beson.vanwellc0k56v@example.com
3456,Elbel Lenfield,elbel.lenfieldnnjtuh@demo.net
3457,Zason Sanridge,zason.sanridgemzvwjg@demo.net
3458,Taron Darhart,taron.darhartn16u20@demo.net
3459,Beron Lenstone,beron.lenstonetxzss8@demo.net
3460,Lesha Corhart,lesha.corhartuld1rz@fakemail.org
3461,Pasha Belton,pasha.beltonsgdzmt@fakemail.org
3462,Olmar Kelman,olmar.kelmanxa9z38@fakemail.org
3463,Bemar Corley,bemar.corley4abfvv@fakemail.org
3464,Masha Darman,masha.darman7bgiy1@demo.net
3465,Joria Sanfield,joria.sanfieldpn42un@fakemail.org
3466,Leron Harley,leron.harleylq61ms@demo.net
3467,Elria Sanstone,elria.sanstone9na31d@example.com
3468,Alrel Sanberg,alrel.sanbergzii3dy@example.com
3469,Zarel Morfield,zarel.morfieldwvhfep@example.com
3470,Elsha Lenwell,elsha.lenwellxj3ys3@mail.test
3471,Saden Palridge,saden.palridgefv1t8f@demo.net
3472,Panor Harwell,panor.harwellooeqm3@mail.test
3473,Camar Wilfield,camar.wilfieldj4f1pz@mail.test
3474,Ralan Vanridge,ralan.vanridgerfn8du@example.com
3475,Kavin Norridge,kavin.norridge4azger@fakemail.org
3476,Zaron Sanridge,zaron.sanridgekltj4h@fakemail.org
3477,Cabel Sanberg,cabel.sanbergamez88@fakemail.org
3478,Casel Harwell,casel.harwellvr7zf2@mail.test
3479,Dalan Sanstone,dalan.sanstonepz7u5h@mail.test
3480,Vibel Dalstone,vibel.dalstonezq3ndn@demo.net
3481,Faria Sanley,faria.sanleyv1pxnq@mail.test
3482,Rasel Harhart,rasel.harhartl43jo3@mail.test
3483,Elmon Wilson,elmon.wilson29ghjk@mail.test
3484,Alden Fenton,alden.fentonjijyka@demo.net
3485,Cabel Kelfield,cabel.kelfield24y3h2@mail.test
3486,Josha Lenson,josha.lensonm2rgpf@example.com
3487,Nalan Morridge,nalan.morridgew3q9b5@example.com
3488,Salin Torwell,salin.torwellk8bv26@demo.net
3489,Taden Vanson,taden.vansonxtgde4@example.com
3490,Dabel Wilwell,dabel.wilwell91lcsh@fakemail.org
3491,Kavin Sanford,kavin.sanford5x4lcs@mail.test
3492,Darel Wilfield,darel.wilfieldcdbz2t@fakemail.org
3493,Palin Darfield,palin.darfieldvn4phg@example.com
3494,Olsha Vanman,olsha.vanmanbid2hj@example.com
3495,Elsel Belfield,elsel.belfield8ah0su@mail.test
3496,Raron Corford,raron.corfordapdf4p@example.com
3497,Visha Norley,visha.norleynd4aab@fakemail.org
3498,Jovin Norton,jovin.nortontt7j12@fakemail.org
3499,Mason Kelberg,mason.kelberg0mtrqh@demo.net
3500,Salan Fenman,salan.fenmans4eicm@fakemail.org
3501,Kason Kelton,kason.kelton4jzwnk@mail.test
3502,Favin Morwood,favin.morwood2nxg1t@demo.net
3503,Mamar Lenhart,mamar.lenhartnopcuq@mail.test
3504,Olrel Corley,olrel.corleyopzgwj@demo.net
3505,Malan Darton,malan.dartonv425e0@example.com
3506,Mavin Sanhart,mavin.sanhart184d77@example.com
3507,Lerel Corridge,lerel.corridgeb965gz@demo.net
3508,Katon Palwood,katon.palwoodgopb09@demo.net
3509,Elbel Darwood,elbel.darwood84r4p3@example.com
3510,Namon Belwell,namon.belwellcue1vi@mail.test
3511,Lenor Morberg,lenor.morbergetw6el@mail.test
3512,Lelan Lenstone,lelan.lenstonenmzdem@mail.test
3513,Alria Norton,alria.norton8borql@mail.test
3514,Salin Fenwell,salin.fenwellwe7t7u@example.com
3515,Ellin Corwood,ellin.corwoodqefcfj@mail.test
3516,Benor Corhart,benor.corhart3ffd6h@demo.net
3517,Dalan Belridge,dalan.belridgeuy2nbx@fakemail.org
3518,Camar Kelfield,camar.kelfield9p71w3@demo.net
3519,Falan Darley,falan.darleyvy7zde@example.com
3520,Olson Wilfield,olson.wilfieldy3mudr@demo.net
3521,Farel Lenfield,farel.lenfieldi8uogd@fakemail.org
3522,Tarel Torwood,tarel.torwoode0yzzk@example.com
3523,Lesel Palton,lesel.paltonfwlgyg@mail.test
3524,Mason Sanford,mason.sanford7rl0il@example.com
3525,Elrel Torley,elrel.torleyt92dz6@mail.test
3526,Nalin Harford,nalin.harfordzimms4@fakemail.org
3527,Malan Belson,malan.belson4r9u06@fakemail.org
3528,Caron Vanford,caron.vanfordhy5wjm@mail.test
3529,Mamon Darbrook,mamon.darbrook5pjw20@mail.test
3530,Leden Santon,leden.santonp13em6@demo.net
3531,Beson Darhart,beson.darhart7z169w@demo.net
3532,Zavin Torwood,zavin.torwoodber9yx@fakemail.org
3533,Darel Dalson,darel.dalsonm6x1hg@example.com
3534,Alson Sanford,alson.sanfordpcz17c@mail.test
3535,Elbel Lenstone,elbel.lenstone44xc8i@demo.net
3536,Savin Wilstone,savin.wilstonedxio33@demo.net
3537,Katon Harman,katon.harmanwdcrg3@demo.net
3538,Rabel Norley,rabel.norleymmrrg8@example.com
3539,Mabel Corhart,mabel.corhart0z1ght@example.com
3540,Palan Norson,palan.norsont9gabi@example.com
3541,Tason Norhart,tason.norhart124wa6@demo.net
3542,Alria Morhart,alria.morhartshpo8u@mail.test
3543,Tasel Dalridge,tasel.dalridgenq5rgl@example.com
3544,Zamon Harfield,zamon.harfield2ot7hy@demo.net
3545,Olria Sanford,olria.sanfordmmsp37@fakemail.org
3546,Zaton Kelman,zaton.kelmansx5fk0@fakemail.org
3547,Olria Kelson,olria.kelsoni4ddre@mail.test
3548,Zabel Torley,zabel.torleyg9c5k1@mail.test
3549,Olmon Sanwood,olmon.sanwood5t4y3g@demo.net
3550,Alden Lenridge,alden.lenridger4dqjm@mail.test
3551,Bebel Norfield,bebel.norfieldws2u3e@example.com
3552,Vivin Wilhart,vivin.wilhartbia619@mail.test
3553,Mamon Kelman,mamon.kelman8mbix8@fakemail.org
3554,Sasel Morwell,sasel.morwell99utvm@mail.test
3555,Olson Norman,olson.norman25w46x@example.com
3556,Elmon Belman,elmon.belmani2j7ob@mail.test
3557,Mason Harberg,mason.harbergc6d25s@demo.net
3558,Nalin Norford,nalin.norfordk1jk75@demo.net
3559,Naden Vanfield,naden.vanfieldbg1r9r@mail.test
3560,Viria Corman,viria.corman2hfb21@example.com
3561,Pamon Sanley,pamon.sanleyd1v4q3@fakemail.org
3562,Calan Sanman,calan.sanmanwh94k1@example.com
3563,Elrel Vanton,elrel.vantonja3e0v@mail.test
3564,Daton Corhart,daton.corhartbmkxqf@mail.test
3565,Camar Fenhart,camar.fenhartpyufh2@demo.net
3566,Zasha Fenson,zasha.fensonl7racw@mail.test
3567,Karon Torley,karon.torleydp0ujr@demo.net
3568,Zarel Palley,zarel.palleyiq3bkz@example.com
3569,Elnor Lenfield,elnor.lenfield4u4jrc@demo.net
3570,Masha Norman,masha.normangsle3b@mail.test
3571,Paria Darley,paria.darleyoi6gmd@fakemail.org
3572,Kamar Lenton,kamar.lentonzmft9i@fakemail.org
3573,Alvin Harbrook,alvin.harbrookq83wip@fakemail.org
3574,Katon Palfield,katon.palfields8os37@example.com
3575,Fanor Morson,fanor.morsone60zdt@fakemail.org
3576,Tasel Morman,tasel.morman1ytr9v@demo.net
3577,Calin Harridge,calin.harridge3ze5s1@mail.test
3578,Olron Kelwell,olron.kelwellf4x1na@fakemail.org
3579,Calan Torfield,calan.torfieldcmq5h9@example.com
3580,Fanor Lenton,fanor.lenton7i2mqt@mail.test
3581,Kaden Morton,kaden.mortonn29kxq@demo.net
3582,Tasha Torwood,tasha.torwoodpxx1oz@mail.test
3583,Maron Sanwell,maron.sanwells22cfh@mail.test
3584,Visha Darberg,visha.darbergzoi0ju@demo.net
3585,Famar Darbrook,famar.darbrooks60xh6@example.com
3586,Jobel Harstone,jobel.harstonev5ojun@demo.net
3587,Naron Dalson,naron.dalson2h92pw@example.com
3588,Beron Vanwood,beron.vanwooduilynj@mail.test
3589,Bemar Kelley,bemar.kelley3fykf9@demo.net
3590,Cabel Torman,cabel.tormansmidug@mail.test
3591,Maden Santon,maden.santonaiipir@demo.net
3592,Raron Darwell,raron.darwelljzr77c@mail.test
3593,Lelin Palwood,lelin.palwood33h3it@mail.test
3594,Tabel Norbrook,tabel.norbrookn1irv3@demo.net
3595,Mamar Morstone,mamar.morstonem1wpe0@mail.test
3596,Nabel Darson,nabel.darson4ftre1@demo.net
3597,Faron Sanwood,faron.sanwoodc5v2fk@example.com
3598,Alton Morberg,alton.morberg1vy0vi@mail.test
3599,Daden Corwell,daden.corwell4gzxcf@fakemail.org
3600,Zalan Corfield,zalan.corfield2svi31@mail.test
3601,Allan Corwell,allan.corwellwr7371@demo.net
3602,Pamar Norton,pamar.norton6xen8q@mail.test
3603,Viden Kelridge,viden.kelridgegiuf6m@mail.test
3604,Paria Wilstone,paria.wilstone81f1qp@mail.test
3605,Daden Sanley,daden.sanleymzpdol@fakemail.org
3606,Taria Harridge,taria.harridgeb6wbgy@demo.net
3607,Elden Corbrook,elden.corbrook09p0sb@demo.net
3608,Lemar Kelman,lemar.kelmanav4n2j@demo.net
3609,Olvin Fenley,olvin.fenleym886qd@example.com
3610,Palin Torley,palin.torleyr814t4@mail.test
3611,Vilin Torridge,vilin.torridge4ym52i@fakemail.org
3612,Faden Fenfield,faden.fenfieldgd63gq@demo.net
3613,Alsel Harbrook,alsel.harbrookfu16ul@mail.test
3614,Mabel Norson,mabel.norsong8jrx5@demo.net
3615,Falin Belford,falin.belfordt0bgl7@example.com
3616,Jolan Fenman,jolan.fenmanp2yrfc@example.com
3617,Palan Harwell,palan.harwell8aukfw@fakemail.org
3618,Palan Corhart,palan.corhart4tlqmf@mail.test
3619,Visha Palwell,visha.palwellvnsiji@mail.test
3620,Kaden Lenfield,kaden.lenfieldgp2zes@fakemail.org
3621,Tason Corwell,tason.corwell10ebr2@demo.net
3622,Salin Torford,salin.torforda9i4nq@fakemail.org
3623,Dalin Fenford,dalin.fenfordd1sdgz@mail.test
3624,Talin Dalwell,talin.dalwellv3fld6@mail.test
3625,Lemar Wilson,lemar.wilsonrwntp6@demo.net
3626,Talin Vanley,talin.vanley0bvd76@mail.test
3627,Salan Dalhart,salan.dalharth12juv@example.com
3628,Nanor Kelson,nanor.kelsone6hbfk@demo.net
3629,Zaron Lenman,zaron.lenman72fr5t@fakemail.org
3630,Falin Darstone,falin.darstoneagzlfp@example.com
3631,Jomon Dalford,jomon.dalfordfwljaj@fakemail.org
3632,Caron Sanbrook,caron.sanbrookfh9tza@demo.net
3633,Caria Sanford,caria.sanfordgfyz59@example.com
3634,Namar Harbrook,namar.harbrookq45ad1@example.com
3635,Dason Vanton,dason.vanton07t8fy@mail.test
3636,Besha Vanberg,besha.vanbergxj1h1r@example.com
3637,Palan Vanman,palan.vanmanvjcvu7@fakemail.org
3638,Pasel Norridge,pasel.norridgedyke08@mail.test
3639,Lenor Torman,lenor.tormanl3ngzo@demo.net
3640,Manor Vanberg,manor.vanberg1kcaec@demo.net
3641,Zasel Belhart,zasel.belhartikkw23@fakemail.org
3642,Favin Morman,favin.mormanpufis8@fakemail.org
3643,Lesel Darford,lesel.darford4pc76n@fakemail.org
3644,Beson Corton,beson.cortondm8dgn@example.com
3645,Saden Darstone,saden.darstonev0qjqh@example.com
3646,Fanor Sanwell,fanor.sanwell858guz@demo.net
3647,Alrel Morson,alrel.morsonmoy1hi@fakemail.org
3648,Beron Harton,beron.harton8ckbnv@fakemail.org
3649,Dalan Sanberg,dalan.sanbergaq0wf6@demo.net
3650,Vilin Wilwood,vilin.wilwoodp7jddn@fakemail.org
3651,Zaron Corridge,zaron.corridgefbcpjv@mail.test
3652,Maria Wilridge,maria.wilridge623s64@mail.test
3653,Davin Morhart,davin.morhartuz0ttn@mail.test
3654,Ramar Sanwell,ramar.sanwellm4usn9@mail.test
3655,Zalin Darwell,zalin.darwellcr6ekq@demo.net
3656,Dasel Corson,dasel.corson86f1h7@mail.test
3657,Elton Morwood,elton.morwooda86987@fakemail.org
3658,Alsel Dalwell,alsel.dalwell46zkzs@example.com
3659,Canor Dalton,canor.daltonqa6f00@demo.net
3660,Zaton Torford,zaton.torfordwgc33k@demo.net
3661,Palan Belfield,palan.belfieldzmpgb8@mail.test
3662,Elrel Torford,elrel.torford9p5sqg@demo.net
3663,Beson Sanridge,beson.sanridgebcux04@fakemail.org
3664,Almar Harford,almar.harfordfsviol@mail.test
3665,Parel Torwell,parel.torwellv8xsdx@demo.net
3666,Saron Torfield,saron.torfieldrx5dol@mail.test
3667,Naton Dalford,naton.dalfordtqijdb@mail.test
3668,Casel Norley,casel.norley4el3it@demo.net
3669,Navin Wilberg,navin.wilbergb6jvic@mail.test
3670,Damar Belson,damar.belsoneel9mg@demo.net
3671,Kason Corwood,kason.corwoodut29y3@fakemail.org
3672,Nabel Fenwell,nabel.fenwellq9pcwf@example.com
3673,Camon Dalwell,camon.dalwellqdzk5a@demo.net
3674,Kason Dalford,kason.dalforda82h5z@mail.test
3675,Alria Fenwell,alria.fenwelljnzu9g@demo.net
3676,Josha Dalwood,josha.dalwoodfi8984@demo.net
3677,Ralin Sanberg,ralin.sanberg1bp6nw@fakemail.org
3678,Maden Lenwell,maden.lenwellsvegfb@mail.test
3679,Elbel Morbrook,elbel.morbrooktyr5e2@demo.net
3680,Ranor Harwood,ranor.harwooduwc2gc@mail.test
3681,Olsel Corford,olsel.corforddoipcr@demo.net
3682,Pasel Morridge,pasel.morridgea1asjj@demo.net
3683,Sason Morbrook,sason.morbrookvuobwe@fakemail.org
3684,Mavin Darhart,mavin.darharty0uqau@fakemail.org
3685,Zarel Corman,zarel.cormanq9opwt@mail.test
3686,Kasel Norwell,kasel.norwell7f5xxd@example.com
3687,Carel Darman,carel.darman2p7rmc@demo.net
3688,Nasha Corhart,nasha.corhartkwfi0u@example.com
3689,Pasha Darford,pasha.darfordzye48y@demo.net
3690,Zalan Wilridge,zalan.wilridgeosqel0@example.com
3691,Saton Harford,saton.harfordit6pkx@mail.test
3692,Kasel Morstone,kasel.morstonemdc6lb@example.com
3693,Favin Harhart,favin.harhartz0x99a@fakemail.org
3694,Cason Wilhart,cason.wilhartgvud1m@mail.test
3695,Almon Lenhart,almon.lenhartm8525m@mail.test
3696,Leson Dalwood,leson.dalwoodw6x24b@demo.net
3697,Nabel Darwood,nabel.darwoodac4b4d@example.com
3698,Famon Wilwell,famon.wilwell20yyfj@demo.net
3699,Olsha Morton,olsha.mortonwfe76r@mail.test
3700,Sabel Morbrook,sabel.morbrooks6h3hp@example.com
3701,Olnor Wilman,olnor.wilman4wbfcy@example.com
3702,Zamon Darson,zamon.darsone8gm6c@example.com
3703,Rasha Sanley,rasha.sanleywl5caq@demo.net
3704,Talin Norwell,talin.norwellzvboii@example.com
3705,Raton Kelridge,raton.kelridgeocxjr0@example.com
3706,Saron Darley,saron.darleyr5jm7y@demo.net
3707,Daria Corson,daria.corsonen8y7j@fakemail.org
3708,Sarel Kelson,sarel.kelson714cfu@demo.net
3709,Sabel Fenton,sabel.fentonovp1t6@demo.net
3710,Navin Torberg,navin.torbergjrmxmr@mail.test
3711,Joron Wilstone,joron.wilstones2lkrl@demo.net
3712,Elsha Dalley,elsha.dalleyvrblce@demo.net
3713,Malin Norbrook,malin.norbrook5fnedv@mail.test
3714,Talin Vanman,talin.vanman4f8vut@example.com
3715,Saden Corwell,saden.corwellse3gdl@example.com
3716,Kamon Vanfield,kamon.vanfieldwl3gcp@example.com
3717,Famon Dalstone,famon.dalstonevda2wj@mail.test
3718,Jorel Belbrook,jorel.belbrooks2cgjv@example.com
3719,Pavin Fenton,pavin.fentonokvc3a@example.com
3720,Ollin Morton,ollin.morton8127z1@example.com
3721,Elmar Vanton,elmar.vantonihbcvj@fakemail.org
3722,Jomar Dalton,jomar.daltonzcw4ho@demo.net
3723,Taden Morbrook,taden.morbrooksue826@demo.net
3724,Viria Norhart,viria.norharteh3dmh@fakemail.org
3725,Zabel Belhart,zabel.belhartrgtg3f@mail.test
3726,Ralin Morley,ralin.morleyynz75n@demo.net
3727,Damar Vanberg,damar.vanbergx9ytaq@demo.net
3728,Elmar Sanman,elmar.sanmana0yj0v@example.com
3729,Pabel Fenman,pabel.fenmanelvboo@example.com
3730,Pasha Dalson,pasha.dalsonn6lo8i@demo.net
3731,Alden Wilwood,alden.wilwood4n05iz@example.com
3732,Paria Vanford,paria.vanfordj681v0@demo.net
3733,Lesel Lenridge,lesel.lenridgeprtiwl@example.com
3734,Zamon Dalson,zamon.dalsoni703cc@mail.test
3735,Bevin Kelhart,bevin.kelhart1u12dv@example.com
3736,Kanor Sanfield,kanor.sanfieldooofdc@mail.test
3737,Carel Sanridge,carel.sanridgeoekbht@fakemail.org
3738,Salin Palman,salin.palmandsxms6@demo.net
3739,Famon Belwell,famon.belwelltm8nbx@example.com
3740,Zarel Torstone,zarel.torstonek23vam@mail.test
3741,Taron Lenberg,taron.lenbergfkwaax@fakemail.org
3742,Leden Morhart,leden.morhartyyqdop@example.com
3743,Sasel Morford,sasel.morfordkt3vbe@fakemail.org
3744,Pamon Vanwood,pamon.vanwood4ka9ak@example.com
3745,Maton Darton,maton.dartonqf23ht@fakemail.org
3746,Olbel Torridge,olbel.torridgeb7d5ih@demo.net
3747,Maria Norhart,maria.norharthf8lxj@example.com
3748,Benor Torfield,benor.torfieldloyqoa@demo.net
3749,Alvin Belberg,alvin.belbergvfi23n@fakemail.org
3750,Nanor Morley,nanor.morleyxgizy9@demo.net
3751,Katon Harhart,katon.harharttzonbe@fakemail.org
3752,Olbel Norman,olbel.norman69egtz@mail.test
3753,Tason Darford,tason.darfordc5xzxz@example.com
3754,Raria Harson,raria.harson7akxl1@example.com
3755,Vilin Norfield,vilin.norfieldi6q6x1@mail.test
3756,Fason Wilstone,fason.wilstone5nlaw2@example.com
3757,Raden Darwell,raden.darwella14mfx@mail.test
3758,Vinor Morwood,vinor.morwood6yv3fv@demo.net
3759,Jomar Harridge,jomar.harridgelt39d7@mail.test
3760,Falin Fenson,falin.fensonkn1ffc@fakemail.org
3761,Bemar Torford,bemar.torfordludge7@demo.net
3762,Elnor Morton,elnor.morton8phy9v@mail.test
3763,Saron Corman,saron.cormannv5exk@example.com
3764,Caton Belford,caton.belford24zbqk@mail.test
3765,Salan Belton,salan.beltonuufwuw@example.com
3766,Elton Darley,elton.darleymm88y2@fakemail.org
3767,Vimar Wilstone,vimar.wilstone8iq7w4@example.com
3768,Faden Morfield,faden.morfieldit4bnv@mail.test
3769,Fasha Belton,fasha.beltonidlm0s@fakemail.org
3770,Jomar Corhart,jomar.corhartk171n7@mail.test
3771,Naden Harwood,naden.harwoodat5a5u@example.com
3772,Olsel Belwell,olsel.belwellvli8zv@fakemail.org
3773,Raria Corhart,raria.corhartaetgzj@example.com
3774,Palin Norstone,palin.norstoneeq7eec@example.com
3775,Dasel Sanstone,dasel.sanstone3872jq@demo.net
3776,Alria Fenstone,alria.fenstone2rxvi8@example.com
3777,Cabel Vanford,cabel.vanfordizbasw@mail.test
3778,Tavin Palstone,tavin.palstonecrc007@mail.test
3779,Sason Lenbrook,sason.lenbrookkt9ybj@demo.net
3780,Olsha Morhart,olsha.morharty410g2@fakemail.org
3781,Saden Vanwell,saden.vanwellwgb6wy@demo.net
3782,Alson Wilford,alson.wilford9rtssj@demo.net
3783,Samar Morton,samar.mortonleqjza@example.com
3784,Raria Belbrook,raria.belbrook6l9q81@demo.net
3785,Joria Kelford,joria.kelfordb3ytjo@mail.test
3786,Ollin Darwell,ollin.darwellx3ahqj@demo.net
3787,Tarel Vanberg,tarel.vanberga2xx85@mail.test
3788,Famon Darhart,famon.darhart3knamw@example.com
3789,Ralin Corwell,ralin.corwellqklv1w@fakemail.org
3790,Viton Darton,viton.dartonogi4v6@fakemail.org
3791,Levin Dalberg,levin.dalbergpx4g16@mail.test
3792,Bevin Morbrook,bevin.morbrook29lylc@fakemail.org
3793,Zavin Palhart,zavin.palhartrms3d8@example.com
3794,Ranor Vanbrook,ranor.vanbrookqgid0x@demo.net
3795,Bemon Dalbrook,bemon.dalbrookrm65a2@example.com
3796,Nasel Vanson,nasel.vanson3hgb0v@mail.test
3797,Zanor Sanhart,zanor.sanhartum6a9w@fakemail.org
3798,Olron Morbrook,olron.morbrooku128bf@demo.net
3799,Mason Sanberg,mason.sanberg412sw5@demo.net
3800,Alsel Norley,alsel.norley8vxh79@example.com
3801,Zasha Palberg,zasha.palbergg34tpd@fakemail.org
3802,Beton Vanton,beton.vantonk9dpct@mail.test
3803,Sasel Belson,sasel.belson2wgdtf@mail.test
3804,Zaria Kelstone,zaria.kelstonea7cj14@example.com
3805,Masel Sanstone,masel.sanstone8qmm3p@example.com
3806,Raden Dalwell,raden.dalwell20c4uz@mail.test
3807,Elnor Vanberg,elnor.vanbergbe5en7@fakemail.org
3808,Nanor Lenhart,nanor.lenhartpxm6ob@fakemail.org
3809,Malan Norley,malan.norleycaqbkk@fakemail.org
3810,Naton Wilstone,naton.wilstonetvspds@demo.net
3811,Sarel Wilridge,sarel.wilridgery7fzz@example.com
3812,Calan Fenwell,calan.fenwell0ha388@mail.test
3813,Olden Harbrook,olden.harbrookqeb8j5@example.com
3814,Elron Willey,elron.willey7x2xge@example.com
3815,Naden Torfield,naden.torfieldlaf7ke@fakemail.org
3816,Joron Corwood,joron.corwoodefs9io@example.com
3817,Belan Sanbrook,belan.sanbrook3hcuoz@demo.net
3818,Joria Morwood,joria.morwoodkpyem3@demo.net
3819,Elson Torson,elson.torson5eskwi@mail.test
3820,Raria Corfield,raria.corfieldgtcnla@fakemail.org
3821,Masel Kelton,masel.keltoni5wya5@demo.net
3822,Rasha Lenhart,rasha.lenhartw6v4ov@fakemail.org
3823,Elria Corberg,elria.corberg6n1qdk@fakemail.org
3824,Alsel Norstone,alsel.norstonefa1ad5@demo.net
3825,Viden Sanford,viden.sanfordhszzdw@fakemail.org
3826,Jonor Palfield,jonor.palfieldfhua22@demo.net
3827,Fasha Sanstone,fasha.sanstonetoblnq@fakemail.org
3828,Ramon Kelson,ramon.kelsonhqc82j@example.com
3829,Virel Belley,virel.belleybxt76b@example.com
3830,Bemar Lenwell,bemar.lenwellkkhzpg@fakemail.org
3831,Maron Belstone,maron.belstone6m3k9b@demo.net
3832,Karon Dalton,karon.daltondefpe1@example.com
3833,Famar Wilfield,famar.wilfield0q28ni@fakemail.org
3834,Olvin Corberg,olvin.corberg3e0p3q@mail.test
3835,Olmar Harfield,olmar.harfieldhgxbez@mail.test
3836,Paden Corley,paden.corleyp4hj0e@fakemail.org
3837,Faron Kelwood,faron.kelwood5w1d8z@example.com
3838,Elsha Vanbrook,elsha.vanbrookpk7xu7@mail.test
3839,Alria Dalhart,alria.dalharttc0et8@mail.test
3840,Almar Morberg,almar.morbergr8nh66@demo.net
3841,Lesel Dalman,lesel.dalman6072zz@fakemail.org
3842,Vimon Corhart,vimon.corhartoqkxxk@mail.test
3843,Fabel Harbrook,fabel.harbrook7m0z1t@example.com
3844,Albel Corfield,albel.corfield5ewk06@demo.net
3845,Jovin Norhart,jovin.norhartxadwu5@fakemail.org
3846,Alsha Torberg,alsha.torbergtt89xc@example.com
3847,Alvin Fenwood,alvin.fenwoodvxspgw@demo.net
3848,Tasha Corstone,tasha.corstonekk93oh@fakemail.org
3849,Elrel Lenfield,elrel.lenfieldx9iqqs@demo.net
3850,Ramon Norberg,ramon.norberg6x85s6@example.com
3851,Almon Norson,almon.norsonziek8x@mail.test
3852,Alvin Lenridge,alvin.lenridgeim5ev2@example.com
3853,Lelin Kelstone,lelin.kelstonezfvulb@example.com
3854,Vilan Belfield,vilan.belfieldpcvq84@example.com
3855,Dasel Vanstone,dasel.vanstonew84bj0@demo.net
3856,Ralin Morwell,ralin.morwell7syr3o@example.com
3857,Elmar Palford,elmar.palfordzgm50r@mail.test
3858,Lesha Belley,lesha.belleyt3e1vp@fakemail.org
3859,Jobel Corford,jobel.corford06yv5r@example.com
3860,Elron Morton,elron.mortonyefmmi@example.com
3861,Saron Norley,saron.norleys48eux@demo.net
3862,Kanor Harstone,kanor.harstone47upwe@fakemail.org
3863,Jobel Sanridge,jobel.sanridgeze04yw@fakemail.org
3864,Namar Sanman,namar.sanmanfyosvo@mail.test
3865,Lemon Torford,lemon.torfordo9ow1f@mail.test
3866,Kasha Darman,kasha.darmanbf5qgi@demo.net
3867,Olvin Belman,olvin.belmanh3sj38@example.com
3868,Karel Vanhart,karel.vanhartcy5i91@fakemail.org
3869,Dasel Belbrook,dasel.belbrookc0wunz@demo.net
3870,Olron Harson,olron.harsonkvz8g7@demo.net
3871,Zamon Dalfield,zamon.dalfieldt3hlml@demo.net
3872,Zaton Santon,zaton.santonr7og7r@fakemail.org
3873,Vilan Kelhart,vilan.kelharth2y4i1@demo.net
3874,Levin Wilman,levin.wilmanl18wy9@mail.test
3875,Namar Fenman,namar.fenmanbp4o4c@mail.test
3876,Allin Lenhart,allin.lenhartx32awo@example.com
3877,Pasha Belbrook,pasha.belbrook6rugvz@demo.net
3878,Tamon Palwood,tamon.palwoodiivqxy@fakemail.org
3879,Josel Norhart,josel.norhartazn3ex@mail.test
3880,Kalin Fenman,kalin.fenmansqrua6@mail.test
3881,Kasha Corfield,kasha.corfieldkc8dma@demo.net
3882,Besha Harwell,besha.harwell20g42e@mail.test
3883,Leson Palton,leson.paltonn2kevz@mail.test
3884,Beria Fenman,beria.fenmanmv7wqh@mail.test
3885,Zaria Torhart,zaria.torhartbn2otm@demo.net
3886,Samar Harton,samar.hartonifruiv@mail.test
3887,Vilin Harwell,vilin.harwellxnf5e1@demo.net
3888,Kamon Wilwood,kamon.wilwood9glhx9@demo.net
3889,Olmon Darman,olmon.darmanblsjkq@fakemail.org
3890,Vinor Lenbrook,vinor.lenbrookdukzue@example.com
3891,Pavin Lenford,pavin.lenfordiw1x0c@mail.test
3892,Lemon Norberg,lemon.norberghvnvwq@fakemail.org
3893,Lemar Darman,lemar.darmangz3mvc@demo.net
3894,Zasel Sanbrook,zasel.sanbrookzmf157@demo.net
3895,Beden Wilstone,beden.wilstone2i2c3x@fakemail.org
3896,Beria Palman,beria.palmanlcnenj@demo.net
3897,Fabel Dalton,fabel.dalton7v05oy@demo.net
3898,Olvin Palbrook,olvin.palbrook1l8z58@example.com
3899,Almon Belridge,almon.belridgev4fpuc@mail.test
3900,Saria Belton,saria.beltonsc5apl@demo.net
3901,Namon Harridge,namon.harridge19pt3p@example.com
3902,Vinor Darford,vinor.darford7hcq43@example.com
3903,Joden Morley,joden.morleyvgkhof@mail.test
3904,Saden Harson,saden.harsonb0lb7n@example.com
3905,Fasel Lenbrook,fasel.lenbrookpq7ka1@example.com
3906,Cason Kelley,cason.kelleyye8z1e@example.com
3907,Zasel Wilstone,zasel.wilstone1ls9j2@fakemail.org
3908,Alvin Sanbrook,alvin.sanbrookjjfodp@demo.net
3909,Dalin Norridge,dalin.norridgedq56om@fakemail.org
3910,Josha Darson,josha.darsonuxe0iz@demo.net
3911,Masel Palley,masel.palley69v1v0@example.com
3912,Virel Wilwood,virel.wilwoodz3559t@example.com
3913,Olmon Dalman,olmon.dalman0xfehx@demo.net
3914,Alden Dalhart,alden.dalhartauaaa2@example.com
3915,Alron Darbrook,alron.darbrookwmbbqm@fakemail.org
3916,Nason Belford,nason.belfordf7r982@demo.net
3917,Zaden Harson,zaden.harsond2v756@fakemail.org
3918,Elvin Morford,elvin.morford5bmo21@demo.net
3919,Lelan Harford,lelan.harfordgvukeu@fakemail.org
3920,Kasel Vanton,kasel.vantonk3f1rn@demo.net
3921,Vilan Fenton,vilan.fentongodlk3@mail.test
3922,Pavin Darberg,pavin.darberg9ata5n@demo.net
3923,Sason Sanford,sason.sanfordod04bs@mail.test
3924,Jonor Belstone,jonor.belstonenyhxua@example.com
3925,Kasel Torton,kasel.tortoniukj6z@fakemail.org
3926,Vilan Palhart,vilan.palhart5x5awv@example.com
3927,Mamon Sanley,mamon.sanleydmor7m@fakemail.org
3928,Taria Dalhart,taria.dalharttvr52s@mail.test
3929,Maton Kelhart,maton.kelhartyihqm9@example.com
3930,Paden Palridge,paden.palridgeg1y23w@demo.net
3931,Sanor Harman,sanor.harmanq1owrs@mail.test
3932,Ellan Morley,ellan.morleyr037ud@example.com
3933,Calin Darley,calin.darley5k16ug@demo.net
3934,Zalin Lenridge,zalin.lenridgexpv5gx@example.com
3935,Ellin Morstone,ellin.morstonepvy95b@mail.test
3936,Ollan Torhart,ollan.torhartngwdf1@example.com
3937,Taron Morberg,taron.morbergs35h1l@example.com
3938,Mabel Harstone,mabel.harstone2eo9v5@example.com
3939,Pamar Santon,pamar.santonbthlow@demo.net
3940,Caden Harwell,caden.harwell7r6rz2@example.com
3941,Jomon Fenman,jomon.fenmanu9ydoz@mail.test
3942,Zasel Fenstone,zasel.fenstonedahwlm@fakemail.org
3943,Namar Dalley,namar.dalleyu9wjvi@example.com
3944,Paden Dalman,paden.dalman2s3jt4@mail.test
3945,Camon Harberg,camon.harbergv59q4q@mail.test
3946,Visha Corman,visha.corman780oh7@example.com
3947,Talin Norstone,talin.norstonelchj7j@mail.test
3948,Raton Corley,raton.corleyh042ov@mail.test
3949,Jovin Fenfield,jovin.fenfieldmlp3n2@example.com
3950,Lemar Vanbrook,lemar.vanbrook4t6ffe@fakemail.org
3951,Raden Dalford,raden.dalfordkflof0@fakemail.org
3952,Panor Palson,panor.palson42rfuh@demo.net
3953,Nalan Palton,nalan.paltoncgh7t6@mail.test
3954,Vivin Corford,vivin.corford3yi0l0@demo.net
3955,Elron Lenman,elron.lenmanpk7y43@example.com
3956,Leria Lenbrook,leria.lenbrooko5n924@example.com
3957,Elnor Lenbrook,elnor.lenbrookoqwwvf@example.com
3958,Ralan Fenbrook,ralan.fenbrook96xe75@fakemail.org
3959,Dalan Kelwood,dalan.kelwood46g5rm@demo.net
3960,Beton Lenley,beton.lenley2a2upl@example.com
3961,Visha Fenwell,visha.fenwell4gnr7w@fakemail.org
3962,Olvin Wilridge,olvin.wilridge59353m@fakemail.org
3963,Almon Kelberg,almon.kelbergkj6s17@example.com
3964,Visha Belley,visha.belleyvjh7ba@demo.net
3965,Paria Dalhart,paria.dalharticxat9@mail.test
3966,Alvin Wilbrook,alvin.wilbrook7w2yov@fakemail.org
3967,Vison Harford,vison.harfordxp4eih@mail.test
3968,Jolin Sanbrook,jolin.sanbrookc7vdng@demo.net
3969,Pavin Torley,pavin.torley8yii66@example.com
3970,Ollan Dalford,ollan.dalfordx2yu86@example.com
3971,Alton Norstone,alton.norstoneygtt4q@demo.net
3972,Nalan Belwood,nalan.belwoodbqb0nq@mail.test
3973,Zarel Corhart,zarel.corhartolnt6k@example.com
3974,Elson Darwell,elson.darwell8d3uz7@mail.test
3975,Olbel Norson,olbel.norson1um9jp@example.com
3976,Nasel Corwood,nasel.corwoodafdb5o@demo.net
3977,Bemon Lenwell,bemon.lenwellspvjn8@demo.net
3978,Panor Dalfield,panor.dalfielduphezu@mail.test
3979,Viron Darton,viron.darton9l5xn4@example.com
3980,Pasel Belwell,pasel.belwellkthbah@fakemail.org
3981,Famon Morstone,famon.morstonex1zg3p@mail.test
3982,Beria Morford,beria.morfordgrx4wu@example.com
3983,Dalan Belley,dalan.belleyqe5jq1@fakemail.org
3984,Olvin Kelberg,olvin.kelberg0wv9kh@demo.net
3985,Sasel Lenhart,sasel.lenhart99x2x5@mail.test
3986,Alson Dalman,alson.dalmanfj7awg@example.com
3987,Nason Harfield,nason.harfield67fdri@mail.test
3988,Kamon Norwell,kamon.norwelliofssx@demo.net
3989,Vibel Harwood,vibel.harwoode00dsw@example.com
3990,Faden Corman,faden.cormanpijawa@mail.test
3991,Bebel Sanford,bebel.sanford8vmhiy@demo.net
3992,Fanor Fenbrook,fanor.fenbrooko2yiok@mail.test
3993,Palin Fenhart,palin.fenhartdnx2ww@demo.net
3994,Paron Fenfield,paron.fenfield8j7dyy@demo.net
3995,Vison Fenford,vison.fenford6aig2a@mail.test
3996,Narel Harson,narel.harson3x5ib3@example.com
3997,Daton Torton,daton.tortonkg0z5x@demo.net
3998,Mamon Kelwood,mamon.kelwoodn3q6xe@demo.net
3999,Malin Dalman,malin.dalman2ezk3f@mail.test
4000,Daria Palberg,daria.palbergq4kpnt@demo.net
4001,Vilan Fenson,vilan.fensonqyyl9o@fakemail.org
4002,Pasel Dalbrook,pasel.dalbrook46mlty@fakemail.org
4003,Vilin Kelwood,vilin.kelwoodtz4qqp@demo.net
4004,Alson Corberg,alson.corberg8hu5zp@example.com
4005,Dabel Norwood,dabel.norwoodxithrs@demo.net
4006,Olson Vanley,olson.vanleyvfm8zz@mail.test
4007,Olson Harridge,olson.harridgel2swzw@fakemail.org
4008,Fasha Palwood,fasha.palwoodm280a5@example.com
4009,Salan Kelford,salan.kelford7wsvi2@example.com
4010,Lemar Fenhart,lemar.fenhartf24a5r@fakemail.org
4011,Palin Dalstone,palin.dalstonefmb4p2@mail.test
4012,Ralan Kelton,ralan.keltonu68cis@fakemail.org
4013,Lerel Norley,lerel.norleylt5q4g@demo.net
4014,Rasel Harwood,rasel.harwoodkyphfv@example.com
4015,Olnor Morhart,olnor.morharthi24gm@example.com
4016,Leton Fenberg,leton.fenbergmpb0w7@example.com
4017,Tavin Palley,tavin.palleygef3r4@fakemail.org
4018,Pavin Wilstone,pavin.wilstoneleyz9i@mail.test
4019,Tamon Vanton,tamon.vanton79mmwc@fakemail.org
4020,Dalin Palman,dalin.palman79wnl1@example.com
4021,Darel Dalwood,darel.dalwoodduzc3e@example.com
4022,Ralan Willey,ralan.willeyiuhdw6@demo.net
4023,Fason Palford,fason.palford5xndd4@mail.test
4024,Casel Vanley,casel.vanleyv2g0rm@fakemail.org
4025,Lesha Lenfield,lesha.lenfield20qzmw@mail.test
4026,Pabel Torfield,pabel.torfieldl740hn@example.com
4027,Masel Belridge,masel.belridgepc03rv@demo.net
4028,Lerel Torbrook,lerel.torbrookxmr5ib@demo.net
4029,Nalan Belwell,nalan.belwellos3vyc@demo.net
4030,Elnor Dalwell,elnor.dalwellronwvm@example.com
4031,Beton Morford,beton.morford0uveaw@mail.test
4032,Belin Fenwood,belin.fenwoodq0cxjq@demo.net
4033,Tabel Palhart,tabel.palharti97c2h@fakemail.org
4034,Zamar Torley,zamar.torley0kumou@mail.test
4035,Caden Vanwell,caden.vanwellwwqd4n@example.com
4036,Olnor Morman,olnor.mormanhb1rxz@example.com
4037,Mamar Norwell,mamar.norwellixs9fm@demo.net
4038,Paton Morford,paton.morfordkdygns@demo.net
4039,Zamon Fenhart,zamon.fenhart3c8qpf@example.com
4040,Tabel Wilson,tabel.wilsonfnxor3@mail.test
4041,Namar Belton,namar.belton3xp3en@mail.test
4042,Masel Dalbrook,masel.dalbrook1631f2@fakemail.org
4043,Carel Norberg,carel.norbergsq96se@demo.net
4044,Faron Corwood,faron.corwoodfe0biy@mail.test
4045,Namar Wilwood,namar.wilwood4wolep@fakemail.org
4046,Taton Lenson,taton.lensonlto90y@demo.net
4047,Maden Lenson,maden.lensonvbed8w@demo.net
4048,Navin Fenwell,navin.fenwellibbuap@fakemail.org
4049,Nalin Fenson,nalin.fensoncwo1b7@fakemail.org
4050,Tabel Wilbrook,tabel.wilbrook00qb1g@mail.test
4051,Mason Harwood,mason.harwoodmn2u99@mail.test
4052,Albel Kelbrook,albel.kelbrookauxnzs@demo.net
4053,Tamar Kelford,tamar.kelfordd22k9l@fakemail.org
4054,Malan Morbrook,malan.morbrooky85yvy@example.com
4055,Ollan Norfield,ollan.norfield1ikfwa@fakemail.org
4056,Taden Fenman,taden.fenman39gdt9@fakemail.org
4057,Nalin Corridge,nalin.corridge2e5t2g@mail.test
4058,Falan Dalford,falan.dalfordu5a22n@fakemail.org
4059,Pasel Sanstone,pasel.sanstoneztbjhb@mail.test
4060,Vivin Norson,vivin.norsonninklu@mail.test
4061,Camon Fenton,camon.fentonde7dde@demo.net
4062,Alsha Palbrook,alsha.palbrookomfdfk@example.com
4063,Jomon Lenberg,jomon.lenberg77b15l@example.com
4064,Viden Morford,viden.morfordw813ov@demo.net
4065,Ellan Palford,ellan.palforddj4c6e@example.com
4066,Pabel Wilton,pabel.wiltonf7bg91@mail.test
4067,Daron Sanson,daron.sansonrlzs2r@fakemail.org
4068,Taron Norstone,taron.norstonel5paza@demo.net
4069,Zasha Wilridge,zasha.wilridgeb7xoyl@demo.net
4070,Manor Corridge,manor.corridgexd7i95@fakemail.org
4071,Cason Belbrook,cason.belbrookzf2jjs@example.com
4072,Berel Palhart,berel.palhartenyu7x@mail.test
4073,Alson Corman,alson.cormani6qzf1@mail.test
4074,Tamon Norberg,tamon.norberg4gg9xs@demo.net
4075,Ramar Palman,ramar.palmans4s8vd@demo.net
4076,Taron Darford,taron.darfordpd1am7@demo.net
4077,Elmar Lenton,elmar.lentontyp6xt@mail.test
4078,Allan Morridge,allan.morridgeny78s3@mail.test
4079,Talin Morridge,talin.morridgeignrw7@example.com
4080,Damar Sanley,damar.sanley3n29gx@fakemail.org
4081,Savin Norley,savin.norleyijrpfo@example.com
4082,Elnor Palstone,elnor.palstone2g5cju@mail.test
4083,Rabel Dalhart,rabel.dalhartds37to@demo.net
4084,Dalin Vanford,dalin.vanfordq56tuj@demo.net
4085,Zabel Sanley,zabel.sanleym70tmq@example.com
4086,Zalin Torfield,zalin.torfieldsoia23@demo.net
4087,Paria Belstone,paria.belstonetktzp3@example.com
4088,Elnor Torridge,elnor.torridgew5pksq@fakemail.org
4089,Nanor Morwell,nanor.morwell8ztvpr@fakemail.org
4090,Olton Vanley,olton.vanleytdvbp5@mail.test
4091,Beron Darridge,beron.darridgeh2lncv@demo.net
4092,Olbel Harbrook,olbel.harbrook5qrg2j@demo.net
4093,Sasel Palton,sasel.paltonk02ohi@example.com
4094,Leson Fenbrook,leson.fenbrookti5knm@example.com
4095,Josha Darwell,josha.darwellhpkr5j@mail.test
4096,Mamon Darridge,mamon.darridgek3hmjh@example.com
4097,Visha Fenhart,visha.fenhartmjkwyt@mail.test
4098,Tamar Vanton,tamar.vantonapkjqb@demo.net
4099,Ramon Lenwood,ramon.lenwoodowpkut@mail.test
4100,Elrel Vanridge,elrel.vanridgef3vrk7@fakemail.org
4101,Beden Vanson,beden.vanson4o801v@example.com
4102,Dason Morstone,dason.morstoneoc3v29@mail.test
4103,Lerel Vanwell,lerel.vanwellr0s2v8@example.com
4104,Leria Lenhart,leria.lenharturntrh@fakemail.org
4105,Tanor Darton,tanor.darton52fpnf@fakemail.org
4106,Elmon Harberg,elmon.harberg5jtd8j@mail.test
4107,Saton Sanridge,saton.sanridgexckyjz@example.com
4108,Mamon Morson,mamon.morsondic0qc@example.com
4109,Elnor Palwood,elnor.palwood9hsrkl@demo.net
4110,Joson Torberg,joson.torberg527re8@mail.test
4111,Alnor Darson,alnor.darsonrrftnr@mail.test
4112,Ramar Kelridge,ramar.kelridgezxp3fd@demo.net
4113,Kamon Corson,kamon.corsonytd9l8@demo.net
4114,Pasel Kelhart,pasel.kelhart7c9efn@demo.net
4115,Camon Kelman,camon.kelmanhz2325@mail.test
4116,Masha Palson,masha.palsonpnxxc4@example.com
4117,Paden Palley,paden.palleyg998a9@fakemail.org
4118,Bemar Lenford,bemar.lenford1zfih4@mail.test
4119,Naron Fenton,naron.fentonbcktqj@fakemail.org
4120,Kanor Morridge,kanor.morridgejj2vif@mail.test
4121,Naton Norstone,naton.norstonej8ejyu@mail.test
4122,Alnor Vanfield,alnor.vanfield23oktz@demo.net
4123,Caton Wilford,caton.wilford4o64ss@example.com
4124,Elmon Corwood,elmon.corwood83bmt1@fakemail.org
4125,Salan Torhart,salan.torhartq5osrv@fakemail.org
4126,Leson Darstone,leson.darstonebs53p9@demo.net
4127,Zarel Norman,zarel.normanhc0cm9@demo.net
4128,Viron Vanberg,viron.vanbergn9np8p@demo.net
4129,Saden Harford,saden.harford261crp@example.com
4130,Leson Harley,leson.harley2u3fzs@mail.test
4131,Alvin Kelfield,alvin.kelfieldaj0ilx@demo.net
4132,Kamar Vanberg,kamar.vanberghzsyfd@fakemail.org
4133,Bebel Norford,bebel.norfordhj0oov@demo.net
4134,Alnor Harridge,alnor.harridgec224r8@mail.test
4135,Paria Sanfield,paria.sanfieldx5ecnp@demo.net
4136,Berel Vanley,berel.vanleymeg12d@demo.net
4137,Albel Kelley,albel.kelleye75ycy@demo.net
4138,Leden Fenford,leden.fenford96oy7g@example.com
4139,Nason Palson,nason.palsonons6ln@mail.test
4140,Nanor Santon,nanor.santonmngtmf@fakemail.org
4141,Daron Fenstone,daron.fenstonetnevoa@fakemail.org
4142,Rasha Palberg,rasha.palbergzf9jau@mail.test
4143,Josel Wilson,josel.wilsonfcejyf@example.com
4144,Ollin Morridge,ollin.morridgekb6jnp@demo.net
4145,Bebel Darton,bebel.darton8eqcvx@mail.test
4146,Bemar Sanhart,bemar.sanhartj91ktr@fakemail.org
4147,Kasel Belfield,kasel.belfieldnef54n@example.com
4148,Pavin Santon,pavin.santonb76bj0@mail.test
4149,Taron Vanton,taron.vanton17m97n@example.com
4150,Caron Dalman,caron.dalmanfj44cg@fakemail.org
4151,Salin Santon,salin.santon68tghy@demo.net
4152,Jomar Dalberg,jomar.dalbergzpva44@example.com
4153,Panor Vanton,panor.vanton4cqs3r@example.com
4154,Marel Fenberg,marel.fenberge89o87@fakemail.org
4155,Camar Palman,camar.palmani0bla7@example.com
4156,Saden Morman,saden.mormanqaca93@example.com
4157,Nason Fenberg,nason.fenbergb44lr4@mail.test
4158,Olsel Darhart,olsel.darhartpqtiwj@example.com
4159,Ralin Sanson,ralin.sansonktdpmq@example.com
4160,Lerel Vanton,lerel.vantonqoi2z0@mail.test
4161,Mason Torwood,mason.torwoodk8t068@mail.test
4162,Naden Kelwood,naden.kelwoodh13jyu@example.com
4163,Virel Morberg,virel.morbergcdawrk@example.com
4164,Nasel Vanwell,nasel.vanwellcn5cvu@example.com
4165,Almar Corman,almar.cormane80k6l@fakemail.org
4166,Vison Norford,vison.norford86bpj7@demo.net
4167,Alron Wilman,alron.wilmanttsxna@demo.net
4168,Visel Palhart,visel.palhart62yxhh@fakemail.org
4169,Besel Fenfield,besel.fenfieldq15u6c@fakemail.org
4170,Navin Fenridge,navin.fenridgesbf84y@example.com
4171,Karel Wilford,karel.wilford3glm0y@example.com
4172,Faden Palley,faden.palleyjv8560@example.com
4173,Calin Darwood,calin.darwoodst6ftx@example.com
4174,Mabel Kelridge,mabel.kelridgej3argd@mail.test
4175,Samon Fenhart,samon.fenhartl98m6y@fakemail.org
4176,Raden Darridge,raden.darridge4uzlkd@fakemail.org
4177,Daden Lenley,daden.lenleyk5syvb@example.com
4178,Salin Norhart,salin.norhartcgtki8@example.com
4179,Samon Palridge,samon.palridge9gg3i0@mail.test
4180,Leria Corman,leria.cormansp6jyx@mail.test
4181,Olbel Darridge,olbel.darridge6mo2mj@fakemail.org
4182,Beson Norridge,beson.norridgey3kois@demo.net
4183,Daden Wilson,daden.wilson9di77l@demo.net
4184,Elmar Fenwood,elmar.fenwoodf3vbar@demo.net
4185,Zaton Wilwell,zaton.wilwell7q4uek@mail.test
4186,Olmar Dalley,olmar.dalleyn4qqad@example.com
4187,Karon Vanstone,karon.vanstoneiyjdmz@fakemail.org
4188,Alvin Belwood,alvin.belwoodogump3@demo.net
4189,Lelin Vanwell,lelin.vanwell0ka3zb@fakemail.org
4190,Dasha Vanridge,dasha.vanridgei1q9mj@mail.test
4191,Elbel Kelbrook,elbel.kelbrookb7rqqj@mail.test
4192,Manor Kelton,manor.keltonb9qn2z@example.com
4193,Olson Sanridge,olson.sanridgez4xwai@example.com
4194,Kasel Palstone,kasel.palstone9mf15j@mail.test
4195,Allan Palbrook,allan.palbrook6873yv@demo.net
4196,Nalin Norbrook,nalin.norbrook9z5r13@example.com
4197,Ramar Kelwell,ramar.kelwelle2xk56@demo.net
4198,Zaron Harstone,zaron.harstonef5tb6z@demo.net
4199,Kamar Harson,kamar.harsonwhm8ie@example.com
4200,Naria Norley,naria.norleypfmemv@fakemail.org
4201,Alsel Belstone,alsel.belstonewr06ze@example.com
4202,Levin Dalwell,levin.dalwellilgqyj@example.com
4203,Beton Darman,beton.darmanqwsp4t@mail.test
4204,Mamar Corstone,mamar.corstonek0jj6c@fakemail.org
4205,Fasel Wilberg,fasel.wilbergodqc2n@example.com
4206,Almar Kelford,almar.kelford85xfx6@example.com
4207,Dasha Darley,dasha.darleyygd6ae@fakemail.org
4208,Salin Kelfield,salin.kelfieldpp9dyc@demo.net
4209,Rasha Corridge,rasha.corridgewu3uf3@demo.net
4210,Beden Vanton,beden.vantonhamvyd@fakemail.org
4211,Taria Vanhart,taria.vanhartygv5na@demo.net
4212,Olrel Wilman,olrel.wilmannstf4x@demo.net
4213,Nasel Darwell,nasel.darwellwqlvp5@demo.net
4214,Bevin Darstone,bevin.darstonee6um8e@fakemail.org
4215,Olnor Harman,olnor.harman0t4o7v@example.com
4216,Nason Dalley,nason.dalleyph3gxn@example.com
4217,Virel Wilfield,virel.wilfield9uuys0@example.com
4218,Elrel Palman,elrel.palmanm0k6l7@mail.test
4219,Belan Lenridge,belan.lenridgew08nnk@example.com
4220,Nalan Wilwood,nalan.wilwoodxrmxda@example.com
4221,Pamar Torbrook,pamar.torbrook4g3nqp@fakemail.org
4222,Naron Norson,naron.norsontjau6s@example.com
4223,Kamon Harbrook,kamon.harbrookvb1s1s@mail.test
4224,Zasel Lenton,zasel.lentonpbl65b@example.com
4225,Pamon Sanhart,pamon.sanhartv8wobr@fakemail.org
4226,Falan Kelridge,falan.kelridge4xmga0@fakemail.org
4227,Viria Torwell,viria.torwell1qg48j@mail.test
4228,Zamar Vanhart,zamar.vanhartfq6nt5@demo.net
4229,Kaden Belwell,kaden.belwellqk6eg0@example.com
4230,Kalan Vanhart,kalan.vanharta4uix3@demo.net
4231,Famon Darley,famon.darley8jfltl@demo.net
4232,Davin Harhart,davin.harhart2ecfff@example.com
4233,Parel Darberg,parel.darberg30mcei@example.com
4234,Zamon Lenberg,zamon.lenbergaw7dqg@mail.test
4235,Camar Palbrook,camar.palbrookpauqrl@mail.test
4236,Vilan Torbrook,vilan.torbrookusfbtt@demo.net
4237,Leria Vanfield,leria.vanfieldp2o8wz@fakemail.org
4238,Dasel Kelford,dasel.kelfordjl5c80@mail.test
4239,Alsel Darman,alsel.darmanar4uob@example.com
4240,Raden Palson,raden.palson51mbnt@fakemail.org
4241,Ralan Vanberg,ralan.vanbergom5lqm@example.com
4242,Alsel Harstone,alsel.harstone1j509t@example.com
4243,Dasel Morstone,dasel.morstone8opg8d@demo.net
4244,Tamon Harridge,tamon.harridge8keajy@fakemail.org
4245,Kamar Corley,kamar.corleywhib8b@fakemail.org
4246,Taton Corfield,taton.corfield5nekpz@mail.test
4247,Virel Wilstone,virel.wilstoneoi4tda@mail.test
4248,Joria Morson,joria.morsondmwxoj@demo.net
4249,Maron Morstone,maron.morstonelhbpb2@fakemail.org
4250,Alden Kelbrook,alden.kelbrooks5ktkq@fakemail.org
4251,Daria Wilberg,daria.wilberg686ofj@demo.net
4252,Bevin Wilfield,bevin.wilfield67gf9n@mail.test
4253,Fabel Sanberg,fabel.sanbergpgzwq3@example.com
4254,Pamar Corhart,pamar.corhart4mf888@mail.test
4255,Ollin Lenwood,ollin.lenwoode33384@fakemail.org
4256,Jolan Lenbrook,jolan.lenbrookzrrs26@example.com
4257,Kanor Torwell,kanor.torwellapbsu2@example.com
4258,Alson Fenley,alson.fenleyrrxg66@example.com
4259,Ramon Torridge,ramon.torridgetmqd2r@demo.net
4260,Jomar Belson,jomar.belsonn5jhhd@fakemail.org
4261,Camar Norford,camar.norford7wcgc0@fakemail.org
4262,Olbel Dalwood,olbel.dalwood7nfeig@fakemail.org
4263,Palan Lenstone,palan.lenstone54yll1@example.com
4264,Danor Corford,danor.corford2tffds@demo.net
4265,Jomon Torley,jomon.torleyonnxlv@demo.net
4266,Bevin Santon,bevin.santonyrk6bx@example.com
4267,Elbel Morman,elbel.mormanh88hor@mail.test
4268,Daden Sanstone,daden.sanstoneisojey@mail.test
4269,Saden Lenbrook,saden.lenbrookkh089h@example.com
4270,Naria Morhart,naria.morharteokaal@mail.test
4271,Fabel Darhart,fabel.darhartsvt7vs@demo.net
4272,Beden Kelfield,beden.kelfieldr3h5ju@demo.net
4273,Viria Sanford,viria.sanford9ay89v@example.com
4274,Saria Norfield,saria.norfield7l697d@mail.test
4275,Rason Darfield,rason.darfieldq8j0le@mail.test
4276,Malin Wilstone,malin.wilstoneafc8sd@fakemail.org
4277,Saron Sanfield,saron.sanfield7y4t35@example.com
4278,Ralin Dalley,ralin.dalley2yskq1@demo.net
4279,Masel Fenstone,masel.fenstonerec9iv@demo.net
4280,Ralin Palman,ralin.palmanpwa8aa@mail.test
4281,Nasel Sanwell,nasel.sanwellmiq590@mail.test
4282,Alrel Belhart,alrel.belharthbga7a@demo.net
4283,Maron Morfield,maron.morfieldejql98@demo.net
4284,Vison Corstone,vison.corstonehxq6ai@demo.net
4285,Raron Morbrook,raron.morbrookc2rxmx@example.com
4286,Jolin Sanford,jolin.sanford90eo3c@mail.test
4287,Zanor Corwood,zanor.corwood6bhlvw@demo.net
4288,Daden Darwood,daden.darwood7adbc8@mail.test
4289,Lebel Harley,lebel.harleyw92r93@fakemail.org
4290,Tamar Kelwood,tamar.kelwood2fmyfd@mail.test
4291,Maden Darridge,maden.darridgesij4qq@mail.test
4292,Olden Wilfield,olden.wilfieldas2tg7@fakemail.org
4293,Raton Fenley,raton.fenleyorcglu@mail.test
4294,Ravin Sanfield,ravin.sanfield9halwm@example.com
4295,Almar Darbrook,almar.darbrook659pms@demo.net
4296,Zason Darwell,zason.darwell7mwuxy@demo.net
4297,Joria Belberg,joria.belbergg2vxsp@mail.test
4298,Leson Lenwood,leson.lenwoodk61957@mail.test
4299,Narel Lenton,narel.lenton5z0zt0@example.com
4300,Karia Morbrook,karia.morbrookkt8ueu@example.com
4301,Dasha Torridge,dasha.torridgeeqt8pm@mail.test
4302,Zalan Morfield,zalan.morfieldyywk2r@example.com
4303,Dasha Belhart,dasha.belhart7u4z80@demo.net
4304,Naria Santon,naria.santonkembp1@demo.net
4305,Zasha Vanwell,zasha.vanwell6swhy3@mail.test
4306,Calin Palwell,calin.palwell4zi2u8@fakemail.org
4307,Namar Dalstone,namar.dalstonekemhda@example.com
4308,Zasha Morwood,zasha.morwoodvkwi75@mail.test
4309,Falin Sanberg,falin.sanberg5hj9o2@mail.test
4310,Parel Palson,parel.palsonib4t2c@fakemail.org
4311,Virel Morley,virel.morley4urkjd@mail.test
4312,Olson Belfield,olson.belfield5ysakn@fakemail.org
4313,Olsha Harfield,olsha.harfielde7dxg9@fakemail.org
4314,Vimar Darwell,vimar.darwell7uoban@demo.net
4315,Faron Darman,faron.darman5i9hjb@example.com
4316,Dasha Dalton,dasha.daltonf574zk@mail.test
4317,Kason Dalfield,kason.dalfield0lqe87@example.com
4318,Casel Dalridge,casel.dalridgeolxq1x@mail.test
4319,Nason Harbrook,nason.harbrookuzdxva@example.com
4320,Leson Torwood,leson.torwoods4p1n3@fakemail.org
4321,Alron Kelstone,alron.kelstonetmxwzk@mail.test
4322,Elton Norhart,elton.norhartv0d5ky@demo.net
4323,Jolin Lenson,jolin.lenson9wpq6l@demo.net
4324,Olvin Belhart,olvin.belhart7ooara@example.com
4325,Elrel Norman,elrel.normans2lci7@demo.net
4326,Paden Kelridge,paden.kelridge4qvkv1@example.com
4327,Mamon Torridge,mamon.torridgeakbkcv@example.com
4328,Talin Harton,talin.hartonncq4rg@fakemail.org
4329,Taden Corton,taden.cortonzffawp@example.com
4330,Elmar Darridge,elmar.darridge4h5ras@demo.net
4331,Famon Darson,famon.darsonwlbj2a@fakemail.org
4332,Alria Morbrook,alria.morbrooku7fx71@mail.test
4333,Besel Dalley,besel.dalleya7wdvy@demo.net
4334,Elden Dalstone,elden.dalstonevyswws@mail.test
4335,Malin Corberg,malin.corberga0cvhe@fakemail.org
4336,Jorel Harwell,jorel.harwellgu8ijf@mail.test
4337,Alrel Vanwell,alrel.vanwell77sxgd@example.com
4338,Talan Vanson,talan.vansonoh8eiu@demo.net
4339,Maton Morford,maton.morford5celw5@fakemail.org
4340,Faron Vanford,faron.vanfordk5j8ki@mail.test
4341,Vilin Harstone,vilin.harstonex6ymvm@demo.net
4342,Tarel Morwood,tarel.morwood5m5v80@mail.test
4343,Paron Corwell,paron.corwellsk5oj7@mail.test
4344,Alson Palberg,alson.palbergf1ipsa@demo.net
4345,Lebel Harridge,lebel.harridge4py1lo@mail.test
4346,Viron Lenton,viron.lentone3ruwz@example.com
4347,Josel Belbrook,josel.belbrook6qa9sp@mail.test
4348,Fanor Kelhart,fanor.kelhartgeslv7@mail.test
4349,Allan Norfield,allan.norfield3kqc11@fakemail.org
4350,Jolin Palwell,jolin.palwell07cj71@demo.net
4351,Viton Harson,viton.harson8jyrys@fakemail.org
4352,Leron Sanberg,leron.sanbergn7uiu2@example.com
4353,Vimar Belson,vimar.belsonbin9ns@mail.test
4354,Olnor Palstone,olnor.palstonegs2qws@fakemail.org
4355,Kalan Darfield,kalan.darfieldjblokr@mail.test
4356,Zalan Harberg,zalan.harberg87ctfl@demo.net
4357,Viron Kelford,viron.kelfordnesy8r@fakemail.org
4358,Almar Harley,almar.harleychtga4@demo.net
4359,Palin Sanstone,palin.sanstonef0kyu4@fakemail.org
4360,Mavin Kelridge,mavin.kelridgerv3ycl@example.com
4361,Tason Norley,tason.norley83qqhi@fakemail.org
4362,Olnor Fenberg,olnor.fenbergbmkos7@mail.test
4363,Jobel Corson,jobel.corsongh4gza@fakemail.org
4364,Nanor Vanridge,nanor.vanridgem1vkvc@demo.net
4365,Damar Darhart,damar.darhart68ipoy@example.com
4366,Kalan Dalridge,kalan.dalridgeomi9db@example.com
4367,Damar Wilridge,damar.wilridgeengmhu@fakemail.org
4368,Manor Fenton,manor.fenton3k7cg5@mail.test
4369,Lebel Morwood,lebel.morwood25f58l@fakemail.org
4370,Joron Belstone,joron.belstone576z5n@demo.net
4371,Joson Harridge,joson.harridgebbnqrq@fakemail.org
4372,Rasel Lenstone,rasel.lenstonekw9zgx@demo.net
4373,Falin Belwood,falin.belwoodm9e13q@mail.test
4374,Tarel Palhart,tarel.palhartcuayz4@example.com
4375,Olvin Corhart,olvin.corhartbc9dlr@example.com
4376,Josha Wilton,josha.wiltongntl7d@mail.test
4377,Virel Darwood,virel.darwoodqtqi5l@demo.net
4378,Favin Harwood,favin.harwoodpsnqo0@demo.net
4379,Sason Vanton,sason.vantonng6qix@mail.test
4380,Alron Belberg,alron.belberg5agw0y@fakemail.org
4381,Zalan Sanberg,zalan.sanbergtm5nzm@mail.test
4382,Beton Kelfield,beton.kelfieldmafgfz@example.com
4383,Pasel Palstone,pasel.palstonewcqhom@mail.test
4384,Besha Harwood,besha.harwoodwqf3wg@example.com
4385,Naden Fenton,naden.fentonga4z8l@fakemail.org
4386,Maton Morstone,maton.morstoneal0nyj@example.com
4387,Danor Sanman,danor.sanmanozflrb@example.com
4388,Beron Belberg,beron.belbergiwfcea@fakemail.org
4389,Levin Dalridge,levin.dalridgepqz7em@fakemail.org
4390,Beron Harford,beron.harfordhze9o4@fakemail.org
4391,Almar Corson,almar.corson2ryyih@demo.net
4392,Alton Darberg,alton.darbergunsno1@mail.test
4393,Tanor Harford,tanor.harford3zyq5n@mail.test
4394,Elrel Darstone,elrel.darstonee0xufg@mail.test
4395,Leton Harley,leton.harley0mm9pg@demo.net
4396,Elson Dalman,elson.dalmanyro3hd@demo.net
4397,Damon Morstone,damon.morstone30t40u@demo.net
4398,Karel Morfield,karel.morfielderg4yf@demo.net
4399,Calan Lenton,calan.lentonbdt4ko@example.com
4400,Levin Morford,levin.morfordhpck6z@mail.test
4401,Olson Vanhart,olson.vanhartputjfs@example.com
4402,Samon Norwood,samon.norwoodt9go49@example.com
4403,Elvin Sanbrook,elvin.sanbrookich1r4@fakemail.org
4404,Taden Norford,taden.norfordfn44qn@example.com
4405,Olvin Dalstone,olvin.dalstonem9w0zg@mail.test
4406,Lesel Vanley,lesel.vanleym369a7@example.com
4407,Bemar Darbrook,bemar.darbrookcmwgnu@example.com
4408,Jolan Belson,jolan.belson9vqui9@demo.net
4409,Savin Harman,savin.harmanh2n28b@example.com
4410,Olsel Vanbrook,olsel.vanbrookruap1b@demo.net
4411,Maton Morbrook,maton.morbrooks4yvog@mail.test
4412,Zaron Fenfield,zaron.fenfieldxvqvpg@example.com
4413,Kanor Wilwell,kanor.wilwellt5h6nn@mail.test
4414,Zasel Dalridge,zasel.dalridgeby5wjm@demo.net
4415,Daton Torridge,daton.torridgeb0iwxm@mail.test
4416,Masel Norwell,masel.norwell0mhafg@demo.net
4417,Davin Palridge,davin.palridgegv8t11@example.com
4418,Jovin Belstone,jovin.belstonehqsqdd@example.com
4419,Zaden Kelhart,zaden.kelhart4pze9m@fakemail.org
4420,Naden Vanson,naden.vanson0xjmxt@mail.test
4421,Marel Belley,marel.belleylue1dx@fakemail.org
4422,Sarel Norford,sarel.norford2a7kz2@fakemail.org
4423,Raron Torberg,raron.torberghmwdb2@example.com
4424,Belan Norfield,belan.norfieldro6kqy@mail.test
4425,Naria Kelford,naria.kelford96qr6l@mail.test
4426,Olden Kelwood,olden.kelwoodjo4a7k@demo.net
4427,Masel Sanbrook,masel.sanbrook19r1b0@mail.test
4428,Beton Palley,beton.palley3a7m6p@demo.net
4429,Masha Corley,masha.corleyirnmts@demo.net
4430,Naron Morfield,naron.morfieldjhdqjf@example.com
4431,Tasel Kelbrook,tasel.kelbrookgj1jks@mail.test
4432,Vivin Palbrook,vivin.palbrookl3q2hj@fakemail.org
4433,Kamon Santon,kamon.santonb0r86y@fakemail.org
4434,Paria Palfield,paria.palfieldu5n0ys@example.com
4435,Lemar Morbrook,lemar.morbrook5as9g5@example.com
4436,Dabel Sanstone,dabel.sanstoneqw5a2k@fakemail.org
4437,Vivin Dalford,vivin.dalford158ltn@fakemail.org
4438,Olson Fenton,olson.fentongih2ei@fakemail.org
4439,Zalan Sanridge,zalan.sanridge2qxy9u@fakemail.org
4440,Nalin Corwell,nalin.corwellfmbmy3@mail.test
4441,Ramar Palwell,ramar.palwell3w89lv@fakemail.org
4442,Tamar Kelhart,tamar.kelhartd5pwyf@fakemail.org
4443,Nanor Corberg,nanor.corbergxsj2b2@fakemail.org
4444,Bebel Kelson,bebel.kelsonb1avoz@fakemail.org
4445,Kalan Vanford,kalan.vanfordnqav06@mail.test
4446,Manor Fenford,manor.fenford24hmgv@mail.test
4447,Leson Fenwood,leson.fenwooddlniev@example.com
4448,Alnor Wilstone,alnor.wilstoneny3xmi@mail.test
4449,Samar Morley,samar.morley0gsh8i@mail.test
4450,Visha Vanman,visha.vanmanvna8pa@example.com
4451,Paden Lenson,paden.lensonmzxofn@demo.net
4452,Vimon Fenberg,vimon.fenbergslylbj@fakemail.org
4453,Ollan Sanford,ollan.sanfordt5qcqz@example.com
4454,Masha Vanwood,masha.vanwoodkrgwvt@fakemail.org
4455,Jolin Morson,jolin.morsonyruq8v@example.com
4456,Pamar Wilridge,pamar.wilridgejd7ki9@example.com
4457,Tasel Corwood,tasel.corwooduae1e8@fakemail.org
4458,Naton Sanhart,naton.sanharthy48nc@demo.net
4459,Beron Sanley,beron.sanleymirt6x@demo.net
4460,Samon Torley,samon.torleylkg3ar@demo.net
4461,Sasha Palwood,sasha.palwoodebl647@mail.test
4462,Karel Morton,karel.morton138ad8@mail.test
4463,Lebel Torley,lebel.torley3rkerf@mail.test
4464,Daria Sanberg,daria.sanbergfgs9y2@mail.test
4465,Alden Harwell,alden.harwellvvbn3y@fakemail.org
4466,Savin Kelbrook,savin.kelbrook6835ff@mail.test
4467,Allan Harfield,allan.harfieldjtflcv@mail.test
4468,Lelan Belbrook,lelan.belbrookajimsi@fakemail.org
4469,Vilin Morford,vilin.morford2ph8r8@example.com
4470,Rabel Kelhart,rabel.kelharttlq161@example.com
4471,Pason Darwood,pason.darwoodksdo69@mail.test
4472,Pasel Torfield,pasel.torfield5e4b1o@example.com
4473,Nason Kelwell,nason.kelwellf4r667@mail.test
4474,Olnor Corley,olnor.corleyxqhk2c@example.com
4475,Samar Lenwell,samar.lenwellcfq0mf@mail.test
4476,Elson Belwood,elson.belwoodjg70ik@fakemail.org
4477,Zalin Torwell,zalin.torwelli5ckdq@example.com
4478,Zason Lenford,zason.lenfordoan8rf@demo.net
4479,Zaton Palwell,zaton.palwellb3yp02@example.com
4480,Elden Vanson,elden.vansonv747oe@demo.net
4481,Naria Dalbrook,naria.dalbrookkagnlj@example.com
4482,Raden Lenridge,raden.lenridgetq1u5f@example.com
4483,Damar Dalwood,damar.dalwoodp0l9ax@fakemail.org
4484,Caron Palstone,caron.palstonefwbb2o@example.com
4485,Sarel Vanwood,sarel.vanwoodi3vpvn@mail.test
4486,Alsha Corson,alsha.corsonxj7l3a@mail.test
4487,Olton Wilwell,olton.wilwell9coayu@fakemail.org
4488,Zanor Torford,zanor.torford6dpw95@fakemail.org
4489,Lelin Palford,lelin.palfordc3j8eg@demo.net
4490,Zaron Corwell,zaron.corwellogryab@fakemail.org
4491,Tanor Belfield,tanor.belfieldkcaay4@mail.test
4492,Damar Torton,damar.tortoni6b7b4@example.com
4493,Kalan Corbrook,kalan.corbrookpt8mxu@example.com
4494,Nasha Norley,nasha.norleykmnnk4@mail.test
4495,Danor Vanfield,danor.vanfieldpqhuln@demo.net
4496,Rason Palbrook,rason.palbrookh443yk@demo.net
4497,Naton Vanton,naton.vantonz4n3x9@example.com
4498,Mabel Lenton,mabel.lenton74lozg@example.com
4499,Malan Norstone,malan.norstone8tu14s@mail.test
4500,Tanor Palfield,tanor.palfieldrs6kyc@example.com
4501,Cabel Sanwell,cabel.sanwellvm1jpl@demo.net
4502,Carel Lenley,carel.lenleyidaexh@fakemail.org
4503,Leden Darman,leden.darmanohh2g9@demo.net
4504,Josha Vanman,josha.vanmanu1ihsr@fakemail.org
4505,Talan Harstone,talan.harstoneyjj0ug@example.com
4506,Narel Darstone,narel.darstoneazrhyf@mail.test
4507,Alson Harwood,alson.harwood9jh2wm@fakemail.org
4508,Alvin Fenstone,alvin.fenstonetsg6ar@demo.net
4509,Sabel Kelberg,sabel.kelberg0g48w2@example.com
4510,Fason Kelberg,fason.kelbergmg52af@fakemail.org
4511,Zaton Vanbrook,zaton.vanbrook45pqku@mail.test
4512,Daria Dalfield,daria.dalfieldmnqykz@example.com
4513,Caron Corstone,caron.corstone21q0e1@mail.test
4514,Daton Kelley,daton.kelleygw9hbp@mail.test
4515,Navin Darwood,navin.darwood8yye5r@mail.test
4516,Nason Morson,nason.morsonwjlbgw@example.com
4517,Carel Wilton,carel.wiltonwwi0i8@demo.net
4518,Casha Kelwood,casha.kelwoods1t984@fakemail.org
4519,Dabel Harfield,dabel.harfieldacen5p@mail.test
4520,Pasel Norwood,pasel.norwoodbztrz4@example.com
4521,Talan Sanman,talan.sanmanb6zxyg@example.com
4522,Kanor Lenford,kanor.lenfordluln8f@mail.test
4523,Fason Darfield,fason.darfieldhdidjb@fakemail.org
4524,Farel Dalstone,farel.dalstoneclsf8f@example.com
4525,Cavin Vanwood,cavin.vanwood9ukb6v@fakemail.org
4526,Raria Corley,raria.corley3tuxi1@example.com
4527,Falan Belman,falan.belman431xsg@fakemail.org
4528,Tavin Torley,tavin.torleyzcopyb@demo.net
4529,Bemar Kelberg,bemar.kelberggautrh@demo.net
4530,Vinor Vanfield,vinor.vanfieldn8pzn4@demo.net
4531,Taden Morstone,taden.morstone0c9nfp@demo.net
4532,Raden Belton,raden.beltoncyttak@fakemail.org
4533,Olmon Corbrook,olmon.corbrookbum0qs@demo.net
4534,Nasel Palwood,nasel.palwood6zzz3e@mail.test
4535,Vilin Wilman,vilin.wilmanfaql45@example.com
4536,Fasha Wilson,fasha.wilson0b6fhq@fakemail.org
4537,Manor Morstone,manor.morstonemozy8d@example.com
4538,Zarel Morridge,zarel.morridgeilhoh0@fakemail.org
4539,Viria Harwell,viria.harwell8k6pw5@demo.net
4540,Palan Wilford,palan.wilfordmn6la1@fakemail.org
4541,Saron Torberg,saron.torbergi5zrpl@mail.test
4542,Casel Lenwell,casel.lenwellb6b5i4@mail.test
4543,Zalin Kelhart,zalin.kelhartgsk2v7@fakemail.org
4544,Zabel Vanley,zabel.vanley7rwvud@example.com
4545,Benor Dalwood,benor.dalwood0byis4@mail.test
4546,Saria Corwood,saria.corwoodxc91jq@demo.net
4547,Nasha Harwell,nasha.harwell129cpp@example.com
4548,Pabel Wilson,pabel.wilsonxoay00@mail.test
4549,Allan Sanman,allan.sanmanp6kze9@mail.test
4550,Vilan Palfield,vilan.palfields5liuh@demo.net
4551,Kamon Wilson,kamon.wilsonabmq8x@example.com
4552,Berel Torford,berel.torfordenjhm8@fakemail.org
4553,Raria Darberg,raria.darbergitzn90@fakemail.org
4554,Daria Fenfield,daria.fenfieldr2b0xm@fakemail.org
4555,Dasel Norhart,dasel.norhart037q5e@demo.net
4556,Rasha Wilridge,rasha.wilridgeuqtd99@fakemail.org
4557,Virel Fenford,virel.fenford0wq89v@example.com
4558,Vinor Torbrook,vinor.torbrooklcqyeq@example.com
4559,Samon Morfield,samon.morfieldlml3vk@fakemail.org
4560,Kalin Corley,kalin.corleyxwrp1k@example.com
4561,Tamon Kelford,tamon.kelford1j8tk6@fakemail.org
4562,Alvin Norhart,alvin.norhartma6dt2@example.com
4563,Elsel Darridge,elsel.darridgew9w7li@demo.net
4564,Almar Morson,almar.morson7t6lww@example.com
4565,Olron Torridge,olron.torridgehhgb8w@demo.net
4566,Zanor Fenley,zanor.fenley694b2s@mail.test
4567,Tabel Lenwell,tabel.lenwelleyuvv4@demo.net
4568,Paton Torson,paton.torson46kwfg@mail.test
4569,Kavin Palhart,kavin.palhart9wzlse@example.com
4570,Raden Wilson,raden.wilson862iqm@mail.test
4571,Naria Palfield,naria.palfield3smfyf@example.com
4572,Canor Harton,canor.hartonkbjjoh@example.com
4573,Pasel Vanhart,pasel.vanhart5t32kz@fakemail.org
4574,Alnor Torley,alnor.torley3v7i3x@fakemail.org
4575,Zamar Belberg,zamar.belberg0074il@demo.net
4576,Naron Darstone,naron.darstoneme937h@fakemail.org
4577,Pasha Harley,pasha.harley2k8mt0@demo.net
4578,Maria Lenman,maria.lenmanrg6zze@mail.test
4579,Belan Norman,belan.normanw9f4fs@example.com
4580,Casel Norbrook,casel.norbrookp6fo6h@fakemail.org
4581,Jovin Belfield,jovin.belfieldguoe4t@demo.net
4582,Palin Sanley,palin.sanley3rhc95@fakemail.org
4583,Kasel Belwell,kasel.belwelly84qwo@demo.net
4584,Camar Harley,camar.harleysqaoil@fakemail.org
4585,Famar Belman,famar.belmanqknvsg@example.com
4586,Jovin Kelwood,jovin.kelwoodaoaqtx@demo.net
4587,Karia Wilton,karia.wiltonv5khpr@mail.test
4588,Olron Palford,olron.palfordpptggy@fakemail.org
4589,Parel Torstone,parel.torstonetrta2e@mail.test
4590,Jorel Corberg,jorel.corbergf9kfgx@demo.net
4591,Samar Lenwood,samar.lenwoods9nps0@fakemail.org
4592,Tabel Torberg,tabel.torbergrs3v19@mail.test
4593,Daron Belridge,daron.belridge1w518x@mail.test
4594,Ralan Torhart,ralan.torhartratwuh@example.com
4595,Mabel Harberg,mabel.harberg9j8o82@mail.test
4596,Casel Fenwell,casel.fenwellrwji0q@mail.test
4597,Vilin Torford,vilin.torford3h05p6@example.com
4598,Zaden Morridge,zaden.morridgefozybb@fakemail.org
4599,Jovin Dalley,jovin.dalley6uedw0@example.com
4600,Vibel Darfield,vibel.darfield7z7oeo@mail.test
4601,Leden Corford,leden.corfordb8xy5p@fakemail.org
4602,Elvin Dalson,elvin.dalsonc65enr@demo.net
4603,Nabel Palfield,nabel.palfieldqofep9@fakemail.org
4604,Pamon Sanstone,pamon.sanstoneg8xzyy@mail.test
4605,Mamar Palberg,mamar.palberg02eu78@fakemail.org
4606,Daton Wilfield,daton.wilfieldanxx76@mail.test
4607,Nasel Harley,nasel.harley0zydu4@fakemail.org
4608,Alton Palridge,alton.palridgejsjs63@example.com
4609,Faron Kelford,faron.kelfordihk243@mail.test
4610,Palan Harbrook,palan.harbrook6uws3z@demo.net
4611,Mavin Morwood,mavin.morwoodvcwvzx@fakemail.org
4612,Cavin Belstone,cavin.belstone32il36@fakemail.org
4613,Talin Fenford,talin.fenfordrcj573@fakemail.org
4614,Masel Norstone,masel.norstone8nn5k3@demo.net
4615,Katon Norford,katon.norfordqatcr1@mail.test
4616,Raden Darhart,raden.darhart2fb75t@demo.net
4617,Zabel Norhart,zabel.norharthuvjp6@demo.net
4618,Fasel Lenfield,fasel.lenfieldkrnyff@fakemail.org
4619,Sason Darberg,sason.darbergbujfa9@demo.net
4620,Davin Belhart,davin.belhartf5pv5f@demo.net
4621,Zasel Harbrook,zasel.harbrookh02qa4@example.com
4622,Albel Morwell,albel.morwellmu822r@example.com
4623,Kamar Sanberg,kamar.sanbergbrtp16@example.com
4624,Sasha Dalberg,sasha.dalberguffzh8@example.com
4625,Besel Vanford,besel.vanfordcr6qf8@mail.test
4626,Bemon Harfield,bemon.harfield6qmy2p@demo.net
4627,Damar Sanford,damar.sanfordy84qha@mail.test
4628,Marel Fenley,marel.fenleys1fg77@fakemail.org
4629,Vimar Dalman,vimar.dalmantaaw01@example.com
4630,Vilin Morhart,vilin.morharteqwffy@mail.test
4631,Leron Palhart,leron.palharteg2gfb@example.com
4632,Pavin Torman,pavin.tormanws11h7@demo.net
4633,Ralan Torley,ralan.torleyd9jmuj@demo.net
4634,Lebel Kelstone,lebel.kelstone8ww1pv@example.com
4635,Dalin Corfield,dalin.corfieldnhu3uz@demo.net
4636,Dabel Lenbrook,dabel.lenbrook6381b8@mail.test
4637,Sasel Wilson,sasel.wilson7i1og1@demo.net
4638,Lebel Vanhart,lebel.vanhartq3x66x@mail.test
4639,Olsha Lenwood,olsha.lenwood84462b@mail.test
4640,Naria Norridge,naria.norridgevibgi2@demo.net
4641,Pavin Morwood,pavin.morwoodtkbeh8@fakemail.org
4642,Leson Morberg,leson.morbergkz06ij@example.com
4643,Elton Darstone,elton.darstonet3owhr@fakemail.org
4644,Lesel Torhart,lesel.torhartvyvas0@mail.test
4645,Sanor Vanley,sanor.vanleym7yply@fakemail.org
4646,Kalin Belbrook,kalin.belbrook75wlsz@example.com
4647,Camar Fenstone,camar.fenstone6kq3no@example.com
4648,Visel Sanwell,visel.sanwellnzvu6b@mail.test
4649,Rasha Fenbrook,rasha.fenbrooka89zhj@fakemail.org
4650,Elsha Torwood,elsha.torwoodtf4rtm@demo.net
4651,Elvin Fenfield,elvin.fenfieldtcf2y6@demo.net
4652,Lenor Palridge,lenor.palridgeirzroh@mail.test
4653,Masel Palhart,masel.palharthg9fxc@fakemail.org
4654,Alsha Fenton,alsha.fenton6ktij1@example.com
4655,Maria Norbrook,maria.norbrook38gm6g@fakemail.org
4656,Alson Darfield,alson.darfieldrdbw6d@demo.net
4657,Zaria Fenstone,zaria.fenstone378bna@example.com
4658,Kamon Morberg,kamon.morberg5ln5ev@fakemail.org
4659,Alnor Torridge,alnor.torridge9cpdrc@fakemail.org
4660,Naton Fenwood,naton.fenwoodlfipmc@demo.net
4661,Canor Wilbrook,canor.wilbrookydp0e8@example.com
4662,Elvin Torton,elvin.torton4v63kl@fakemail.org
4663,Joden Lenwood,joden.lenwooddrzc2c@example.com
4664,Ollan Corfield,ollan.corfield8x8zuu@demo.net
4665,Sasha Dalwell,sasha.dalwell08ox0p@demo.net
4666,Ralin Dalridge,ralin.dalridgen4wjme@fakemail.org
4667,Raron Fenley,raron.fenleyh2zgl1@mail.test
4668,Kamon Torhart,kamon.torhart9n8fw1@example.com
4669,Caden Kelwood,caden.kelwood68z9k8@demo.net
4670,Leton Belford,leton.belfordip3g59@demo.net
4671,Dasha Morwell,dasha.morwell90oad0@fakemail.org
4672,Ralin Harson,ralin.harsonr5lz50@mail.test
4673,Calin Kelbrook,calin.kelbrookn8krym@mail.test
4674,Viria Sanridge,viria.sanridgewv8myf@fakemail.org
4675,Alsel Kelford,alsel.kelfordj7i0ej@fakemail.org
4676,Camar Wilberg,camar.wilbergvakqwk@demo.net
4677,Manor Palstone,manor.palstonewughgr@fakemail.org
4678,Rarel Vanberg,rarel.vanbergrpismb@demo.net
4679,Naron Belman,naron.belmangud4m3@mail.test
4680,Zarel Vanridge,zarel.vanridgez5iphj@fakemail.org
4681,Kason Kelbrook,kason.kelbrook0iyraf@demo.net
4682,Alsha Harford,alsha.harfordj3wrz4@example.com
4683,Faton Fenfield,faton.fenfieldfxc5eq@demo.net
4684,Beden Dalford,beden.dalford8of5qv@mail.test
4685,Darel Belwood,darel.belwood5f7mjq@demo.net
4686,Sabel Norley,sabel.norleyapf12c@fakemail.org
4687,Elnor Morfield,elnor.morfieldcf7qd0@example.com
4688,Zabel Corwell,zabel.corwelll4u8zm@demo.net
4689,Benor Wilfield,benor.wilfield4a3yn5@demo.net
4690,Olbel Kelton,olbel.keltonojum6s@mail.test
4691,Rasha Harridge,rasha.harridget4qevx@mail.test
4692,Faton Torford,faton.torfordwed641@example.com
4693,Nasel Corbrook,nasel.corbrookmzyhzu@example.com
4694,Lelan Norwood,lelan.norwood57dwxy@demo.net
4695,Tamon Norstone,tamon.norstone6zklf5@fakemail.org
4696,Josha Santon,josha.santonyuhhub@example.com
4697,Jomar Fenstone,jomar.fenstoneas6lnb@demo.net
4698,Danor Morberg,danor.morbergqg8olf@mail.test
4699,Tanor Belton,tanor.beltonqj46km@example.com
4700,Zamar Vanwell,zamar.vanwellzg0dho@fakemail.org
4701,Jolin Lenhart,jolin.lenharty8j7ml@mail.test
4702,Ranor Corley,ranor.corley6lizh2@fakemail.org
4703,Tasel Sanbrook,tasel.sanbrooklolzb7@fakemail.org
4704,Fabel Fenfield,fabel.fenfieldm9udyj@fakemail.org
4705,Lenor Fenwood,lenor.fenwood2cnjhp@mail.test
4706,Elrel Belson,elrel.belsonlpr355@fakemail.org
4707,Rarel Morridge,rarel.morridge2v1rcw@mail.test
4708,Almar Dalstone,almar.dalstoneb380wu@example.com
4709,Daron Lenson,daron.lenson4e4r0p@demo.net
4710,Naden Kelfield,naden.kelfieldpdcgr6@mail.test
4711,Allan Lenberg,allan.lenbergajqma9@mail.test
4712,Olnor Morstone,olnor.morstonefxwdkb@example.com
4713,Ollin Dalson,ollin.dalson3rswl5@mail.test
4714,Zason Norhart,zason.norhart61dzoe@demo.net
4715,Alsha Belwell,alsha.belwellrqp4pg@mail.test
4716,Vivin Kelwood,vivin.kelwood8bi9kd@demo.net
4717,Katon Vanberg,katon.vanbergdeeyvh@example.com
4718,Olnor Norhart,olnor.norharty2sjrq@example.com
4719,Cason Harbrook,cason.harbrookqjmea4@demo.net
4720,Alria Morson,alria.morsonoliy4f@demo.net
4721,Faden Harton,faden.hartonc2artq@fakemail.org
4722,Taden Wilwood,taden.wilwoodkygqxm@demo.net
4723,Caria Darhart,caria.darhartzal7or@fakemail.org
4724,Tasel Lenford,tasel.lenfordv9dory@demo.net
4725,Tasel Torbrook,tasel.torbrook65z4vh@example.com
4726,Elden Palley,elden.palleypoxiot@demo.net
4727,Josha Fenridge,josha.fenridge9nltvy@fakemail.org
4728,Navin Vanson,navin.vansonpm298f@demo.net
4729,Maden Harfield,maden.harfieldd36ex1@demo.net
4730,Saria Lenford,saria.lenford8t8x70@mail.test
4731,Elson Norhart,elson.norhart3szpjs@example.com
4732,Naron Norbrook,naron.norbrookyfi506@fakemail.org
4733,Saria Harwood,saria.harwoodtp20fr@fakemail.org
4734,Mabel Torwood,mabel.torwoodgsw66q@demo.net
4735,Fason Belhart,fason.belhartb5prnu@example.com
4736,Mamar Belwood,mamar.belwood7em739@fakemail.org
4737,Damar Darwood,damar.darwoodn98yjq@mail.test
4738,Fasel Lenstone,fasel.lenstonezsx73h@fakemail.org
4739,Vivin Dalberg,vivin.dalbergi8ci38@demo.net
4740,Lelan Harley,lelan.harley9q8fxb@demo.net
4741,Elden Dalbrook,elden.dalbrooko7dirg@demo.net
4742,Cason Vanton,cason.vantonnc512z@demo.net
4743,Benor Darridge,benor.darridge2jfjbu@demo.net
4744,Taton Torwell,taton.torwellkhglms@demo.net
4745,Vimon Wilridge,vimon.wilridge3fevt6@fakemail.org
4746,Maden Sanman,maden.sanman63mdu3@demo.net
4747,Samon Darhart,samon.darhartik4ma9@example.com
4748,Camar Sanberg,camar.sanbergm6wt5x@demo.net
4749,Lelan Kelstone,lelan.kelstonepfglwv@example.com
4750,Alsel Wilfield,alsel.wilfieldhdcze4@demo.net
4751,Darel Torman,darel.torman1ujc6d@demo.net
4752,Damar Kelwood,damar.kelwoodzy0poy@fakemail.org
4753,Daria Corbrook,daria.corbrook5wftgd@mail.test
4754,Elson Vanley,elson.vanleyzckoe7@demo.net
4755,Tason Dalford,tason.dalford0wqmws@example.com
4756,Paden Dalhart,paden.dalhartqzl07r@example.com
4757,Saria Vanridge,saria.vanridgea8wkpa@mail.test
4758,Mabel Wilhart,mabel.wilhartl6rl1o@fakemail.org
4759,Falan Darhart,falan.darhart5siv7u@demo.net
4760,Nanor Belson,nanor.belsontuwb3x@demo.net
4761,Karon Corbrook,karon.corbrookxsg8uj@example.com
4762,Lemon Fenberg,lemon.fenberghaex3b@mail.test
4763,Jonor Harson,jonor.harsonx1i384@demo.net
4764,Alron Kelson,alron.kelson2bvxrp@fakemail.org
4765,Viron Wilson,viron.wilsontt9mhr@example.com
4766,Viden Belberg,viden.belberg07jmbm@example.com
4767,Olbel Harson,olbel.harson9nj9mr@fakemail.org
4768,Beron Fenley,beron.fenleyksvkgm@mail.test
4769,Tasha Norford,tasha.norfordc6o8k0@example.com
4770,Paron Sanfield,paron.sanfieldye1o4k@demo.net
4771,Josel Harfield,josel.harfieldha9aiq@mail.test
4772,Kalan Dalhart,kalan.dalhart7s5tfu@example.com
4773,Falan Lenwell,falan.lenwelljs1ltu@mail.test
4774,Alria Fenman,alria.fenmani1vtz8@demo.net
4775,Fabel Fenford,fabel.fenford8lxs3i@mail.test
4776,Savin Belbrook,savin.belbrook2tkqgn@example.com
4777,Elsha Kelwell,elsha.kelwellj8ciwr@demo.net
4778,Joron Norstone,joron.norstone545gcl@mail.test
4779,Camar Morridge,camar.morridgeph1jar@fakemail.org
4780,Zanor Lenbrook,zanor.lenbrookh3h38a@mail.test
4781,Beron Vanbrook,beron.vanbrookyar9ph@demo.net
4782,Vilan Vanton,vilan.vantonl3tlo7@mail.test
4783,Kamar Morson,kamar.morsonca3ev3@example.com
4784,Sasha Lenwell,sasha.lenwellxgyhow@demo.net
4785,Rabel Sanford,rabel.sanfordw3bwb4@fakemail.org
4786,Farel Norwood,farel.norwoodyc0ycd@demo.net
4787,Elbel Palford,elbel.palfordd79owr@mail.test
4788,Tason Torwell,tason.torwellp1w2k9@demo.net
4789,Zabel Norwell,zabel.norwelltmgk4u@demo.net
4790,Joson Kelridge,joson.kelridge8ggug0@fakemail.org
4791,Famar Sanford,famar.sanford4rrntv@fakemail.org
4792,Elton Wilwell,elton.wilwell8y0zk0@demo.net
4793,Daden Norstone,daden.norstonerfxlnq@example.com
4794,Zamar Torman,zamar.tormanxyu1sj@example.com
4795,Leson Morfield,leson.morfieldr38obc@mail.test
4796,Ramon Darfield,ramon.darfieldc9hxa2@fakemail.org
4797,Joron Lenford,joron.lenfordgc2r4l@example.com
4798,Olvin Darridge,olvin.darridgexc8lfk@mail.test
4799,Ellan Dalstone,ellan.dalstonetmg0s6@demo.net
4800,Alsel Dalridge,alsel.dalridgeni4dt3@demo.net
4801,Olmon Vanstone,olmon.vanstone3zxre1@mail.test
4802,Zaton Harman,zaton.harmanizwzuq@example.com
4803,Danor Darwood,danor.darwoodyflwi2@example.com
4804,Naton Corridge,naton.corridgeuy20es@mail.test
4805,Daden Harwood,daden.harwoodczml0s@demo.net
4806,Damon Norwell,damon.norwelldy1d88@mail.test
4807,Nason Sanford,nason.sanfordqg8a33@demo.net
4808,Fasel Sanson,fasel.sansona8r6mp@fakemail.org
4809,Jolin Belbrook,jolin.belbrookxh15jy@demo.net
4810,Malin Norton,malin.nortonovl3s7@fakemail.org
4811,Maton Palwell,maton.palwellrj49k8@mail.test
4812,Olson Norwood,olson.norwoodoi444a@mail.test
4813,Cavin Morwood,cavin.morwooda3z4rm@mail.test
4814,Leson Wilford,leson.wilford1rs6c2@example.com
4815,Sarel Lenman,sarel.lenmankckik5@example.com
4816,Faden Fenridge,faden.fenridgewfev94@example.com
4817,Palin Wilhart,palin.wilhart9rfc4e@demo.net
4818,Olrel Sanbrook,olrel.sanbrook0qrs2w@demo.net
4819,Mavin Torhart,mavin.torhart45hzi8@example.com
4820,Ollan Lenstone,ollan.lenstone3hyww3@example.com
4821,Jomar Harson,jomar.harsonlpr1qu@mail.test
4822,Cason Darton,cason.dartona9yhbj@mail.test
4823,Elden Belman,elden.belmanqsm59f@demo.net
4824,Besha Wilridge,besha.wilridgel9putm@mail.test
4825,Alsel Lenbrook,alsel.lenbrookqvarqe@demo.net
4826,Zamon Vanfield,zamon.vanfieldzpy5yn@mail.test
4827,Tasha Kelwood,tasha.kelwoodsw1d31@demo.net
4828,Belin Torhart,belin.torhartqe8sv9@fakemail.org
4829,Daria Vanwood,daria.vanwood7nn3ca@mail.test
4830,Daden Vanman,daden.vanmanv15k3l@demo.net
4831,Canor Fenman,canor.fenmancg0mxk@mail.test
4832,Olsha Lenberg,olsha.lenbergktkjwp@fakemail.org
4833,Daria Harwell,daria.harwellprkpje@fakemail.org
4834,Raron Corley,raron.corleyy9cucs@fakemail.org
4835,Namar Palton,namar.paltonbtk2w3@mail.test
4836,Leson Belhart,leson.belhartl059kd@example.com
4837,Ranor Belridge,ranor.belridge8xhvfb@demo.net
4838,Malin Corford,malin.corfordhzml7s@mail.test
4839,Darel Belson,darel.belson1ozc0q@example.com
4840,Dalan Morley,dalan.morleyvoqh7z@mail.test
4841,Lelin Morstone,lelin.morstoneqdvjhw@mail.test
4842,Kabel Lenhart,kabel.lenhartxnzk2q@mail.test
4843,Jolan Torbrook,jolan.torbrookmqtqsr@demo.net
4844,Olden Fenson,olden.fenson4gf71v@example.com
4845,Bevin Fenton,bevin.fentonz4fybk@demo.net
4846,Tamar Dalridge,tamar.dalridgetvmlcv@demo.net
4847,Fabel Kelwood,fabel.kelwoodotc872@example.com
4848,Dasha Harstone,dasha.harstoneuado3e@fakemail.org
4849,Carel Sanman,carel.sanman57ocbp@fakemail.org
4850,Davin Dalbrook,davin.dalbrooko023oy@example.com
4851,Elnor Norbrook,elnor.norbrook8ms3vf@example.com
4852,Jomon Dalley,jomon.dalleym5wj3w@fakemail.org
4853,Pason Sanwell,pason.sanwellyz28c4@fakemail.org
4854,Sabel Sanstone,sabel.sanstones6lchn@mail.test
4855,Mamon Fenstone,mamon.fenstonex91n4d@mail.test
4856,Saton Dalford,saton.dalford6t0dvr@fakemail.org
4857,Samar Corwood,samar.corwood6p3y6c@mail.test
4858,Zaria Morstone,zaria.morstone95recw@example.com
4859,Jomon Morbrook,jomon.morbrookyvctiu@mail.test
4860,Beron Wilberg,beron.wilberg19hw6c@fakemail.org
4861,Faron Morton,faron.mortonzq9swz@mail.test
4862,Dasha Kelley,dasha.kelleyluqxnr@example.com
4863,Elden Dalton,elden.daltones97w2@demo.net
4864,Bemon Torberg,bemon.torbergp7quaq@demo.net
4865,Dabel Vanford,dabel.vanford11ssd4@demo.net
4866,Bevin Corberg,bevin.corberg2hh4hu@mail.test
4867,Olria Palman,olria.palman0uehrs@mail.test
4868,Ravin Kelley,ravin.kelley66jrpj@example.com
4869,Nanor Corhart,nanor.corhartdd3oto@example.com
4870,Malin Darson,malin.darsonxm07os@example.com
4871,Dasha Sanwell,dasha.sanwellnzqc6y@mail.test
4872,Ellin Norstone,ellin.norstonebnbvfg@fakemail.org
4873,Lebel Belfield,lebel.belfieldxhu0gq@fakemail.org
4874,Elmon Kelman,elmon.kelman4cxlf8@fakemail.org
4875,Benor Corbrook,benor.corbrooko3fm3w@fakemail.org
4876,Jovin Morton,jovin.morton97rjfi@fakemail.org
4877,Mabel Lenwell,mabel.lenwellncofo9@demo.net
4878,Leton Norberg,leton.norbergegdm9w@mail.test
4879,Pamon Norhart,pamon.norhartzkep7a@demo.net
4880,Damar Torberg,damar.torbergwnlgny@demo.net
4881,Rason Vanford,rason.vanfordk4qpsd@demo.net
4882,Belan Dalton,belan.daltonjl77nw@demo.net
4883,Zaria Sanford,zaria.sanfordnaiwt4@fakemail.org
4884,Lemon Dalton,lemon.daltone7jy6i@example.com
4885,Faria Harton,faria.hartonvgyhz4@example.com
4886,Kavin Wilstone,kavin.wilstone05u47i@fakemail.org
4887,Mamar Morton,mamar.mortonubkvz8@mail.test
4888,Maden Harwell,maden.harwelluyo078@mail.test
4889,Vivin Wilwell,vivin.wilwells8tqsv@mail.test
4890,Jomar Fenridge,jomar.fenridge1zpr95@demo.net
4891,Fason Lenfield,fason.lenfieldvaca0k@example.com
4892,Carel Belwood,carel.belwoodmc962p@mail.test
4893,Alden Norson,alden.norsonpowgee@fakemail.org
4894,Namon Torhart,namon.torhart3u51fd@fakemail.org
4895,Daria Corley,daria.corleyf9401j@mail.test
4896,Tavin Corhart,tavin.corhartslgu70@fakemail.org
4897,Zason Palberg,zason.palbergjqjjnl@demo.net
4898,Lerel Palfield,lerel.palfieldhvi7qo@example.com
4899,Lemar Harley,lemar.harleyokgye4@fakemail.org
4900,Elsel Sanhart,elsel.sanhartm8ok5n@fakemail.org
4901,Elson Darbrook,elson.darbrookv135mv@example.com
4902,Paton Kelton,paton.keltona3r3au@example.com
4903,Albel Torford,albel.torfordagiy4v@example.com
4904,Vinor Palwood,vinor.palwood0anb2l@example.com
4905,Caria Morman,caria.mormanl5b0qk@demo.net
4906,Faton Lenhart,faton.lenhart138bce@example.com
4907,Navin Dalstone,navin.dalstoney93ibw@fakemail.org
4908,Leden Darstone,leden.darstone0oi63v@fakemail.org
4909,Taden Vanwell,taden.vanwelliga9el@example.com
4910,Zasha Harford,zasha.harfordgmeutr@mail.test
4911,Sasha Wilberg,sasha.wilbergy02gbp@mail.test
4912,Ellin Lenstone,ellin.lenstone0d5t1j@example.com
4913,Alron Palbrook,alron.palbrook3cxnom@demo.net
4914,Bevin Wilwell,bevin.wilwellbe5twd@fakemail.org
4915,Tason Harberg,tason.harbergaopw6o@demo.net
4916,Taria Norbrook,taria.norbrook9oe5gy@mail.test
4917,Lesel Fenridge,lesel.fenridge6ty11j@fakemail.org
4918,Vison Harfield,vison.harfield7twp35@example.com
4919,Caton Fenberg,caton.fenberg2aab0o@demo.net
4920,Besel Lenbrook,besel.lenbrookjpc2d0@example.com
4921,Lelin Fenford,lelin.fenfordd2b2nj@demo.net
4922,Fasha Kelbrook,fasha.kelbrookhao44f@fakemail.org
4923,Vimar Darwood,vimar.darwoodsbl97y@mail.test
4924,Faron Sanridge,faron.sanridgegpie4g@mail.test
4925,Farel Vanberg,farel.vanberga5qnlr@fakemail.org
4926,Elden Norridge,elden.norridgebedmy9@demo.net
4927,Beria Dalhart,beria.dalhartv5n7xb@example.com
4928,Lelan Norford,lelan.norfordin051q@example.com
4929,Daton Palford,daton.palfordmyvc9v@mail.test
4930,Caton Norford,caton.norfordmnkkdi@demo.net
4931,Malin Lenberg,malin.lenbergl6slfs@mail.test
4932,Leson Wilberg,leson.wilbergkjr051@fakemail.org
4933,Besha Sanbrook,besha.sanbrook8qxwt2@mail.test
4934,Salin Norson,salin.norsonfidbhg@mail.test
4935,Olton Kelwell,olton.kelwellb2gdd7@example.com
4936,Palin Belford,palin.belfordvhuce7@mail.test
4937,Mabel Fenstone,mabel.fenstonet7ayul@mail.test
4938,Vimar Torhart,vimar.torhartud624e@fakemail.org
4939,Rasel Corwell,rasel.corwellxpd3j1@mail.test
4940,Kasel Norley,kasel.norley6xk507@example.com
4941,Joron Morford,joron.morford90umlf@fakemail.org
4942,Paria Corley,paria.corleyniv3xc@mail.test
4943,Kason Palman,kason.palmanla3161@fakemail.org
4944,Paria Vanman,paria.vanman9q7u7a@mail.test
4945,Raton Kelman,raton.kelmano35h0q@mail.test
4946,Ollan Vanbrook,ollan.vanbrook48wib3@example.com
4947,Parel Vanstone,parel.vanstonevdp5zx@fakemail.org
4948,Paden Fenberg,paden.fenbergwqrlnw@demo.net
4949,Olbel Norstone,olbel.norstonee8almt@example.com
4950,Lenor Dalstone,lenor.dalstoneywf7e0@example.com
4951,Karel Corford,karel.corfordxbdws6@fakemail.org
4952,Katon Dalberg,katon.dalbergc934l1@demo.net
4953,Olson Kelhart,olson.kelhart6kt8ho@demo.net
4954,Almon Vanley,almon.vanleyr9dkij@fakemail.org
4955,Zaria Palwell,zaria.palwellt927wy@mail.test
4956,Leden Torman,leden.tormanlaenr3@example.com
4957,Talin Darwood,talin.darwood1m04oj@mail.test
4958,Sasel Norwell,sasel.norwell1jur7z@demo.net
4959,Raton Morstone,raton.morstoneh30rf5@demo.net
4960,Nasha Vanton,nasha.vantonj429as@demo.net
4961,Masel Corfield,masel.corfieldmievr1@example.com
4962,Maria Corwell,maria.corwellnrtxc6@demo.net
4963,Carel Palfield,carel.palfieldllqebk@demo.net
4964,Narel Harhart,narel.harhart5p8vah@demo.net
4965,Mason Wilberg,mason.wilberg12ft59@demo.net
4966,Camar Dalwell,camar.dalwellpikgq4@mail.test
4967,Jomar Norwell,jomar.norwell4h0cfi@fakemail.org
4968,Leton Norbrook,leton.norbrook36dm45@demo.net
4969,Albel Lenwell,albel.lenwellvlij93@mail.test
4970,Casha Vanman,casha.vanmansw4ed2@fakemail.org
4971,Faron Morfield,faron.morfieldm6dned@fakemail.org
4972,Tarel Torton,tarel.tortonws5qj5@demo.net
4973,Camon Kelberg,camon.kelbergcjl5z1@mail.test
4974,Tarel Dalberg,tarel.dalbergse8fe8@demo.net
4975,Davin Kelwood,davin.kelwoodetxqxw@mail.test
4976,Tanor Kelhart,tanor.kelhart19czgu@mail.test
4977,Fabel Lenhart,fabel.lenhartzm6hjc@example.com
4978,Daton Norton,daton.norton3bwufv@demo.net
4979,Saria Palley,saria.palleylb01u0@demo.net
4980,Manor Dalfield,manor.dalfieldns1mjb@example.com
4981,Alrel Lenwood,alrel.lenwoodbrp7hq@mail.test
4982,Zalan Norridge,zalan.norridgekf22bs@mail.test
4983,Lemon Morberg,lemon.morbergrbheku@fakemail.org
4984,Daria Dalson,daria.dalsonk494wd@demo.net
4985,Kanor Darwood,kanor.darwoodv3baup@mail.test
4986,Casha Wilstone,casha.wilstone9s2kf1@mail.test
4987,Elmar Kelridge,elmar.kelridgetjxjp5@example.com
4988,Daden Morbrook,daden.morbrookmrrcvx@demo.net
4989,Paron Belwell,paron.belwellmdawl7@fakemail.org
4990,Zavin Lenford,zavin.lenfordcz3pnb@example.com
4991,Ralin Torman,ralin.tormanl4s50r@example.com
4992,Dasha Fenridge,dasha.fenridgeimauvg@demo.net
4993,Raria Fenford,raria.fenfordrowu8b@demo.net
4994,Darel Harford,darel.harford7i3zmy@mail.test
4995,Olvin Norton,olvin.nortonh8qxwq@mail.test
4996,Fasel Palson,fasel.palsonlx2qpp@example.com
4997,Leden Corman,leden.cormanrw9bb9@mail.test
4998,Namar Corley,namar.corleyqzle2m@demo.net
4999,Joson Kelstone,joson.kelstone8puxf1@example.com
5000,Casel Norstone,casel.norstone2jkut5@mail.test
