instance_id,date_created,status
1,2019-01-01,sold
2,2019-01-01,sold
3,2019-01-01,sold
4,2019-01-02,sold
5,2019-01-02,sold
6,2019-01-02,sold
7,2019-01-03,sold
8,2019-01-03,sold
9,2019-01-03,sold
10,2019-01-04,sold
11,2019-01-04,sold
12,2019-01-04,sold
13,2019-01-05,sold
14,2019-01-05,sold
15,2019-01-05,sold
16,2019-01-06,sold
17,2019-01-06,sold
18,2019-01-06,sold
19,2019-01-07,sold
20,2019-01-07,sold
21,2019-01-07,sold
22,2019-01-08,sold
23,2019-01-08,sold
24,2019-01-08,sold
25,2019-01-09,sold
26,2019-01-09,sold
27,2019-01-09,sold
28,2019-01-10,sold
29,2019-01-10,sold
30,2019-01-10,sold
31,2019-01-11,sold
32,2019-01-11,sold
33,2019-01-11,sold
34,2019-01-12,defective
35,2019-01-12,sold
36,2019-01-12,sold
37,2019-01-13,sold
38,2019-01-13,sold
39,2019-01-13,sold
40,2019-01-14,sold
41,2019-01-14,sold
42,2019-01-14,sold
43,2019-01-15,sold
44,2019-01-15,sold
45,2019-01-15,defective
46,2019-01-16,sold
47,2019-01-16,sold
48,2019-01-16,sold
49,2019-01-17,sold
50,2019-01-17,sold
51,2019-01-17,sold
52,2019-01-18,sold
53,2019-01-18,sold
54,2019-01-18,sold
55,2019-01-19,sold
56,2019-01-19,sold
57,2019-01-19,sold
58,2019-01-20,sold
59,2019-01-20,sold
60,2019-01-20,sold
61,2019-01-21,sold
62,2019-01-21,sold
63,2019-01-21,sold
64,2019-01-22,sold
65,2019-01-22,sold
66,2019-01-22,sold
67,2019-01-23,sold
68,2019-01-23,sold
69,2019-01-23,sold
70,2019-01-24,sold
71,2019-01-24,sold
72,2019-01-24,sold
73,2019-01-25,sold
74,2019-01-25,sold
75,2019-01-25,sold
76,2019-01-26,sold
77,2019-01-26,sold
78,2019-01-26,sold
79,2019-01-27,sold
80,2019-01-27,sold
81,2019-01-27,sold
82,2019-01-28,sold
83,2019-01-28,sold
84,2019-01-28,sold
85,2019-01-29,sold
86,2019-01-29,sold
87,2019-01-29,sold
88,2019-01-30,sold
89,2019-01-30,sold
90,2019-01-30,sold
91,2019-01-31,sold
92,2019-01-31,sold
93,2019-01-31,sold
94,2019-02-01,sold
95,2019-02-01,sold
96,2019-02-01,sold
97,2019-02-02,sold
98,2019-02-02,sold
99,2019-02-02,sold
100,2019-02-03,sold
101,2019-02-03,sold
102,2019-02-03,sold
103,2019-02-04,sold
104,2019-02-04,sold
105,2019-02-04,sold
106,2019-02-05,sold
107,2019-02-05,sold
108,2019-02-05,sold
109,2019-02-06,sold
110,2019-02-06,sold
111,2019-02-06,sold
112,2019-02-07,sold
113,2019-02-07,sold
114,2019-02-07,sold
115,2019-02-08,sold
116,2019-02-08,sold
117,2019-02-08,sold
118,2019-02-09,sold
119,2019-02-09,sold
120,2019-02-09,sold
121,2019-02-10,sold
122,2019-02-10,sold
123,2019-02-10,sold
124,2019-02-11,sold
125,2019-02-11,sold
126,2019-02-11,sold
127,2019-02-12,sold
128,2019-02-12,sold
129,2019-02-12,sold
130,2019-02-13,sold
131,2019-02-13,sold
132,2019-02-13,sold
133,2019-02-14,sold
134,2019-02-14,sold
135,2019-02-14,sold
136,2019-02-15,sold
137,2019-02-15,sold
138,2019-02-15,sold
139,2019-02-16,sold
140,2019-02-16,sold
141,2019-02-16,sold
142,2019-02-17,sold
143,2019-02-17,sold
144,2019-02-17,sold
145,2019-02-18,sold
146,2019-02-18,sold
147,2019-02-18,sold
148,2019-02-19,sold
149,2019-02-19,sold
150,2019-02-19,sold
151,2019-02-20,sold
152,2019-02-20,sold
153,2019-02-20,sold
154,2019-02-21,sold
155,2019-02-21,sold
156,2019-02-21,sold
157,2019-02-22,sold
158,2019-02-22,sold
159,2019-02-22,sold
160,2019-02-23,sold
161,2019-02-23,sold
162,2019-02-23,sold
163,2019-02-24,sold
164,2019-02-24,sold
165,2019-02-24,sold
166,2019-02-25,sold
167,2019-02-25,sold
168,2019-02-25,sold
169,2019-02-26,sold
170,2019-02-26,sold
171,2019-02-26,sold
172,2019-02-27,sold
173,2019-02-27,sold
174,2019-02-27,sold
175,2019-02-28,sold
176,2019-02-28,sold
177,2019-02-28,sold
178,2019-03-01,sold
179,2019-03-01,sold
180,2019-03-01,sold
181,2019-03-02,sold
182,2019-03-02,sold
183,2019-03-02,sold
184,2019-03-03,sold
185,2019-03-03,sold
186,2019-03-03,sold
187,2019-03-04,sold
188,2019-03-04,sold
189,2019-03-04,sold
190,2019-03-05,sold
191,2019-03-05,sold
192,2019-03-05,sold
193,2019-03-06,sold
194,2019-03-06,sold
195,2019-03-06,sold
196,2019-03-07,sold
197,2019-03-07,sold
198,2019-03-07,sold
199,2019-03-08,sold
200,2019-03-08,sold
201,2019-03-08,sold
202,2019-03-09,sold
203,2019-03-09,sold
204,2019-03-09,sold
205,2019-03-10,sold
206,2019-03-10,sold
207,2019-03-10,sold
208,2019-03-11,sold
209,2019-03-11,sold
210,2019-03-11,sold
211,2019-03-12,sold
212,2019-03-12,sold
213,2019-03-12,sold
214,2019-03-13,sold
215,2019-03-13,sold
216,2019-03-13,sold
217,2019-03-14,sold
218,2019-03-14,sold
219,2019-03-14,sold
220,2019-03-15,sold
221,2019-03-15,sold
222,2019-03-15,sold
223,2019-03-16,sold
224,2019-03-16,sold
225,2019-03-16,sold
226,2019-03-17,sold
227,2019-03-17,sold
228,2019-03-17,sold
229,2019-03-18,sold
230,2019-03-18,sold
231,2019-03-18,sold
232,2019-03-19,sold
233,2019-03-19,sold
234,2019-03-19,sold
235,2019-03-20,sold
236,2019-03-20,sold
237,2019-03-20,sold
238,2019-03-21,sold
239,2019-03-21,sold
240,2019-03-21,sold
241,2019-03-22,sold
242,2019-03-22,sold
243,2019-03-22,sold
244,2019-03-23,sold
245,2019-03-23,sold
246,2019-03-23,sold
247,2019-03-24,sold
248,2019-03-24,sold
249,2019-03-24,defective
250,2019-03-25,sold
251,2019-03-25,sold
252,2019-03-25,sold
253,2019-03-26,sold
254,2019-03-26,sold
255,2019-03-26,sold
256,2019-03-27,sold
257,2019-03-27,sold
258,2019-03-27,sold
259,2019-03-28,sold
260,2019-03-28,sold
261,2019-03-28,sold
262,2019-03-29,sold
263,2019-03-29,sold
264,2019-03-29,sold
265,2019-03-30,sold
266,2019-03-30,sold
267,2019-03-30,sold
268,2019-03-31,sold
269,2019-03-31,sold
270,2019-03-31,sold
271,2019-04-01,sold
272,2019-04-01,sold
273,2019-04-01,sold
274,2019-04-02,sold
275,2019-04-02,sold
276,2019-04-02,sold
277,2019-04-03,sold
278,2019-04-03,sold
279,2019-04-03,sold
280,2019-04-04,sold
281,2019-04-04,sold
282,2019-04-04,sold
283,2019-04-05,sold
284,2019-04-05,sold
285,2019-04-05,sold
286,2019-04-06,sold
287,2019-04-06,sold
288,2019-04-06,sold
289,2019-04-07,sold
290,2019-04-07,sold
291,2019-04-07,sold
292,2019-04-08,sold
293,2019-04-08,sold
294,2019-04-08,sold
295,2019-04-09,sold
296,2019-04-09,sold
297,2019-04-09,sold
298,2019-04-10,sold
299,2019-04-10,sold
300,2019-04-10,sold
301,2019-04-11,sold
302,2019-04-11,sold
303,2019-04-11,sold
304,2019-04-12,sold
305,2019-04-12,sold
306,2019-04-12,sold
307,2019-04-13,sold
308,2019-04-13,sold
309,2019-04-13,sold
310,2019-04-14,sold
311,2019-04-14,sold
312,2019-04-14,sold
313,2019-04-15,sold
314,2019-04-15,sold
315,2019-04-15,sold
316,2019-04-16,sold
317,2019-04-16,sold
318,2019-04-16,sold
319,2019-04-17,sold
320,2019-04-17,sold
321,2019-04-17,sold
322,2019-04-18,sold
323,2019-04-18,sold
324,2019-04-18,sold
325,2019-04-19,sold
326,2019-04-19,sold
327,2019-04-19,sold
328,2019-04-20,sold
329,2019-04-20,sold
330,2019-04-20,sold
331,2019-04-21,sold
332,2019-04-21,sold
333,2019-04-21,sold
334,2019-04-22,sold
335,2019-04-22,sold
336,2019-04-22,sold
337,2019-04-23,sold
338,2019-04-23,sold
339,2019-04-23,sold
340,2019-04-24,sold
341,2019-04-24,sold
342,2019-04-24,sold
343,2019-04-25,sold
344,2019-04-25,sold
345,2019-04-25,sold
346,2019-04-26,sold
347,2019-04-26,sold
348,2019-04-26,sold
349,2019-04-27,sold
350,2019-04-27,sold
351,2019-04-27,sold
352,2019-04-28,sold
353,2019-04-28,sold
354,2019-04-28,sold
355,2019-04-29,defective
356,2019-04-29,sold
357,2019-04-29,sold
358,2019-04-30,sold
359,2019-04-30,sold
360,2019-04-30,sold
361,2019-05-01,sold
362,2019-05-01,sold
363,2019-05-01,sold
364,2019-05-02,sold
365,2019-05-02,sold
366,2019-05-02,sold
367,2019-05-03,sold
368,2019-05-03,sold
369,2019-05-03,sold
370,2019-05-04,sold
371,2019-05-04,sold
372,2019-05-04,sold
373,2019-05-05,sold
374,2019-05-05,sold
375,2019-05-05,sold
376,2019-05-06,sold
377,2019-05-06,sold
378,2019-05-06,sold
379,2019-05-07,sold
380,2019-05-07,sold
381,2019-05-07,sold
382,2019-05-08,sold
383,2019-05-08,sold
384,2019-05-08,sold
385,2019-05-09,sold
386,2019-05-09,sold
387,2019-05-09,sold
388,2019-05-10,sold
389,2019-05-10,sold
390,2019-05-10,sold
391,2019-05-11,sold
392,2019-05-11,sold
393,2019-05-11,sold
394,2019-05-12,sold
395,2019-05-12,sold
396,2019-05-12,sold
397,2019-05-13,sold
398,2019-05-13,sold
399,2019-05-13,sold
400,2019-05-14,sold
401,2019-05-14,sold
402,2019-05-14,sold
403,2019-05-15,sold
404,2019-05-15,sold
405,2019-05-15,sold
406,2019-05-16,sold
407,2019-05-16,sold
408,2019-05-16,sold
409,2019-05-17,sold
410,2019-05-17,sold
411,2019-05-17,sold
412,2019-05-18,sold
413,2019-05-18,sold
414,2019-05-18,sold
415,2019-05-19,sold
416,2019-05-19,sold
417,2019-05-19,sold
418,2019-05-20,sold
419,2019-05-20,sold
420,2019-05-20,sold
421,2019-05-21,sold
422,2019-05-21,sold
423,2019-05-21,sold
424,2019-05-22,sold
425,2019-05-22,sold
426,2019-05-22,sold
427,2019-05-23,sold
428,2019-05-23,sold
429,2019-05-23,sold
430,2019-05-24,sold
431,2019-05-24,sold
432,2019-05-24,sold
433,2019-05-25,sold
434,2019-05-25,sold
435,2019-05-25,sold
436,2019-05-26,sold
437,2019-05-26,sold
438,2019-05-26,sold
439,2019-05-27,sold
440,2019-05-27,sold
441,2019-05-27,sold
442,2019-05-28,sold
443,2019-05-28,sold
444,2019-05-28,sold
445,2019-05-29,sold
446,2019-05-29,sold
447,2019-05-29,sold
448,2019-05-30,sold
449,2019-05-30,sold
450,2019-05-30,sold
451,2019-05-31,sold
452,2019-05-31,sold
453,2019-05-31,sold
454,2019-06-01,sold
455,2019-06-01,sold
456,2019-06-01,sold
457,2019-06-02,sold
458,2019-06-02,sold
459,2019-06-02,sold
460,2019-06-03,sold
461,2019-06-03,sold
462,2019-06-03,sold
463,2019-06-04,sold
464,2019-06-04,sold
465,2019-06-04,sold
466,2019-06-05,sold
467,2019-06-05,sold
468,2019-06-05,sold
469,2019-06-06,sold
470,2019-06-06,sold
471,2019-06-06,sold
472,2019-06-07,sold
473,2019-06-07,sold
474,2019-06-07,sold
475,2019-06-08,sold
476,2019-06-08,sold
477,2019-06-08,sold
478,2019-06-09,sold
479,2019-06-09,sold
480,2019-06-09,sold
481,2019-06-10,sold
482,2019-06-10,sold
483,2019-06-10,sold
484,2019-06-10,sold
485,2019-06-10,sold
486,2019-06-10,sold
487,2019-06-11,sold
488,2019-06-11,sold
489,2019-06-11,sold
490,2019-06-11,sold
491,2019-06-11,sold
492,2019-06-11,sold
493,2019-06-12,sold
494,2019-06-12,sold
495,2019-06-12,sold
496,2019-06-12,sold
497,2019-06-12,sold
498,2019-06-12,sold
499,2019-06-13,sold
500,2019-06-13,sold
501,2019-06-13,sold
502,2019-06-13,sold
503,2019-06-13,sold
504,2019-06-13,sold
505,2019-06-14,sold
506,2019-06-14,sold
507,2019-06-14,sold
508,2019-06-14,sold
509,2019-06-14,sold
510,2019-06-14,sold
511,2019-06-15,sold
512,2019-06-15,sold
513,2019-06-15,sold
514,2019-06-15,sold
515,2019-06-15,sold
516,2019-06-15,sold
517,2019-06-16,sold
518,2019-06-16,sold
519,2019-06-16,sold
520,2019-06-16,sold
521,2019-06-16,sold
522,2019-06-16,sold
523,2019-06-17,sold
524,2019-06-17,sold
525,2019-06-17,sold
526,2019-06-17,sold
527,2019-06-17,sold
528,2019-06-17,sold
529,2019-06-18,sold
530,2019-06-18,sold
531,2019-06-18,sold
532,2019-06-18,sold
533,2019-06-18,sold
534,2019-06-18,sold
535,2019-06-19,sold
536,2019-06-19,sold
537,2019-06-19,sold
538,2019-06-19,sold
539,2019-06-19,sold
540,2019-06-19,sold
541,2019-06-20,sold
542,2019-06-20,defective
543,2019-06-20,sold
544,2019-06-20,sold
545,2019-06-20,sold
546,2019-06-20,defective
547,2019-06-21,sold
548,2019-06-21,sold
549,2019-06-21,sold
550,2019-06-21,sold
551,2019-06-21,sold
552,2019-06-21,sold
553,2019-06-22,sold
554,2019-06-22,sold
555,2019-06-22,sold
556,2019-06-22,sold
557,2019-06-22,sold
558,2019-06-22,sold
559,2019-06-23,sold
560,2019-06-23,sold
561,2019-06-23,sold
562,2019-06-23,sold
563,2019-06-23,sold
564,2019-06-23,sold
565,2019-06-24,sold
566,2019-06-24,sold
567,2019-06-24,sold
568,2019-06-24,sold
569,2019-06-24,sold
570,2019-06-24,sold
571,2019-06-25,sold
572,2019-06-25,sold
573,2019-06-25,sold
574,2019-06-25,sold
575,2019-06-25,sold
576,2019-06-25,sold
577,2019-06-26,sold
578,2019-06-26,sold
579,2019-06-26,sold
580,2019-06-26,sold
581,2019-06-26,sold
582,2019-06-26,defective
583,2019-06-27,sold
584,2019-06-27,sold
585,2019-06-27,sold
586,2019-06-27,defective
587,2019-06-27,sold
588,2019-06-27,sold
589,2019-06-28,sold
590,2019-06-28,sold
591,2019-06-28,sold
592,2019-06-28,sold
593,2019-06-28,sold
594,2019-06-28,sold
595,2019-06-29,sold
596,2019-06-29,sold
597,2019-06-29,sold
598,2019-06-29,sold
599,2019-06-29,sold
600,2019-06-29,sold
601,2019-06-30,sold
602,2019-06-30,sold
603,2019-06-30,sold
604,2019-06-30,sold
605,2019-06-30,sold
606,2019-06-30,sold
607,2019-07-01,sold
608,2019-07-01,sold
609,2019-07-01,sold
610,2019-07-01,sold
611,2019-07-01,sold
612,2019-07-01,sold
613,2019-07-02,sold
614,2019-07-02,sold
615,2019-07-02,sold
616,2019-07-02,sold
617,2019-07-02,sold
618,2019-07-02,sold
619,2019-07-03,sold
620,2019-07-03,sold
621,2019-07-03,sold
622,2019-07-03,sold
623,2019-07-03,sold
624,2019-07-03,sold
625,2019-07-04,sold
626,2019-07-04,sold
627,2019-07-04,sold
628,2019-07-04,sold
629,2019-07-04,sold
630,2019-07-04,sold
631,2019-07-05,sold
632,2019-07-05,sold
633,2019-07-05,sold
634,2019-07-05,sold
635,2019-07-05,sold
636,2019-07-05,sold
637,2019-07-06,sold
638,2019-07-06,sold
639,2019-07-06,sold
640,2019-07-06,sold
641,2019-07-06,sold
642,2019-07-06,sold
643,2019-07-07,sold
644,2019-07-07,sold
645,2019-07-07,sold
646,2019-07-07,sold
647,2019-07-07,sold
648,2019-07-07,sold
649,2019-07-08,sold
650,2019-07-08,sold
651,2019-07-08,sold
652,2019-07-08,sold
653,2019-07-08,sold
654,2019-07-08,sold
655,2019-07-09,sold
656,2019-07-09,sold
657,2019-07-09,sold
658,2019-07-09,sold
659,2019-07-09,sold
660,2019-07-09,sold
661,2019-07-10,sold
662,2019-07-10,sold
663,2019-07-10,sold
664,2019-07-10,sold
665,2019-07-10,sold
666,2019-07-10,sold
667,2019-07-11,sold
668,2019-07-11,sold
669,2019-07-11,sold
670,2019-07-11,sold
671,2019-07-11,sold
672,2019-07-11,sold
673,2019-07-12,sold
674,2019-07-12,sold
675,2019-07-12,sold
676,2019-07-12,sold
677,2019-07-12,sold
678,2019-07-12,sold
679,2019-07-13,sold
680,2019-07-13,sold
681,2019-07-13,sold
682,2019-07-13,sold
683,2019-07-13,sold
684,2019-07-13,sold
685,2019-07-14,sold
686,2019-07-14,sold
687,2019-07-14,sold
688,2019-07-14,sold
689,2019-07-14,sold
690,2019-07-14,sold
691,2019-07-15,sold
692,2019-07-15,sold
693,2019-07-15,sold
694,2019-07-15,sold
695,2019-07-15,sold
696,2019-07-15,sold
697,2019-07-16,sold
698,2019-07-16,sold
699,2019-07-16,sold
700,2019-07-16,sold
701,2019-07-16,sold
702,2019-07-16,sold
703,2019-07-17,sold
704,2019-07-17,sold
705,2019-07-17,sold
706,2019-07-17,sold
707,2019-07-17,sold
708,2019-07-17,sold
709,2019-07-18,sold
710,2019-07-18,sold
711,2019-07-18,sold
712,2019-07-18,sold
713,2019-07-18,sold
714,2019-07-18,sold
715,2019-07-19,sold
716,2019-07-19,sold
717,2019-07-19,sold
718,2019-07-19,sold
719,2019-07-19,sold
720,2019-07-19,sold
721,2019-07-20,sold
722,2019-07-20,sold
723,2019-07-20,sold
724,2019-07-20,sold
725,2019-07-20,sold
726,2019-07-20,sold
727,2019-07-21,sold
728,2019-07-21,sold
729,2019-07-21,sold
730,2019-07-21,sold
731,2019-07-21,sold
732,2019-07-21,sold
733,2019-07-22,sold
734,2019-07-22,sold
735,2019-07-22,sold
736,2019-07-22,sold
737,2019-07-22,sold
738,2019-07-22,sold
739,2019-07-23,sold
740,2019-07-23,sold
741,2019-07-23,sold
742,2019-07-23,sold
743,2019-07-23,sold
744,2019-07-23,sold
745,2019-07-24,sold
746,2019-07-24,sold
747,2019-07-24,sold
748,2019-07-24,sold
749,2019-07-24,sold
750,2019-07-24,sold
751,2019-07-25,sold
752,2019-07-25,sold
753,2019-07-25,sold
754,2019-07-25,sold
755,2019-07-25,sold
756,2019-07-25,sold
757,2019-07-26,sold
758,2019-07-26,sold
759,2019-07-26,sold
760,2019-07-26,sold
761,2019-07-26,sold
762,2019-07-26,sold
763,2019-07-27,sold
764,2019-07-27,sold
765,2019-07-27,sold
766,2019-07-27,sold
767,2019-07-27,sold
768,2019-07-27,sold
769,2019-07-28,sold
770,2019-07-28,sold
771,2019-07-28,sold
772,2019-07-28,sold
773,2019-07-28,sold
774,2019-07-28,sold
775,2019-07-29,sold
776,2019-07-29,sold
777,2019-07-29,sold
778,2019-07-29,sold
779,2019-07-29,sold
780,2019-07-29,sold
781,2019-07-30,sold
782,2019-07-30,sold
783,2019-07-30,sold
784,2019-07-30,sold
785,2019-07-30,sold
786,2019-07-30,sold
787,2019-07-31,sold
788,2019-07-31,sold
789,2019-07-31,sold
790,2019-07-31,sold
791,2019-07-31,sold
792,2019-07-31,sold
793,2019-08-01,sold
794,2019-08-01,sold
795,2019-08-01,sold
796,2019-08-01,sold
797,2019-08-01,sold
798,2019-08-01,sold
799,2019-08-02,sold
800,2019-08-02,sold
801,2019-08-02,sold
802,2019-08-02,sold
803,2019-08-02,sold
804,2019-08-02,sold
805,2019-08-03,sold
806,2019-08-03,defective
807,2019-08-03,sold
808,2019-08-03,sold
809,2019-08-03,sold
810,2019-08-03,sold
811,2019-08-04,sold
812,2019-08-04,sold
813,2019-08-04,sold
814,2019-08-04,sold
815,2019-08-04,sold
816,2019-08-04,sold
817,2019-08-05,sold
818,2019-08-05,sold
819,2019-08-05,sold
820,2019-08-05,sold
821,2019-08-05,sold
822,2019-08-05,sold
823,2019-08-06,sold
824,2019-08-06,sold
825,2019-08-06,sold
826,2019-08-06,sold
827,2019-08-06,sold
828,2019-08-06,sold
829,2019-08-07,sold
830,2019-08-07,sold
831,2019-08-07,sold
832,2019-08-07,sold
833,2019-08-07,sold
834,2019-08-07,sold
835,2019-08-08,sold
836,2019-08-08,sold
837,2019-08-08,sold
838,2019-08-08,sold
839,2019-08-08,sold
840,2019-08-08,sold
841,2019-08-09,sold
842,2019-08-09,sold
843,2019-08-09,sold
844,2019-08-09,sold
845,2019-08-09,sold
846,2019-08-09,sold
847,2019-08-10,sold
848,2019-08-10,sold
849,2019-08-10,sold
850,2019-08-10,sold
851,2019-08-10,sold
852,2019-08-10,sold
853,2019-08-11,sold
854,2019-08-11,sold
855,2019-08-11,sold
856,2019-08-11,sold
857,2019-08-11,sold
858,2019-08-11,sold
859,2019-08-12,sold
860,2019-08-12,sold
861,2019-08-12,sold
862,2019-08-12,sold
863,2019-08-12,sold
864,2019-08-12,defective
865,2019-08-13,sold
866,2019-08-13,sold
867,2019-08-13,sold
868,2019-08-13,sold
869,2019-08-13,sold
870,2019-08-13,sold
871,2019-08-14,sold
872,2019-08-14,sold
873,2019-08-14,sold
874,2019-08-14,sold
875,2019-08-14,sold
876,2019-08-14,sold
877,2019-08-15,sold
878,2019-08-15,sold
879,2019-08-15,sold
880,2019-08-15,sold
881,2019-08-15,sold
882,2019-08-15,sold
883,2019-08-16,sold
884,2019-08-16,sold
885,2019-08-16,sold
886,2019-08-16,sold
887,2019-08-16,sold
888,2019-08-16,sold
889,2019-08-17,sold
890,2019-08-17,sold
891,2019-08-17,sold
892,2019-08-17,sold
893,2019-08-17,sold
894,2019-08-17,sold
895,2019-08-18,sold
896,2019-08-18,sold
897,2019-08-18,sold
898,2019-08-18,sold
899,2019-08-18,sold
900,2019-08-18,sold
901,2019-08-19,sold
902,2019-08-19,sold
903,2019-08-19,sold
904,2019-08-19,sold
905,2019-08-19,sold
906,2019-08-19,sold
907,2019-08-20,sold
908,2019-08-20,sold
909,2019-08-20,sold
910,2019-08-20,sold
911,2019-08-20,sold
912,2019-08-20,sold
913,2019-08-21,sold
914,2019-08-21,sold
915,2019-08-21,sold
916,2019-08-21,sold
917,2019-08-21,sold
918,2019-08-21,sold
919,2019-08-22,sold
920,2019-08-22,sold
921,2019-08-22,sold
922,2019-08-22,sold
923,2019-08-22,sold
924,2019-08-22,sold
925,2019-08-23,sold
926,2019-08-23,defective
927,2019-08-23,sold
928,2019-08-23,sold
929,2019-08-23,sold
930,2019-08-23,sold
931,2019-08-24,sold
932,2019-08-24,sold
933,2019-08-24,sold
934,2019-08-24,sold
935,2019-08-24,sold
936,2019-08-24,sold
937,2019-08-25,sold
938,2019-08-25,sold
939,2019-08-25,sold
940,2019-08-25,sold
941,2019-08-25,sold
942,2019-08-25,sold
943,2019-08-26,sold
944,2019-08-26,sold
945,2019-08-26,sold
946,2019-08-26,sold
947,2019-08-26,sold
948,2019-08-26,sold
949,2019-08-27,sold
950,2019-08-27,sold
951,2019-08-27,sold
952,2019-08-27,sold
953,2019-08-27,sold
954,2019-08-27,sold
955,2019-08-28,sold
956,2019-08-28,sold
957,2019-08-28,sold
958,2019-08-28,sold
959,2019-08-28,sold
960,2019-08-28,sold
961,2019-08-29,sold
962,2019-08-29,sold
963,2019-08-29,sold
964,2019-08-29,sold
965,2019-08-29,sold
966,2019-08-29,sold
967,2019-08-30,sold
968,2019-08-30,sold
969,2019-08-30,sold
970,2019-08-30,sold
971,2019-08-30,sold
972,2019-08-30,sold
973,2019-08-31,sold
974,2019-08-31,sold
975,2019-08-31,sold
976,2019-08-31,sold
977,2019-08-31,sold
978,2019-08-31,sold
979,2019-09-01,sold
980,2019-09-01,sold
981,2019-09-01,sold
982,2019-09-01,sold
983,2019-09-01,sold
984,2019-09-01,sold
985,2019-09-02,sold
986,2019-09-02,sold
987,2019-09-02,sold
988,2019-09-02,sold
989,2019-09-02,sold
990,2019-09-02,sold
991,2019-09-03,sold
992,2019-09-03,sold
993,2019-09-03,sold
994,2019-09-03,sold
995,2019-09-03,sold
996,2019-09-03,sold
997,2019-09-04,sold
998,2019-09-04,sold
999,2019-09-04,sold
1000,2019-09-04,sold
1001,2019-09-04,sold
1002,2019-09-04,sold
1003,2019-09-05,sold
1004,2019-09-05,sold
1005,2019-09-05,sold
1006,2019-09-05,sold
1007,2019-09-05,sold
1008,2019-09-05,sold
1009,2019-09-05,sold
1010,2019-09-05,sold
1011,2019-09-05,sold
1012,2019-09-06,sold
1013,2019-09-06,sold
1014,2019-09-06,sold
1015,2019-09-06,sold
1016,2019-09-06,sold
1017,2019-09-06,sold
1018,2019-09-06,sold
1019,2019-09-06,sold
1020,2019-09-06,sold
1021,2019-09-07,sold
1022,2019-09-07,sold
1023,2019-09-07,sold
1024,2019-09-07,sold
1025,2019-09-07,sold
1026,2019-09-07,sold
1027,2019-09-07,sold
1028,2019-09-07,sold
1029,2019-09-07,sold
1030,2019-09-08,sold
1031,2019-09-08,sold
1032,2019-09-08,sold
1033,2019-09-08,sold
1034,2019-09-08,sold
1035,2019-09-08,sold
1036,2019-09-08,sold
1037,2019-09-08,sold
1038,2019-09-08,sold
1039,2019-09-09,sold
1040,2019-09-09,sold
1041,2019-09-09,sold
1042,2019-09-09,sold
1043,2019-09-09,sold
1044,2019-09-09,sold
1045,2019-09-09,sold
1046,2019-09-09,sold
1047,2019-09-09,sold
1048,2019-09-10,sold
1049,2019-09-10,sold
1050,2019-09-10,sold
1051,2019-09-10,sold
1052,2019-09-10,sold
1053,2019-09-10,sold
1054,2019-09-10,sold
1055,2019-09-10,sold
1056,2019-09-10,sold
1057,2019-09-11,sold
1058,2019-09-11,sold
1059,2019-09-11,sold
1060,2019-09-11,sold
1061,2019-09-11,sold
1062,2019-09-11,sold
1063,2019-09-11,sold
1064,2019-09-11,sold
1065,2019-09-11,sold
1066,2019-09-12,sold
1067,2019-09-12,sold
1068,2019-09-12,sold
1069,2019-09-12,sold
1070,2019-09-12,sold
1071,2019-09-12,defective
1072,2019-09-12,sold
1073,2019-09-12,sold
1074,2019-09-12,sold
1075,2019-09-13,sold
1076,2019-09-13,sold
1077,2019-09-13,sold
1078,2019-09-13,sold
1079,2019-09-13,sold
1080,2019-09-13,sold
1081,2019-09-13,sold
1082,2019-09-13,sold
1083,2019-09-13,sold
1084,2019-09-14,sold
1085,2019-09-14,sold
1086,2019-09-14,sold
1087,2019-09-14,sold
1088,2019-09-14,sold
1089,2019-09-14,sold
1090,2019-09-14,sold
1091,2019-09-14,sold
1092,2019-09-14,sold
1093,2019-09-15,sold
1094,2019-09-15,sold
1095,2019-09-15,sold
1096,2019-09-15,sold
1097,2019-09-15,sold
1098,2019-09-15,sold
1099,2019-09-15,sold
1100,2019-09-15,sold
1101,2019-09-15,sold
1102,2019-09-16,sold
1103,2019-09-16,sold
1104,2019-09-16,sold
1105,2019-09-16,sold
1106,2019-09-16,sold
1107,2019-09-16,sold
1108,2019-09-16,sold
1109,2019-09-16,sold
1110,2019-09-16,sold
1111,2019-09-17,sold
1112,2019-09-17,sold
1113,2019-09-17,sold
1114,2019-09-17,sold
1115,2019-09-17,sold
1116,2019-09-17,sold
1117,2019-09-17,sold
1118,2019-09-17,sold
1119,2019-09-17,sold
1120,2019-09-18,sold
1121,2019-09-18,sold
1122,2019-09-18,sold
1123,2019-09-18,sold
1124,2019-09-18,sold
1125,2019-09-18,sold
1126,2019-09-18,sold
1127,2019-09-18,sold
1128,2019-09-18,sold
1129,2019-09-19,sold
1130,2019-09-19,sold
1131,2019-09-19,sold
1132,2019-09-19,sold
1133,2019-09-19,sold
1134,2019-09-19,sold
1135,2019-09-19,sold
1136,2019-09-19,sold
1137,2019-09-19,sold
1138,2019-09-20,sold
1139,2019-09-20,sold
1140,2019-09-20,sold
1141,2019-09-20,sold
1142,2019-09-20,sold
1143,2019-09-20,sold
1144,2019-09-20,sold
1145,2019-09-20,sold
1146,2019-09-20,sold
1147,2019-09-21,sold
1148,2019-09-21,sold
1149,2019-09-21,sold
1150,2019-09-21,sold
1151,2019-09-21,sold
1152,2019-09-21,sold
1153,2019-09-21,sold
1154,2019-09-21,sold
1155,2019-09-21,sold
1156,2019-09-22,sold
1157,2019-09-22,sold
1158,2019-09-22,sold
1159,2019-09-22,sold
1160,2019-09-22,sold
1161,2019-09-22,sold
1162,2019-09-22,sold
1163,2019-09-22,sold
1164,2019-09-22,sold
1165,2019-09-23,sold
1166,2019-09-23,sold
1167,2019-09-23,sold
1168,2019-09-23,sold
1169,2019-09-23,sold
1170,2019-09-23,sold
1171,2019-09-23,sold
1172,2019-09-23,sold
1173,2019-09-23,sold
1174,2019-09-24,sold
1175,2019-09-24,sold
1176,2019-09-24,sold
1177,2019-09-24,sold
1178,2019-09-24,sold
1179,2019-09-24,sold
1180,2019-09-24,sold
1181,2019-09-24,sold
1182,2019-09-24,sold
1183,2019-09-25,sold
1184,2019-09-25,sold
1185,2019-09-25,sold
1186,2019-09-25,sold
1187,2019-09-25,sold
1188,2019-09-25,sold
1189,2019-09-25,sold
1190,2019-09-25,sold
1191,2019-09-25,sold
1192,2019-09-26,sold
1193,2019-09-26,sold
1194,2019-09-26,sold
1195,2019-09-26,sold
1196,2019-09-26,sold
1197,2019-09-26,sold
1198,2019-09-26,sold
1199,2019-09-26,sold
1200,2019-09-26,sold
1201,2019-09-27,sold
1202,2019-09-27,sold
1203,2019-09-27,sold
1204,2019-09-27,sold
1205,2019-09-27,sold
1206,2019-09-27,sold
1207,2019-09-27,sold
1208,2019-09-27,sold
1209,2019-09-27,sold
1210,2019-09-28,sold
1211,2019-09-28,sold
1212,2019-09-28,sold
1213,2019-09-28,sold
1214,2019-09-28,sold
1215,2019-09-28,defective
1216,2019-09-28,sold
1217,2019-09-28,sold
1218,2019-09-28,sold
1219,2019-09-29,sold
1220,2019-09-29,sold
1221,2019-09-29,sold
1222,2019-09-29,sold
1223,2019-09-29,sold
1224,2019-09-29,sold
1225,2019-09-29,sold
1226,2019-09-29,sold
1227,2019-09-29,sold
1228,2019-09-30,sold
1229,2019-09-30,sold
1230,2019-09-30,sold
1231,2019-09-30,sold
1232,2019-09-30,sold
1233,2019-09-30,sold
1234,2019-09-30,sold
1235,2019-09-30,sold
1236,2019-09-30,sold
1237,2019-10-01,sold
1238,2019-10-01,sold
1239,2019-10-01,sold
1240,2019-10-01,sold
1241,2019-10-01,sold
1242,2019-10-01,sold
1243,2019-10-01,sold
1244,2019-10-01,sold
1245,2019-10-01,sold
1246,2019-10-02,sold
1247,2019-10-02,sold
1248,2019-10-02,sold
1249,2019-10-02,sold
1250,2019-10-02,sold
1251,2019-10-02,sold
1252,2019-10-02,sold
1253,2019-10-02,sold
1254,2019-10-02,sold
1255,2019-10-03,sold
1256,2019-10-03,sold
1257,2019-10-03,sold
1258,2019-10-03,sold
1259,2019-10-03,sold
1260,2019-10-03,sold
1261,2019-10-03,sold
1262,2019-10-03,sold
1263,2019-10-03,sold
1264,2019-10-04,sold
1265,2019-10-04,sold
1266,2019-10-04,sold
1267,2019-10-04,sold
1268,2019-10-04,sold
1269,2019-10-04,sold
1270,2019-10-04,sold
1271,2019-10-04,sold
1272,2019-10-04,sold
1273,2019-10-05,sold
1274,2019-10-05,sold
1275,2019-10-05,sold
1276,2019-10-05,sold
1277,2019-10-05,sold
1278,2019-10-05,sold
1279,2019-10-05,sold
1280,2019-10-05,sold
1281,2019-10-05,sold
1282,2019-10-06,sold
1283,2019-10-06,sold
1284,2019-10-06,sold
1285,2019-10-06,sold
1286,2019-10-06,sold
1287,2019-10-06,sold
1288,2019-10-06,sold
1289,2019-10-06,sold
1290,2019-10-06,sold
1291,2019-10-07,sold
1292,2019-10-07,sold
1293,2019-10-07,sold
1294,2019-10-07,sold
1295,2019-10-07,sold
1296,2019-10-07,sold
1297,2019-10-07,sold
1298,2019-10-07,sold
1299,2019-10-07,sold
1300,2019-10-08,sold
1301,2019-10-08,sold
1302,2019-10-08,sold
1303,2019-10-08,sold
1304,2019-10-08,sold
1305,2019-10-08,sold
1306,2019-10-08,sold
1307,2019-10-08,sold
1308,2019-10-08,sold
1309,2019-10-09,sold
1310,2019-10-09,sold
1311,2019-10-09,sold
1312,2019-10-09,sold
1313,2019-10-09,sold
1314,2019-10-09,sold
1315,2019-10-09,sold
1316,2019-10-09,sold
1317,2019-10-09,sold
1318,2019-10-10,sold
1319,2019-10-10,sold
1320,2019-10-10,sold
1321,2019-10-10,sold
1322,2019-10-10,sold
1323,2019-10-10,sold
1324,2019-10-10,sold
1325,2019-10-10,sold
1326,2019-10-10,sold
1327,2019-10-11,sold
1328,2019-10-11,sold
1329,2019-10-11,sold
1330,2019-10-11,sold
1331,2019-10-11,sold
1332,2019-10-11,sold
1333,2019-10-11,sold
1334,2019-10-11,sold
1335,2019-10-11,sold
1336,2019-10-12,sold
1337,2019-10-12,sold
1338,2019-10-12,sold
1339,2019-10-12,sold
1340,2019-10-12,sold
1341,2019-10-12,sold
1342,2019-10-12,sold
1343,2019-10-12,sold
1344,2019-10-12,sold
1345,2019-10-13,sold
1346,2019-10-13,sold
1347,2019-10-13,sold
1348,2019-10-13,sold
1349,2019-10-13,sold
1350,2019-10-13,sold
1351,2019-10-13,sold
1352,2019-10-13,sold
1353,2019-10-13,sold
1354,2019-10-14,sold
1355,2019-10-14,sold
1356,2019-10-14,sold
1357,2019-10-14,sold
1358,2019-10-14,sold
1359,2019-10-14,sold
1360,2019-10-14,sold
1361,2019-10-14,sold
1362,2019-10-14,sold
1363,2019-10-15,sold
1364,2019-10-15,sold
1365,2019-10-15,sold
1366,2019-10-15,sold
1367,2019-10-15,sold
1368,2019-10-15,sold
1369,2019-10-15,sold
1370,2019-10-15,sold
1371,2019-10-15,sold
1372,2019-10-16,sold
1373,2019-10-16,sold
1374,2019-10-16,sold
1375,2019-10-16,sold
1376,2019-10-16,sold
1377,2019-10-16,sold
1378,2019-10-16,sold
1379,2019-10-16,sold
1380,2019-10-16,sold
1381,2019-10-17,sold
1382,2019-10-17,sold
1383,2019-10-17,sold
1384,2019-10-17,sold
1385,2019-10-17,sold
1386,2019-10-17,sold
1387,2019-10-17,sold
1388,2019-10-17,sold
1389,2019-10-17,sold
1390,2019-10-18,sold
1391,2019-10-18,sold
1392,2019-10-18,sold
1393,2019-10-18,sold
1394,2019-10-18,sold
1395,2019-10-18,sold
1396,2019-10-18,sold
1397,2019-10-18,sold
1398,2019-10-18,sold
1399,2019-10-19,sold
1400,2019-10-19,sold
1401,2019-10-19,sold
1402,2019-10-19,sold
1403,2019-10-19,sold
1404,2019-10-19,sold
1405,2019-10-19,sold
1406,2019-10-19,sold
1407,2019-10-19,sold
1408,2019-10-20,sold
1409,2019-10-20,sold
1410,2019-10-20,sold
1411,2019-10-20,sold
1412,2019-10-20,sold
1413,2019-10-20,sold
1414,2019-10-20,sold
1415,2019-10-20,sold
1416,2019-10-20,sold
1417,2019-10-21,sold
1418,2019-10-21,sold
1419,2019-10-21,sold
1420,2019-10-21,sold
1421,2019-10-21,sold
1422,2019-10-21,sold
1423,2019-10-21,sold
1424,2019-10-21,sold
1425,2019-10-21,sold
1426,2019-10-22,sold
1427,2019-10-22,sold
1428,2019-10-22,sold
1429,2019-10-22,sold
1430,2019-10-22,sold
1431,2019-10-22,sold
1432,2019-10-22,sold
1433,2019-10-22,sold
1434,2019-10-22,sold
1435,2019-10-23,sold
1436,2019-10-23,sold
1437,2019-10-23,sold
1438,2019-10-23,sold
1439,2019-10-23,sold
1440,2019-10-23,sold
1441,2019-10-23,sold
1442,2019-10-23,sold
1443,2019-10-23,sold
1444,2019-10-24,sold
1445,2019-10-24,sold
1446,2019-10-24,sold
1447,2019-10-24,sold
1448,2019-10-24,sold
1449,2019-10-24,sold
1450,2019-10-24,sold
1451,2019-10-24,sold
1452,2019-10-24,sold
1453,2019-10-25,sold
1454,2019-10-25,sold
1455,2019-10-25,sold
1456,2019-10-25,sold
1457,2019-10-25,sold
1458,2019-10-25,sold
1459,2019-10-25,sold
1460,2019-10-25,sold
1461,2019-10-25,sold
1462,2019-10-26,sold
1463,2019-10-26,sold
1464,2019-10-26,sold
1465,2019-10-26,sold
1466,2019-10-26,sold
1467,2019-10-26,sold
1468,2019-10-26,sold
1469,2019-10-26,sold
1470,2019-10-26,sold
1471,2019-10-27,sold
1472,2019-10-27,sold
1473,2019-10-27,sold
1474,2019-10-27,sold
1475,2019-10-27,sold
1476,2019-10-27,sold
1477,2019-10-27,sold
1478,2019-10-27,sold
1479,2019-10-27,sold
1480,2019-10-28,sold
1481,2019-10-28,sold
1482,2019-10-28,sold
1483,2019-10-28,sold
1484,2019-10-28,sold
1485,2019-10-28,sold
1486,2019-10-28,sold
1487,2019-10-28,sold
1488,2019-10-28,sold
1489,2019-10-29,sold
1490,2019-10-29,sold
1491,2019-10-29,sold
1492,2019-10-29,sold
1493,2019-10-29,sold
1494,2019-10-29,sold
1495,2019-10-29,sold
1496,2019-10-29,sold
1497,2019-10-29,sold
1498,2019-10-30,sold
1499,2019-10-30,sold
1500,2019-10-30,sold
1501,2019-10-30,sold
1502,2019-10-30,sold
1503,2019-10-30,sold
1504,2019-10-30,sold
1505,2019-10-30,defective
1506,2019-10-30,sold
1507,2019-10-31,sold
1508,2019-10-31,sold
1509,2019-10-31,sold
1510,2019-10-31,sold
1511,2019-10-31,sold
1512,2019-10-31,sold
1513,2019-10-31,sold
1514,2019-10-31,sold
1515,2019-10-31,sold
1516,2019-11-01,sold
1517,2019-11-01,sold
1518,2019-11-01,sold
1519,2019-11-01,sold
1520,2019-11-01,sold
1521,2019-11-01,sold
1522,2019-11-01,sold
1523,2019-11-01,sold
1524,2019-11-01,sold
1525,2019-11-02,sold
1526,2019-11-02,defective
1527,2019-11-02,sold
1528,2019-11-02,sold
1529,2019-11-02,sold
1530,2019-11-02,sold
1531,2019-11-02,sold
1532,2019-11-02,sold
1533,2019-11-02,sold
1534,2019-11-03,sold
1535,2019-11-03,sold
1536,2019-11-03,sold
1537,2019-11-03,sold
1538,2019-11-03,sold
1539,2019-11-03,sold
1540,2019-11-03,sold
1541,2019-11-03,sold
1542,2019-11-03,sold
1543,2019-11-04,sold
1544,2019-11-04,sold
1545,2019-11-04,sold
1546,2019-11-04,sold
1547,2019-11-04,sold
1548,2019-11-04,sold
1549,2019-11-04,sold
1550,2019-11-04,sold
1551,2019-11-04,sold
1552,2019-11-05,sold
1553,2019-11-05,sold
1554,2019-11-05,sold
1555,2019-11-05,sold
1556,2019-11-05,sold
1557,2019-11-05,sold
1558,2019-11-05,sold
1559,2019-11-05,sold
1560,2019-11-05,sold
1561,2019-11-06,sold
1562,2019-11-06,sold
1563,2019-11-06,sold
1564,2019-11-06,sold
1565,2019-11-06,sold
1566,2019-11-06,sold
1567,2019-11-06,sold
1568,2019-11-06,sold
1569,2019-11-06,sold
1570,2019-11-07,sold
1571,2019-11-07,sold
1572,2019-11-07,sold
1573,2019-11-07,sold
1574,2019-11-07,sold
1575,2019-11-07,sold
1576,2019-11-07,sold
1577,2019-11-07,sold
1578,2019-11-07,sold
1579,2019-11-08,sold
1580,2019-11-08,sold
1581,2019-11-08,defective
1582,2019-11-08,sold
1583,2019-11-08,sold
1584,2019-11-08,sold
1585,2019-11-08,sold
1586,2019-11-08,sold
1587,2019-11-08,sold
1588,2019-11-09,sold
1589,2019-11-09,sold
1590,2019-11-09,sold
1591,2019-11-09,sold
1592,2019-11-09,sold
1593,2019-11-09,sold
1594,2019-11-09,sold
1595,2019-11-09,sold
1596,2019-11-09,sold
1597,2019-11-10,sold
1598,2019-11-10,sold
1599,2019-11-10,sold
1600,2019-11-10,sold
1601,2019-11-10,sold
1602,2019-11-10,sold
1603,2019-11-10,sold
1604,2019-11-10,sold
1605,2019-11-10,sold
1606,2019-11-11,sold
1607,2019-11-11,sold
1608,2019-11-11,sold
1609,2019-11-11,sold
1610,2019-11-11,sold
1611,2019-11-11,sold
1612,2019-11-11,sold
1613,2019-11-11,sold
1614,2019-11-11,sold
1615,2019-11-12,sold
1616,2019-11-12,sold
1617,2019-11-12,sold
1618,2019-11-12,sold
1619,2019-11-12,sold
1620,2019-11-12,sold
1621,2019-11-12,sold
1622,2019-11-12,sold
1623,2019-11-12,sold
1624,2019-11-13,sold
1625,2019-11-13,sold
1626,2019-11-13,sold
1627,2019-11-13,sold
1628,2019-11-13,sold
1629,2019-11-13,sold
1630,2019-11-13,sold
1631,2019-11-13,sold
1632,2019-11-13,sold
1633,2019-11-14,sold
1634,2019-11-14,sold
1635,2019-11-14,sold
1636,2019-11-14,sold
1637,2019-11-14,sold
1638,2019-11-14,sold
1639,2019-11-14,sold
1640,2019-11-14,sold
1641,2019-11-14,sold
1642,2019-11-15,sold
1643,2019-11-15,sold
1644,2019-11-15,sold
1645,2019-11-15,sold
1646,2019-11-15,sold
1647,2019-11-15,sold
1648,2019-11-15,sold
1649,2019-11-15,sold
1650,2019-11-15,sold
1651,2019-11-16,sold
1652,2019-11-16,sold
1653,2019-11-16,sold
1654,2019-11-16,sold
1655,2019-11-16,sold
1656,2019-11-16,sold
1657,2019-11-16,sold
1658,2019-11-16,sold
1659,2019-11-16,sold
1660,2019-11-17,sold
1661,2019-11-17,sold
1662,2019-11-17,sold
1663,2019-11-17,sold
1664,2019-11-17,sold
1665,2019-11-17,sold
1666,2019-11-17,sold
1667,2019-11-17,sold
1668,2019-11-17,sold
1669,2019-11-18,sold
1670,2019-11-18,sold
1671,2019-11-18,sold
1672,2019-11-18,sold
1673,2019-11-18,sold
1674,2019-11-18,sold
1675,2019-11-18,sold
1676,2019-11-18,sold
1677,2019-11-18,sold
1678,2019-11-19,sold
1679,2019-11-19,sold
1680,2019-11-19,sold
1681,2019-11-19,sold
1682,2019-11-19,sold
1683,2019-11-19,sold
1684,2019-11-19,defective
1685,2019-11-19,sold
1686,2019-11-19,sold
1687,2019-11-20,sold
1688,2019-11-20,sold
1689,2019-11-20,sold
1690,2019-11-20,sold
1691,2019-11-20,sold
1692,2019-11-20,sold
1693,2019-11-20,sold
1694,2019-11-20,sold
1695,2019-11-20,sold
1696,2019-11-21,sold
1697,2019-11-21,sold
1698,2019-11-21,sold
1699,2019-11-21,sold
1700,2019-11-21,sold
1701,2019-11-21,sold
1702,2019-11-21,sold
1703,2019-11-21,sold
1704,2019-11-21,sold
1705,2019-11-22,sold
1706,2019-11-22,sold
1707,2019-11-22,sold
1708,2019-11-22,sold
1709,2019-11-22,sold
1710,2019-11-22,sold
1711,2019-11-22,sold
1712,2019-11-22,sold
1713,2019-11-22,sold
1714,2019-11-23,sold
1715,2019-11-23,sold
1716,2019-11-23,sold
1717,2019-11-23,sold
1718,2019-11-23,sold
1719,2019-11-23,sold
1720,2019-11-23,sold
1721,2019-11-23,sold
1722,2019-11-23,sold
1723,2019-11-24,sold
1724,2019-11-24,sold
1725,2019-11-24,sold
1726,2019-11-24,sold
1727,2019-11-24,sold
1728,2019-11-24,sold
1729,2019-11-24,sold
1730,2019-11-24,sold
1731,2019-11-24,sold
1732,2019-11-25,sold
1733,2019-11-25,sold
1734,2019-11-25,sold
1735,2019-11-25,sold
1736,2019-11-25,sold
1737,2019-11-25,sold
1738,2019-11-25,sold
1739,2019-11-25,sold
1740,2019-11-25,sold
1741,2019-11-26,sold
1742,2019-11-26,sold
1743,2019-11-26,sold
1744,2019-11-26,sold
1745,2019-11-26,sold
1746,2019-11-26,sold
1747,2019-11-26,sold
1748,2019-11-26,sold
1749,2019-11-26,sold
1750,2019-11-27,sold
1751,2019-11-27,sold
1752,2019-11-27,sold
1753,2019-11-27,sold
1754,2019-11-27,sold
1755,2019-11-27,sold
1756,2019-11-27,sold
1757,2019-11-27,sold
1758,2019-11-27,sold
1759,2019-11-28,sold
1760,2019-11-28,sold
1761,2019-11-28,sold
1762,2019-11-28,sold
1763,2019-11-28,sold
1764,2019-11-28,sold
1765,2019-11-28,sold
1766,2019-11-28,sold
1767,2019-11-28,sold
1768,2019-11-29,sold
1769,2019-11-29,sold
1770,2019-11-29,sold
1771,2019-11-29,sold
1772,2019-11-29,sold
1773,2019-11-29,sold
1774,2019-11-29,sold
1775,2019-11-29,sold
1776,2019-11-29,sold
1777,2019-11-30,sold
1778,2019-11-30,sold
1779,2019-11-30,sold
1780,2019-11-30,defective
1781,2019-11-30,sold
1782,2019-11-30,sold
1783,2019-11-30,sold
1784,2019-11-30,sold
1785,2019-11-30,sold
1786,2019-12-01,sold
1787,2019-12-01,sold
1788,2019-12-01,sold
1789,2019-12-01,sold
1790,2019-12-01,sold
1791,2019-12-01,sold
1792,2019-12-01,sold
1793,2019-12-01,sold
1794,2019-12-01,sold
1795,2019-12-02,sold
1796,2019-12-02,sold
1797,2019-12-02,sold
1798,2019-12-02,sold
1799,2019-12-02,sold
1800,2019-12-02,sold
1801,2019-12-02,defective
1802,2019-12-02,sold
1803,2019-12-02,sold
1804,2019-12-03,sold
1805,2019-12-03,sold
1806,2019-12-03,sold
1807,2019-12-03,sold
1808,2019-12-03,sold
1809,2019-12-03,sold
1810,2019-12-03,sold
1811,2019-12-03,sold
1812,2019-12-03,sold
1813,2019-12-04,sold
1814,2019-12-04,sold
1815,2019-12-04,sold
1816,2019-12-04,defective
1817,2019-12-04,sold
1818,2019-12-04,sold
1819,2019-12-04,sold
1820,2019-12-04,sold
1821,2019-12-04,sold
1822,2019-12-05,sold
1823,2019-12-05,sold
1824,2019-12-05,sold
1825,2019-12-05,sold
1826,2019-12-05,sold
1827,2019-12-05,sold
1828,2019-12-05,sold
1829,2019-12-05,sold
1830,2019-12-05,sold
1831,2019-12-06,sold
1832,2019-12-06,sold
1833,2019-12-06,sold
1834,2019-12-06,sold
1835,2019-12-06,sold
1836,2019-12-06,sold
1837,2019-12-06,sold
1838,2019-12-06,sold
1839,2019-12-06,sold
1840,2019-12-07,sold
1841,2019-12-07,sold
1842,2019-12-07,sold
1843,2019-12-07,sold
1844,2019-12-07,sold
1845,2019-12-07,sold
1846,2019-12-07,sold
1847,2019-12-07,sold
1848,2019-12-07,sold
1849,2019-12-08,sold
1850,2019-12-08,sold
1851,2019-12-08,sold
1852,2019-12-08,sold
1853,2019-12-08,sold
1854,2019-12-08,sold
1855,2019-12-08,sold
1856,2019-12-08,sold
1857,2019-12-08,sold
1858,2019-12-09,sold
1859,2019-12-09,sold
1860,2019-12-09,sold
1861,2019-12-09,sold
1862,2019-12-09,sold
1863,2019-12-09,sold
1864,2019-12-09,sold
1865,2019-12-09,sold
1866,2019-12-09,sold
1867,2019-12-10,sold
1868,2019-12-10,sold
1869,2019-12-10,sold
1870,2019-12-10,sold
1871,2019-12-10,sold
1872,2019-12-10,sold
1873,2019-12-10,sold
1874,2019-12-10,sold
1875,2019-12-10,sold
1876,2019-12-11,sold
1877,2019-12-11,sold
1878,2019-12-11,sold
1879,2019-12-11,sold
1880,2019-12-11,sold
1881,2019-12-11,sold
1882,2019-12-11,sold
1883,2019-12-11,sold
1884,2019-12-11,sold
1885,2019-12-12,sold
1886,2019-12-12,sold
1887,2019-12-12,sold
1888,2019-12-12,sold
1889,2019-12-12,sold
1890,2019-12-12,sold
1891,2019-12-12,sold
1892,2019-12-12,sold
1893,2019-12-12,sold
1894,2019-12-13,sold
1895,2019-12-13,sold
1896,2019-12-13,sold
1897,2019-12-13,sold
1898,2019-12-13,sold
1899,2019-12-13,sold
1900,2019-12-13,sold
1901,2019-12-13,sold
1902,2019-12-13,sold
1903,2019-12-14,sold
1904,2019-12-14,sold
1905,2019-12-14,defective
1906,2019-12-14,sold
1907,2019-12-14,sold
1908,2019-12-14,sold
1909,2019-12-14,sold
1910,2019-12-14,sold
1911,2019-12-14,sold
1912,2019-12-15,sold
1913,2019-12-15,sold
1914,2019-12-15,sold
1915,2019-12-15,sold
1916,2019-12-15,sold
1917,2019-12-15,sold
1918,2019-12-15,sold
1919,2019-12-15,sold
1920,2019-12-15,sold
1921,2019-12-16,sold
1922,2019-12-16,sold
1923,2019-12-16,sold
1924,2019-12-16,defective
1925,2019-12-16,sold
1926,2019-12-16,sold
1927,2019-12-16,sold
1928,2019-12-16,sold
1929,2019-12-16,sold
1930,2019-12-17,sold
1931,2019-12-17,sold
1932,2019-12-17,sold
1933,2019-12-17,sold
1934,2019-12-17,sold
1935,2019-12-17,sold
1936,2019-12-17,sold
1937,2019-12-17,sold
1938,2019-12-17,sold
1939,2019-12-18,sold
1940,2019-12-18,sold
1941,2019-12-18,sold
1942,2019-12-18,sold
1943,2019-12-18,sold
1944,2019-12-18,sold
1945,2019-12-18,defective
1946,2019-12-18,sold
1947,2019-12-18,sold
1948,2019-12-19,sold
1949,2019-12-19,sold
1950,2019-12-19,sold
1951,2019-12-19,sold
1952,2019-12-19,sold
1953,2019-12-19,sold
1954,2019-12-19,sold
1955,2019-12-19,sold
1956,2019-12-19,sold
1957,2019-12-20,sold
1958,2019-12-20,sold
1959,2019-12-20,sold
1960,2019-12-20,sold
1961,2019-12-20,sold
1962,2019-12-20,sold
1963,2019-12-20,sold
1964,2019-12-20,sold
1965,2019-12-20,sold
1966,2019-12-21,sold
1967,2019-12-21,sold
1968,2019-12-21,sold
1969,2019-12-21,sold
1970,2019-12-21,sold
1971,2019-12-21,sold
1972,2019-12-21,sold
1973,2019-12-21,sold
1974,2019-12-21,sold
1975,2019-12-22,sold
1976,2019-12-22,sold
1977,2019-12-22,sold
1978,2019-12-22,sold
1979,2019-12-22,sold
1980,2019-12-22,sold
1981,2019-12-22,sold
1982,2019-12-22,sold
1983,2019-12-22,sold
1984,2019-12-23,sold
1985,2019-12-23,sold
1986,2019-12-23,sold
1987,2019-12-23,sold
1988,2019-12-23,sold
1989,2019-12-23,sold
1990,2019-12-23,sold
1991,2019-12-23,sold
1992,2019-12-23,sold
1993,2019-12-24,sold
1994,2019-12-24,sold
1995,2019-12-24,sold
1996,2019-12-24,sold
1997,2019-12-24,sold
1998,2019-12-24,sold
1999,2019-12-24,sold
2000,2019-12-24,sold
2001,2019-12-24,sold
2002,2019-12-25,sold
2003,2019-12-25,sold
2004,2019-12-25,sold
2005,2019-12-25,sold
2006,2019-12-25,sold
2007,2019-12-25,sold
2008,2019-12-25,sold
2009,2019-12-25,sold
2010,2019-12-25,sold
2011,2019-12-26,sold
2012,2019-12-26,sold
2013,2019-12-26,sold
2014,2019-12-26,sold
2015,2019-12-26,sold
2016,2019-12-26,sold
2017,2019-12-26,sold
2018,2019-12-26,sold
2019,2019-12-26,sold
2020,2019-12-27,sold
2021,2019-12-27,sold
2022,2019-12-27,sold
2023,2019-12-27,sold
2024,2019-12-27,sold
2025,2019-12-27,sold
2026,2019-12-27,sold
2027,2019-12-27,sold
2028,2019-12-27,sold
2029,2019-12-28,sold
2030,2019-12-28,sold
2031,2019-12-28,sold
2032,2019-12-28,sold
2033,2019-12-28,sold
2034,2019-12-28,sold
2035,2019-12-28,sold
2036,2019-12-28,sold
2037,2019-12-28,sold
2038,2019-12-29,sold
2039,2019-12-29,sold
2040,2019-12-29,sold
2041,2019-12-29,sold
2042,2019-12-29,sold
2043,2019-12-29,sold
2044,2019-12-29,sold
2045,2019-12-29,sold
2046,2019-12-29,sold
2047,2019-12-30,sold
2048,2019-12-30,sold
2049,2019-12-30,sold
2050,2019-12-30,sold
2051,2019-12-30,sold
2052,2019-12-30,sold
2053,2019-12-30,sold
2054,2019-12-30,sold
2055,2019-12-30,sold
2056,2019-12-31,sold
2057,2019-12-31,sold
2058,2019-12-31,sold
2059,2019-12-31,sold
2060,2019-12-31,sold
2061,2019-12-31,sold
2062,2019-12-31,sold
2063,2019-12-31,sold
2064,2019-12-31,sold
2065,2020-01-01,sold
2066,2020-01-01,sold
2067,2020-01-01,sold
2068,2020-01-01,sold
2069,2020-01-01,sold
2070,2020-01-01,sold
2071,2020-01-01,sold
2072,2020-01-01,sold
2073,2020-01-01,sold
2074,2020-01-02,sold
2075,2020-01-02,sold
2076,2020-01-02,sold
2077,2020-01-02,sold
2078,2020-01-02,sold
2079,2020-01-02,sold
2080,2020-01-02,sold
2081,2020-01-02,sold
2082,2020-01-02,sold
2083,2020-01-03,sold
2084,2020-01-03,sold
2085,2020-01-03,sold
2086,2020-01-03,sold
2087,2020-01-03,sold
2088,2020-01-03,sold
2089,2020-01-03,sold
2090,2020-01-03,sold
2091,2020-01-03,sold
2092,2020-01-04,sold
2093,2020-01-04,sold
2094,2020-01-04,sold
2095,2020-01-04,sold
2096,2020-01-04,sold
2097,2020-01-04,sold
2098,2020-01-04,sold
2099,2020-01-04,sold
2100,2020-01-04,sold
2101,2020-01-05,sold
2102,2020-01-05,sold
2103,2020-01-05,sold
2104,2020-01-05,sold
2105,2020-01-05,sold
2106,2020-01-05,sold
2107,2020-01-05,sold
2108,2020-01-05,sold
2109,2020-01-05,sold
2110,2020-01-06,sold
2111,2020-01-06,sold
2112,2020-01-06,sold
2113,2020-01-06,sold
2114,2020-01-06,sold
2115,2020-01-06,sold
2116,2020-01-06,sold
2117,2020-01-06,sold
2118,2020-01-06,sold
2119,2020-01-07,sold
2120,2020-01-07,sold
2121,2020-01-07,sold
2122,2020-01-07,sold
2123,2020-01-07,sold
2124,2020-01-07,sold
2125,2020-01-07,sold
2126,2020-01-07,sold
2127,2020-01-07,sold
2128,2020-01-08,sold
2129,2020-01-08,sold
2130,2020-01-08,sold
2131,2020-01-08,sold
2132,2020-01-08,sold
2133,2020-01-08,sold
2134,2020-01-08,sold
2135,2020-01-08,sold
2136,2020-01-08,sold
2137,2020-01-09,sold
2138,2020-01-09,sold
2139,2020-01-09,sold
2140,2020-01-09,sold
2141,2020-01-09,sold
2142,2020-01-09,sold
2143,2020-01-09,sold
2144,2020-01-09,sold
2145,2020-01-09,sold
2146,2020-01-10,sold
2147,2020-01-10,sold
2148,2020-01-10,sold
2149,2020-01-10,sold
2150,2020-01-10,sold
2151,2020-01-10,sold
2152,2020-01-10,sold
2153,2020-01-10,sold
2154,2020-01-10,sold
2155,2020-01-11,sold
2156,2020-01-11,sold
2157,2020-01-11,sold
2158,2020-01-11,defective
2159,2020-01-11,sold
2160,2020-01-11,sold
2161,2020-01-11,sold
2162,2020-01-11,sold
2163,2020-01-11,sold
2164,2020-01-12,sold
2165,2020-01-12,sold
2166,2020-01-12,sold
2167,2020-01-12,sold
2168,2020-01-12,sold
2169,2020-01-12,sold
2170,2020-01-12,sold
2171,2020-01-12,sold
2172,2020-01-12,sold
2173,2020-01-13,sold
2174,2020-01-13,sold
2175,2020-01-13,sold
2176,2020-01-13,sold
2177,2020-01-13,sold
2178,2020-01-13,sold
2179,2020-01-13,sold
2180,2020-01-13,sold
2181,2020-01-13,sold
2182,2020-01-14,defective
2183,2020-01-14,sold
2184,2020-01-14,sold
2185,2020-01-14,sold
2186,2020-01-14,sold
2187,2020-01-14,sold
2188,2020-01-14,sold
2189,2020-01-14,sold
2190,2020-01-14,sold
2191,2020-01-15,sold
2192,2020-01-15,sold
2193,2020-01-15,sold
2194,2020-01-15,sold
2195,2020-01-15,sold
2196,2020-01-15,sold
2197,2020-01-15,sold
2198,2020-01-15,sold
2199,2020-01-15,sold
2200,2020-01-16,sold
2201,2020-01-16,sold
2202,2020-01-16,sold
2203,2020-01-16,sold
2204,2020-01-16,sold
2205,2020-01-16,sold
2206,2020-01-16,sold
2207,2020-01-16,sold
2208,2020-01-16,sold
2209,2020-01-17,sold
2210,2020-01-17,sold
2211,2020-01-17,sold
2212,2020-01-17,sold
2213,2020-01-17,sold
2214,2020-01-17,sold
2215,2020-01-17,sold
2216,2020-01-17,sold
2217,2020-01-17,sold
2218,2020-01-18,sold
2219,2020-01-18,sold
2220,2020-01-18,sold
2221,2020-01-18,sold
2222,2020-01-18,sold
2223,2020-01-18,sold
2224,2020-01-18,sold
2225,2020-01-18,sold
2226,2020-01-18,sold
2227,2020-01-19,sold
2228,2020-01-19,sold
2229,2020-01-19,sold
2230,2020-01-19,sold
2231,2020-01-19,sold
2232,2020-01-19,sold
2233,2020-01-19,sold
2234,2020-01-19,sold
2235,2020-01-19,sold
2236,2020-01-20,sold
2237,2020-01-20,sold
2238,2020-01-20,sold
2239,2020-01-20,sold
2240,2020-01-20,sold
2241,2020-01-20,sold
2242,2020-01-20,sold
2243,2020-01-20,sold
2244,2020-01-20,sold
2245,2020-01-21,sold
2246,2020-01-21,sold
2247,2020-01-21,sold
2248,2020-01-21,sold
2249,2020-01-21,sold
2250,2020-01-21,sold
2251,2020-01-21,sold
2252,2020-01-21,sold
2253,2020-01-21,sold
2254,2020-01-22,sold
2255,2020-01-22,sold
2256,2020-01-22,sold
2257,2020-01-22,sold
2258,2020-01-22,sold
2259,2020-01-22,sold
2260,2020-01-22,sold
2261,2020-01-22,sold
2262,2020-01-22,sold
2263,2020-01-23,sold
2264,2020-01-23,sold
2265,2020-01-23,sold
2266,2020-01-23,sold
2267,2020-01-23,sold
2268,2020-01-23,sold
2269,2020-01-23,sold
2270,2020-01-23,sold
2271,2020-01-23,sold
2272,2020-01-24,sold
2273,2020-01-24,sold
2274,2020-01-24,sold
2275,2020-01-24,sold
2276,2020-01-24,sold
2277,2020-01-24,sold
2278,2020-01-24,sold
2279,2020-01-24,sold
2280,2020-01-24,sold
2281,2020-01-25,sold
2282,2020-01-25,sold
2283,2020-01-25,sold
2284,2020-01-25,sold
2285,2020-01-25,sold
2286,2020-01-25,sold
2287,2020-01-25,sold
2288,2020-01-25,sold
2289,2020-01-25,sold
2290,2020-01-26,sold
2291,2020-01-26,sold
2292,2020-01-26,sold
2293,2020-01-26,sold
2294,2020-01-26,sold
2295,2020-01-26,sold
2296,2020-01-26,sold
2297,2020-01-26,sold
2298,2020-01-26,sold
2299,2020-01-27,sold
2300,2020-01-27,sold
2301,2020-01-27,sold
2302,2020-01-27,sold
2303,2020-01-27,sold
2304,2020-01-27,defective
2305,2020-01-27,sold
2306,2020-01-27,sold
2307,2020-01-27,sold
2308,2020-01-28,sold
2309,2020-01-28,sold
2310,2020-01-28,sold
2311,2020-01-28,sold
2312,2020-01-28,sold
2313,2020-01-28,sold
2314,2020-01-28,sold
2315,2020-01-28,sold
2316,2020-01-28,sold
2317,2020-01-29,sold
2318,2020-01-29,sold
2319,2020-01-29,sold
2320,2020-01-29,sold
2321,2020-01-29,sold
2322,2020-01-29,sold
2323,2020-01-29,sold
2324,2020-01-29,sold
2325,2020-01-29,sold
2326,2020-01-30,sold
2327,2020-01-30,sold
2328,2020-01-30,sold
2329,2020-01-30,sold
2330,2020-01-30,sold
2331,2020-01-30,sold
2332,2020-01-30,sold
2333,2020-01-30,sold
2334,2020-01-30,sold
2335,2020-01-31,sold
2336,2020-01-31,sold
2337,2020-01-31,sold
2338,2020-01-31,sold
2339,2020-01-31,sold
2340,2020-01-31,sold
2341,2020-01-31,sold
2342,2020-01-31,sold
2343,2020-01-31,sold
2344,2020-02-01,sold
2345,2020-02-01,sold
2346,2020-02-01,sold
2347,2020-02-01,sold
2348,2020-02-01,sold
2349,2020-02-01,sold
2350,2020-02-01,sold
2351,2020-02-01,sold
2352,2020-02-01,sold
2353,2020-02-02,sold
2354,2020-02-02,sold
2355,2020-02-02,sold
2356,2020-02-02,sold
2357,2020-02-02,sold
2358,2020-02-02,sold
2359,2020-02-02,sold
2360,2020-02-02,sold
2361,2020-02-02,sold
2362,2020-02-03,sold
2363,2020-02-03,sold
2364,2020-02-03,sold
2365,2020-02-03,sold
2366,2020-02-03,sold
2367,2020-02-03,sold
2368,2020-02-03,sold
2369,2020-02-03,sold
2370,2020-02-03,sold
2371,2020-02-04,sold
2372,2020-02-04,sold
2373,2020-02-04,sold
2374,2020-02-04,sold
2375,2020-02-04,sold
2376,2020-02-04,sold
2377,2020-02-04,sold
2378,2020-02-04,sold
2379,2020-02-04,sold
2380,2020-02-05,sold
2381,2020-02-05,sold
2382,2020-02-05,sold
2383,2020-02-05,defective
2384,2020-02-05,sold
2385,2020-02-05,sold
2386,2020-02-05,sold
2387,2020-02-05,sold
2388,2020-02-05,sold
2389,2020-02-06,sold
2390,2020-02-06,sold
2391,2020-02-06,sold
2392,2020-02-06,sold
2393,2020-02-06,defective
2394,2020-02-06,sold
2395,2020-02-06,sold
2396,2020-02-06,sold
2397,2020-02-06,sold
2398,2020-02-07,sold
2399,2020-02-07,sold
2400,2020-02-07,sold
2401,2020-02-07,sold
2402,2020-02-07,sold
2403,2020-02-07,sold
2404,2020-02-07,sold
2405,2020-02-07,sold
2406,2020-02-07,sold
2407,2020-02-08,sold
2408,2020-02-08,sold
2409,2020-02-08,sold
2410,2020-02-08,sold
2411,2020-02-08,sold
2412,2020-02-08,sold
2413,2020-02-08,sold
2414,2020-02-08,sold
2415,2020-02-08,sold
2416,2020-02-09,sold
2417,2020-02-09,sold
2418,2020-02-09,sold
2419,2020-02-09,sold
2420,2020-02-09,sold
2421,2020-02-09,sold
2422,2020-02-09,sold
2423,2020-02-09,sold
2424,2020-02-09,sold
2425,2020-02-10,sold
2426,2020-02-10,sold
2427,2020-02-10,sold
2428,2020-02-10,sold
2429,2020-02-10,sold
2430,2020-02-10,sold
2431,2020-02-10,sold
2432,2020-02-10,sold
2433,2020-02-10,sold
2434,2020-02-11,sold
2435,2020-02-11,sold
2436,2020-02-11,sold
2437,2020-02-11,sold
2438,2020-02-11,sold
2439,2020-02-11,sold
2440,2020-02-11,sold
2441,2020-02-11,sold
2442,2020-02-11,sold
2443,2020-02-12,sold
2444,2020-02-12,sold
2445,2020-02-12,sold
2446,2020-02-12,sold
2447,2020-02-12,sold
2448,2020-02-12,sold
2449,2020-02-12,sold
2450,2020-02-12,sold
2451,2020-02-12,sold
2452,2020-02-13,sold
2453,2020-02-13,sold
2454,2020-02-13,sold
2455,2020-02-13,sold
2456,2020-02-13,sold
2457,2020-02-13,sold
2458,2020-02-13,sold
2459,2020-02-13,sold
2460,2020-02-13,sold
2461,2020-02-14,sold
2462,2020-02-14,sold
2463,2020-02-14,sold
2464,2020-02-14,sold
2465,2020-02-14,sold
2466,2020-02-14,sold
2467,2020-02-14,sold
2468,2020-02-14,sold
2469,2020-02-14,sold
2470,2020-02-15,sold
2471,2020-02-15,sold
2472,2020-02-15,sold
2473,2020-02-15,sold
2474,2020-02-15,sold
2475,2020-02-15,sold
2476,2020-02-15,sold
2477,2020-02-15,sold
2478,2020-02-15,sold
2479,2020-02-16,sold
2480,2020-02-16,sold
2481,2020-02-16,sold
2482,2020-02-16,sold
2483,2020-02-16,sold
2484,2020-02-16,sold
2485,2020-02-16,sold
2486,2020-02-16,sold
2487,2020-02-16,sold
2488,2020-02-17,sold
2489,2020-02-17,sold
2490,2020-02-17,sold
2491,2020-02-17,sold
2492,2020-02-17,sold
2493,2020-02-17,sold
2494,2020-02-17,sold
2495,2020-02-17,sold
2496,2020-02-17,sold
2497,2020-02-18,sold
2498,2020-02-18,sold
2499,2020-02-18,sold
2500,2020-02-18,sold
2501,2020-02-18,sold
2502,2020-02-18,sold
2503,2020-02-18,sold
2504,2020-02-18,sold
2505,2020-02-18,sold
2506,2020-02-19,sold
2507,2020-02-19,sold
2508,2020-02-19,sold
2509,2020-02-19,sold
2510,2020-02-19,sold
2511,2020-02-19,sold
2512,2020-02-19,sold
2513,2020-02-19,defective
2514,2020-02-19,sold
2515,2020-02-20,sold
2516,2020-02-20,sold
2517,2020-02-20,sold
2518,2020-02-20,sold
2519,2020-02-20,sold
2520,2020-02-20,sold
2521,2020-02-20,sold
2522,2020-02-20,sold
2523,2020-02-20,sold
2524,2020-02-21,sold
2525,2020-02-21,sold
2526,2020-02-21,sold
2527,2020-02-21,sold
2528,2020-02-21,sold
2529,2020-02-21,sold
2530,2020-02-21,sold
2531,2020-02-21,sold
2532,2020-02-21,sold
2533,2020-02-22,sold
2534,2020-02-22,sold
2535,2020-02-22,sold
2536,2020-02-22,sold
2537,2020-02-22,sold
2538,2020-02-22,sold
2539,2020-02-22,sold
2540,2020-02-22,sold
2541,2020-02-22,sold
2542,2020-02-23,sold
2543,2020-02-23,sold
2544,2020-02-23,sold
2545,2020-02-23,sold
2546,2020-02-23,sold
2547,2020-02-23,sold
2548,2020-02-23,sold
2549,2020-02-23,sold
2550,2020-02-23,sold
2551,2020-02-24,sold
2552,2020-02-24,sold
2553,2020-02-24,sold
2554,2020-02-24,sold
2555,2020-02-24,sold
2556,2020-02-24,sold
2557,2020-02-24,sold
2558,2020-02-24,sold
2559,2020-02-24,sold
2560,2020-02-25,sold
2561,2020-02-25,sold
2562,2020-02-25,sold
2563,2020-02-25,sold
2564,2020-02-25,sold
2565,2020-02-25,sold
2566,2020-02-25,sold
2567,2020-02-25,sold
2568,2020-02-25,sold
2569,2020-02-26,sold
2570,2020-02-26,sold
2571,2020-02-26,sold
2572,2020-02-26,sold
2573,2020-02-26,sold
2574,2020-02-26,sold
2575,2020-02-26,sold
2576,2020-02-26,sold
2577,2020-02-26,sold
2578,2020-02-27,sold
2579,2020-02-27,sold
2580,2020-02-27,sold
2581,2020-02-27,sold
2582,2020-02-27,sold
2583,2020-02-27,sold
2584,2020-02-27,sold
2585,2020-02-27,sold
2586,2020-02-27,sold
2587,2020-02-28,sold
2588,2020-02-28,sold
2589,2020-02-28,sold
2590,2020-02-28,sold
2591,2020-02-28,sold
2592,2020-02-28,sold
2593,2020-02-28,sold
2594,2020-02-28,sold
2595,2020-02-28,sold
2596,2020-02-29,sold
2597,2020-02-29,sold
2598,2020-02-29,sold
2599,2020-02-29,sold
2600,2020-02-29,sold
2601,2020-02-29,sold
2602,2020-02-29,sold
2603,2020-02-29,sold
2604,2020-02-29,sold
2605,2020-03-01,sold
2606,2020-03-01,sold
2607,2020-03-01,sold
2608,2020-03-01,sold
2609,2020-03-01,sold
2610,2020-03-01,sold
2611,2020-03-01,sold
2612,2020-03-01,sold
2613,2020-03-01,sold
2614,2020-03-02,sold
2615,2020-03-02,sold
2616,2020-03-02,sold
2617,2020-03-02,sold
2618,2020-03-02,sold
2619,2020-03-02,sold
2620,2020-03-02,sold
2621,2020-03-02,sold
2622,2020-03-02,sold
2623,2020-03-03,sold
2624,2020-03-03,sold
2625,2020-03-03,sold
2626,2020-03-03,defective
2627,2020-03-03,sold
2628,2020-03-03,sold
2629,2020-03-03,sold
2630,2020-03-03,sold
2631,2020-03-03,sold
2632,2020-03-04,sold
2633,2020-03-04,sold
2634,2020-03-04,sold
2635,2020-03-04,sold
2636,2020-03-04,sold
2637,2020-03-04,sold
2638,2020-03-04,sold
2639,2020-03-04,sold
2640,2020-03-04,sold
2641,2020-03-05,sold
2642,2020-03-05,sold
2643,2020-03-05,sold
2644,2020-03-05,sold
2645,2020-03-05,sold
2646,2020-03-05,sold
2647,2020-03-05,sold
2648,2020-03-05,sold
2649,2020-03-05,sold
2650,2020-03-06,sold
2651,2020-03-06,sold
2652,2020-03-06,sold
2653,2020-03-06,sold
2654,2020-03-06,sold
2655,2020-03-06,sold
2656,2020-03-06,sold
2657,2020-03-06,sold
2658,2020-03-06,sold
2659,2020-03-07,sold
2660,2020-03-07,sold
2661,2020-03-07,sold
2662,2020-03-07,sold
2663,2020-03-07,sold
2664,2020-03-07,sold
2665,2020-03-07,sold
2666,2020-03-07,sold
2667,2020-03-07,sold
2668,2020-03-08,sold
2669,2020-03-08,sold
2670,2020-03-08,sold
2671,2020-03-08,sold
2672,2020-03-08,sold
2673,2020-03-08,sold
2674,2020-03-08,sold
2675,2020-03-08,sold
2676,2020-03-08,sold
2677,2020-03-09,sold
2678,2020-03-09,sold
2679,2020-03-09,sold
2680,2020-03-09,sold
2681,2020-03-09,sold
2682,2020-03-09,sold
2683,2020-03-09,sold
2684,2020-03-09,sold
2685,2020-03-09,sold
2686,2020-03-10,sold
2687,2020-03-10,sold
2688,2020-03-10,sold
2689,2020-03-10,sold
2690,2020-03-10,sold
2691,2020-03-10,sold
2692,2020-03-10,sold
2693,2020-03-10,sold
2694,2020-03-10,sold
2695,2020-03-11,sold
2696,2020-03-11,sold
2697,2020-03-11,sold
2698,2020-03-11,sold
2699,2020-03-11,sold
2700,2020-03-11,sold
2701,2020-03-11,sold
2702,2020-03-11,sold
2703,2020-03-11,sold
2704,2020-03-12,sold
2705,2020-03-12,sold
2706,2020-03-12,sold
2707,2020-03-12,sold
2708,2020-03-12,sold
2709,2020-03-12,sold
2710,2020-03-12,sold
2711,2020-03-12,sold
2712,2020-03-12,sold
2713,2020-03-13,sold
2714,2020-03-13,sold
2715,2020-03-13,sold
2716,2020-03-13,sold
2717,2020-03-13,sold
2718,2020-03-13,sold
2719,2020-03-13,sold
2720,2020-03-13,sold
2721,2020-03-13,sold
2722,2020-03-14,sold
2723,2020-03-14,sold
2724,2020-03-14,sold
2725,2020-03-14,sold
2726,2020-03-14,sold
2727,2020-03-14,sold
2728,2020-03-14,sold
2729,2020-03-14,sold
2730,2020-03-14,sold
2731,2020-03-15,sold
2732,2020-03-15,sold
2733,2020-03-15,sold
2734,2020-03-15,sold
2735,2020-03-15,sold
2736,2020-03-15,sold
2737,2020-03-15,sold
2738,2020-03-15,sold
2739,2020-03-15,sold
2740,2020-03-16,sold
2741,2020-03-16,sold
2742,2020-03-16,sold
2743,2020-03-16,defective
2744,2020-03-16,sold
2745,2020-03-16,sold
2746,2020-03-16,sold
2747,2020-03-16,sold
2748,2020-03-16,sold
2749,2020-03-17,sold
2750,2020-03-17,sold
2751,2020-03-17,sold
2752,2020-03-17,sold
2753,2020-03-17,sold
2754,2020-03-17,sold
2755,2020-03-17,sold
2756,2020-03-17,sold
2757,2020-03-17,sold
2758,2020-03-18,sold
2759,2020-03-18,sold
2760,2020-03-18,sold
2761,2020-03-18,sold
2762,2020-03-18,sold
2763,2020-03-18,sold
2764,2020-03-18,sold
2765,2020-03-18,sold
2766,2020-03-18,sold
2767,2020-03-19,sold
2768,2020-03-19,sold
2769,2020-03-19,sold
2770,2020-03-19,sold
2771,2020-03-19,sold
2772,2020-03-19,sold
2773,2020-03-19,sold
2774,2020-03-19,sold
2775,2020-03-19,sold
2776,2020-03-20,sold
2777,2020-03-20,sold
2778,2020-03-20,sold
2779,2020-03-20,sold
2780,2020-03-20,sold
2781,2020-03-20,sold
2782,2020-03-20,sold
2783,2020-03-20,sold
2784,2020-03-20,sold
2785,2020-03-21,sold
2786,2020-03-21,sold
2787,2020-03-21,sold
2788,2020-03-21,sold
2789,2020-03-21,sold
2790,2020-03-21,sold
2791,2020-03-21,sold
2792,2020-03-21,sold
2793,2020-03-21,sold
2794,2020-03-22,sold
2795,2020-03-22,defective
2796,2020-03-22,sold
2797,2020-03-22,sold
2798,2020-03-22,sold
2799,2020-03-22,sold
2800,2020-03-22,sold
2801,2020-03-22,sold
2802,2020-03-22,sold
2803,2020-03-23,sold
2804,2020-03-23,sold
2805,2020-03-23,sold
2806,2020-03-23,sold
2807,2020-03-23,sold
2808,2020-03-23,sold
2809,2020-03-23,sold
2810,2020-03-23,sold
2811,2020-03-23,sold
2812,2020-03-24,sold
2813,2020-03-24,sold
2814,2020-03-24,sold
2815,2020-03-24,sold
2816,2020-03-24,sold
2817,2020-03-24,sold
2818,2020-03-24,sold
2819,2020-03-24,sold
2820,2020-03-24,sold
2821,2020-03-25,sold
2822,2020-03-25,sold
2823,2020-03-25,sold
2824,2020-03-25,sold
2825,2020-03-25,sold
2826,2020-03-25,sold
2827,2020-03-25,sold
2828,2020-03-25,sold
2829,2020-03-25,sold
2830,2020-03-26,sold
2831,2020-03-26,sold
2832,2020-03-26,sold
2833,2020-03-26,sold
2834,2020-03-26,sold
2835,2020-03-26,sold
2836,2020-03-26,sold
2837,2020-03-26,sold
2838,2020-03-26,sold
2839,2020-03-27,sold
2840,2020-03-27,sold
2841,2020-03-27,sold
2842,2020-03-27,sold
2843,2020-03-27,sold
2844,2020-03-27,sold
2845,2020-03-27,sold
2846,2020-03-27,sold
2847,2020-03-27,sold
2848,2020-03-28,defective
2849,2020-03-28,sold
2850,2020-03-28,sold
2851,2020-03-28,sold
2852,2020-03-28,sold
2853,2020-03-28,sold
2854,2020-03-28,sold
2855,2020-03-28,sold
2856,2020-03-28,defective
2857,2020-03-29,sold
2858,2020-03-29,sold
2859,2020-03-29,sold
2860,2020-03-29,sold
2861,2020-03-29,sold
2862,2020-03-29,sold
2863,2020-03-29,sold
2864,2020-03-29,sold
2865,2020-03-29,sold
2866,2020-03-30,sold
2867,2020-03-30,sold
2868,2020-03-30,sold
2869,2020-03-30,sold
2870,2020-03-30,sold
2871,2020-03-30,sold
2872,2020-03-30,sold
2873,2020-03-30,sold
2874,2020-03-30,sold
2875,2020-03-31,sold
2876,2020-03-31,sold
2877,2020-03-31,sold
2878,2020-03-31,sold
2879,2020-03-31,sold
2880,2020-03-31,sold
2881,2020-03-31,sold
2882,2020-03-31,sold
2883,2020-03-31,sold
2884,2020-04-01,sold
2885,2020-04-01,sold
2886,2020-04-01,sold
2887,2020-04-01,sold
2888,2020-04-01,sold
2889,2020-04-01,sold
2890,2020-04-01,sold
2891,2020-04-01,sold
2892,2020-04-01,sold
2893,2020-04-02,sold
2894,2020-04-02,sold
2895,2020-04-02,sold
2896,2020-04-02,sold
2897,2020-04-02,sold
2898,2020-04-02,sold
2899,2020-04-02,sold
2900,2020-04-02,sold
2901,2020-04-02,sold
2902,2020-04-03,sold
2903,2020-04-03,sold
2904,2020-04-03,sold
2905,2020-04-03,sold
2906,2020-04-03,sold
2907,2020-04-03,sold
2908,2020-04-03,sold
2909,2020-04-03,sold
2910,2020-04-03,sold
2911,2020-04-04,sold
2912,2020-04-04,sold
2913,2020-04-04,sold
2914,2020-04-04,sold
2915,2020-04-04,sold
2916,2020-04-04,sold
2917,2020-04-04,sold
2918,2020-04-04,sold
2919,2020-04-04,sold
2920,2020-04-05,sold
2921,2020-04-05,sold
2922,2020-04-05,defective
2923,2020-04-05,sold
2924,2020-04-05,sold
2925,2020-04-05,sold
2926,2020-04-05,sold
2927,2020-04-05,sold
2928,2020-04-05,sold
2929,2020-04-06,sold
2930,2020-04-06,sold
2931,2020-04-06,sold
2932,2020-04-06,sold
2933,2020-04-06,sold
2934,2020-04-06,sold
2935,2020-04-06,sold
2936,2020-04-06,sold
2937,2020-04-06,sold
2938,2020-04-07,sold
2939,2020-04-07,sold
2940,2020-04-07,sold
2941,2020-04-07,sold
2942,2020-04-07,sold
2943,2020-04-07,sold
2944,2020-04-07,sold
2945,2020-04-07,sold
2946,2020-04-07,sold
2947,2020-04-08,sold
2948,2020-04-08,sold
2949,2020-04-08,sold
2950,2020-04-08,sold
2951,2020-04-08,sold
2952,2020-04-08,sold
2953,2020-04-08,sold
2954,2020-04-08,sold
2955,2020-04-08,sold
2956,2020-04-09,sold
2957,2020-04-09,sold
2958,2020-04-09,sold
2959,2020-04-09,sold
2960,2020-04-09,sold
2961,2020-04-09,sold
2962,2020-04-09,sold
2963,2020-04-09,sold
2964,2020-04-09,sold
2965,2020-04-10,sold
2966,2020-04-10,sold
2967,2020-04-10,sold
2968,2020-04-10,sold
2969,2020-04-10,sold
2970,2020-04-10,sold
2971,2020-04-10,sold
2972,2020-04-10,sold
2973,2020-04-10,sold
2974,2020-04-11,sold
2975,2020-04-11,sold
2976,2020-04-11,sold
2977,2020-04-11,sold
2978,2020-04-11,sold
2979,2020-04-11,sold
2980,2020-04-11,sold
2981,2020-04-11,sold
2982,2020-04-11,sold
2983,2020-04-12,sold
2984,2020-04-12,sold
2985,2020-04-12,sold
2986,2020-04-12,sold
2987,2020-04-12,sold
2988,2020-04-12,sold
2989,2020-04-12,sold
2990,2020-04-12,sold
2991,2020-04-12,sold
2992,2020-04-13,sold
2993,2020-04-13,sold
2994,2020-04-13,sold
2995,2020-04-13,sold
2996,2020-04-13,sold
2997,2020-04-13,sold
2998,2020-04-13,sold
2999,2020-04-13,sold
3000,2020-04-13,sold
3001,2020-04-14,sold
3002,2020-04-14,sold
3003,2020-04-14,sold
3004,2020-04-14,sold
3005,2020-04-14,sold
3006,2020-04-14,defective
3007,2020-04-14,sold
3008,2020-04-14,sold
3009,2020-04-14,sold
3010,2020-04-15,sold
3011,2020-04-15,sold
3012,2020-04-15,sold
3013,2020-04-15,sold
3014,2020-04-15,sold
3015,2020-04-15,sold
3016,2020-04-15,sold
3017,2020-04-15,sold
3018,2020-04-15,sold
3019,2020-04-16,sold
3020,2020-04-16,sold
3021,2020-04-16,sold
3022,2020-04-16,sold
3023,2020-04-16,sold
3024,2020-04-16,sold
3025,2020-04-16,sold
3026,2020-04-16,sold
3027,2020-04-16,sold
3028,2020-04-17,sold
3029,2020-04-17,sold
3030,2020-04-17,sold
3031,2020-04-17,sold
3032,2020-04-17,sold
3033,2020-04-17,sold
3034,2020-04-17,sold
3035,2020-04-17,sold
3036,2020-04-17,sold
3037,2020-04-18,sold
3038,2020-04-18,sold
3039,2020-04-18,sold
3040,2020-04-18,sold
3041,2020-04-18,sold
3042,2020-04-18,sold
3043,2020-04-18,sold
3044,2020-04-18,sold
3045,2020-04-18,sold
3046,2020-04-19,sold
3047,2020-04-19,sold
3048,2020-04-19,sold
3049,2020-04-19,sold
3050,2020-04-19,sold
3051,2020-04-19,sold
3052,2020-04-19,sold
3053,2020-04-19,sold
3054,2020-04-19,sold
3055,2020-04-20,sold
3056,2020-04-20,sold
3057,2020-04-20,sold
3058,2020-04-20,sold
3059,2020-04-20,sold
3060,2020-04-20,sold
3061,2020-04-20,sold
3062,2020-04-20,sold
3063,2020-04-20,sold
3064,2020-04-21,sold
3065,2020-04-21,sold
3066,2020-04-21,sold
3067,2020-04-21,sold
3068,2020-04-21,sold
3069,2020-04-21,sold
3070,2020-04-21,sold
3071,2020-04-21,sold
3072,2020-04-21,sold
3073,2020-04-22,sold
3074,2020-04-22,sold
3075,2020-04-22,sold
3076,2020-04-22,sold
3077,2020-04-22,sold
3078,2020-04-22,sold
3079,2020-04-22,sold
3080,2020-04-22,sold
3081,2020-04-22,sold
3082,2020-04-23,sold
3083,2020-04-23,sold
3084,2020-04-23,sold
3085,2020-04-23,sold
3086,2020-04-23,sold
3087,2020-04-23,sold
3088,2020-04-23,sold
3089,2020-04-23,sold
3090,2020-04-23,sold
3091,2020-04-24,sold
3092,2020-04-24,sold
3093,2020-04-24,sold
3094,2020-04-24,sold
3095,2020-04-24,sold
3096,2020-04-24,sold
3097,2020-04-24,sold
3098,2020-04-24,sold
3099,2020-04-24,sold
3100,2020-04-25,sold
3101,2020-04-25,sold
3102,2020-04-25,sold
3103,2020-04-25,sold
3104,2020-04-25,sold
3105,2020-04-25,sold
3106,2020-04-25,sold
3107,2020-04-25,sold
3108,2020-04-25,sold
3109,2020-04-26,sold
3110,2020-04-26,sold
3111,2020-04-26,sold
3112,2020-04-26,sold
3113,2020-04-26,sold
3114,2020-04-26,sold
3115,2020-04-26,sold
3116,2020-04-26,sold
3117,2020-04-26,sold
3118,2020-04-27,sold
3119,2020-04-27,sold
3120,2020-04-27,sold
3121,2020-04-27,sold
3122,2020-04-27,sold
3123,2020-04-27,sold
3124,2020-04-27,sold
3125,2020-04-27,sold
3126,2020-04-27,sold
3127,2020-04-28,sold
3128,2020-04-28,defective
3129,2020-04-28,sold
3130,2020-04-28,sold
3131,2020-04-28,sold
3132,2020-04-28,sold
3133,2020-04-28,sold
3134,2020-04-28,sold
3135,2020-04-28,sold
3136,2020-04-29,sold
3137,2020-04-29,sold
3138,2020-04-29,sold
3139,2020-04-29,sold
3140,2020-04-29,sold
3141,2020-04-29,sold
3142,2020-04-29,sold
3143,2020-04-29,sold
3144,2020-04-29,sold
3145,2020-04-30,sold
3146,2020-04-30,sold
3147,2020-04-30,sold
3148,2020-04-30,sold
3149,2020-04-30,sold
3150,2020-04-30,sold
3151,2020-04-30,sold
3152,2020-04-30,sold
3153,2020-04-30,sold
3154,2020-05-01,sold
3155,2020-05-01,sold
3156,2020-05-01,sold
3157,2020-05-01,sold
3158,2020-05-01,sold
3159,2020-05-01,sold
3160,2020-05-01,sold
3161,2020-05-01,sold
3162,2020-05-01,sold
3163,2020-05-02,sold
3164,2020-05-02,sold
3165,2020-05-02,defective
3166,2020-05-02,sold
3167,2020-05-02,sold
3168,2020-05-02,sold
3169,2020-05-02,sold
3170,2020-05-02,sold
3171,2020-05-02,sold
3172,2020-05-03,sold
3173,2020-05-03,sold
3174,2020-05-03,sold
3175,2020-05-03,sold
3176,2020-05-03,sold
3177,2020-05-03,sold
3178,2020-05-03,sold
3179,2020-05-03,sold
3180,2020-05-03,sold
3181,2020-05-04,sold
3182,2020-05-04,sold
3183,2020-05-04,sold
3184,2020-05-04,sold
3185,2020-05-04,sold
3186,2020-05-04,sold
3187,2020-05-04,sold
3188,2020-05-04,sold
3189,2020-05-04,defective
3190,2020-05-05,sold
3191,2020-05-05,sold
3192,2020-05-05,sold
3193,2020-05-05,sold
3194,2020-05-05,sold
3195,2020-05-05,sold
3196,2020-05-05,sold
3197,2020-05-05,sold
3198,2020-05-05,sold
3199,2020-05-06,sold
3200,2020-05-06,sold
3201,2020-05-06,sold
3202,2020-05-06,sold
3203,2020-05-06,sold
3204,2020-05-06,sold
3205,2020-05-06,sold
3206,2020-05-06,sold
3207,2020-05-06,sold
3208,2020-05-07,sold
3209,2020-05-07,sold
3210,2020-05-07,sold
3211,2020-05-07,sold
3212,2020-05-07,defective
3213,2020-05-07,sold
3214,2020-05-07,sold
3215,2020-05-07,sold
3216,2020-05-07,sold
3217,2020-05-08,sold
3218,2020-05-08,sold
3219,2020-05-08,sold
3220,2020-05-08,sold
3221,2020-05-08,sold
3222,2020-05-08,sold
3223,2020-05-08,sold
3224,2020-05-08,sold
3225,2020-05-08,sold
3226,2020-05-09,sold
3227,2020-05-09,sold
3228,2020-05-09,sold
3229,2020-05-09,sold
3230,2020-05-09,sold
3231,2020-05-09,sold
3232,2020-05-09,sold
3233,2020-05-09,sold
3234,2020-05-09,sold
3235,2020-05-10,sold
3236,2020-05-10,sold
3237,2020-05-10,sold
3238,2020-05-10,sold
3239,2020-05-10,sold
3240,2020-05-10,sold
3241,2020-05-10,sold
3242,2020-05-10,sold
3243,2020-05-10,sold
3244,2020-05-11,sold
3245,2020-05-11,sold
3246,2020-05-11,sold
3247,2020-05-11,sold
3248,2020-05-11,sold
3249,2020-05-11,sold
3250,2020-05-11,sold
3251,2020-05-11,sold
3252,2020-05-11,sold
3253,2020-05-12,sold
3254,2020-05-12,sold
3255,2020-05-12,sold
3256,2020-05-12,sold
3257,2020-05-12,sold
3258,2020-05-12,sold
3259,2020-05-12,sold
3260,2020-05-12,sold
3261,2020-05-12,sold
3262,2020-05-13,sold
3263,2020-05-13,sold
3264,2020-05-13,sold
3265,2020-05-13,sold
3266,2020-05-13,sold
3267,2020-05-13,sold
3268,2020-05-13,sold
3269,2020-05-13,sold
3270,2020-05-13,sold
3271,2020-05-14,sold
3272,2020-05-14,sold
3273,2020-05-14,sold
3274,2020-05-14,sold
3275,2020-05-14,sold
3276,2020-05-14,sold
3277,2020-05-14,sold
3278,2020-05-14,sold
3279,2020-05-14,sold
3280,2020-05-15,sold
3281,2020-05-15,sold
3282,2020-05-15,sold
3283,2020-05-15,sold
3284,2020-05-15,sold
3285,2020-05-15,sold
3286,2020-05-15,sold
3287,2020-05-15,sold
3288,2020-05-15,sold
3289,2020-05-16,sold
3290,2020-05-16,sold
3291,2020-05-16,sold
3292,2020-05-16,sold
3293,2020-05-16,sold
3294,2020-05-16,sold
3295,2020-05-16,sold
3296,2020-05-16,sold
3297,2020-05-16,sold
3298,2020-05-17,sold
3299,2020-05-17,sold
3300,2020-05-17,sold
3301,2020-05-17,sold
3302,2020-05-17,sold
3303,2020-05-17,sold
3304,2020-05-17,sold
3305,2020-05-17,sold
3306,2020-05-17,sold
3307,2020-05-18,sold
3308,2020-05-18,sold
3309,2020-05-18,sold
3310,2020-05-18,sold
3311,2020-05-18,sold
3312,2020-05-18,sold
3313,2020-05-18,sold
3314,2020-05-18,sold
3315,2020-05-18,sold
3316,2020-05-19,sold
3317,2020-05-19,sold
3318,2020-05-19,sold
3319,2020-05-19,sold
3320,2020-05-19,sold
3321,2020-05-19,sold
3322,2020-05-19,sold
3323,2020-05-19,sold
3324,2020-05-19,sold
3325,2020-05-20,sold
3326,2020-05-20,sold
3327,2020-05-20,sold
3328,2020-05-20,sold
3329,2020-05-20,sold
3330,2020-05-20,sold
3331,2020-05-20,sold
3332,2020-05-20,sold
3333,2020-05-20,sold
3334,2020-05-21,sold
3335,2020-05-21,sold
3336,2020-05-21,sold
3337,2020-05-21,sold
3338,2020-05-21,sold
3339,2020-05-21,sold
3340,2020-05-21,sold
3341,2020-05-21,sold
3342,2020-05-21,sold
3343,2020-05-22,sold
3344,2020-05-22,sold
3345,2020-05-22,sold
3346,2020-05-22,sold
3347,2020-05-22,sold
3348,2020-05-22,sold
3349,2020-05-22,sold
3350,2020-05-22,sold
3351,2020-05-22,sold
3352,2020-05-23,sold
3353,2020-05-23,sold
3354,2020-05-23,sold
3355,2020-05-23,sold
3356,2020-05-23,sold
3357,2020-05-23,sold
3358,2020-05-23,sold
3359,2020-05-23,sold
3360,2020-05-23,sold
3361,2020-05-24,sold
3362,2020-05-24,sold
3363,2020-05-24,sold
3364,2020-05-24,sold
3365,2020-05-24,sold
3366,2020-05-24,sold
3367,2020-05-24,sold
3368,2020-05-24,sold
3369,2020-05-24,sold
3370,2020-05-25,sold
3371,2020-05-25,sold
3372,2020-05-25,sold
3373,2020-05-25,sold
3374,2020-05-25,sold
3375,2020-05-25,sold
3376,2020-05-25,sold
3377,2020-05-25,sold
3378,2020-05-25,sold
3379,2020-05-26,sold
3380,2020-05-26,sold
3381,2020-05-26,sold
3382,2020-05-26,sold
3383,2020-05-26,sold
3384,2020-05-26,sold
3385,2020-05-26,sold
3386,2020-05-26,sold
3387,2020-05-26,sold
3388,2020-05-27,defective
3389,2020-05-27,sold
3390,2020-05-27,sold
3391,2020-05-27,sold
3392,2020-05-27,sold
3393,2020-05-27,sold
3394,2020-05-27,sold
3395,2020-05-27,sold
3396,2020-05-27,sold
3397,2020-05-28,sold
3398,2020-05-28,sold
3399,2020-05-28,sold
3400,2020-05-28,sold
3401,2020-05-28,sold
3402,2020-05-28,sold
3403,2020-05-28,sold
3404,2020-05-28,sold
3405,2020-05-28,sold
3406,2020-05-29,sold
3407,2020-05-29,sold
3408,2020-05-29,sold
3409,2020-05-29,sold
3410,2020-05-29,sold
3411,2020-05-29,sold
3412,2020-05-29,sold
3413,2020-05-29,sold
3414,2020-05-29,sold
3415,2020-05-30,sold
3416,2020-05-30,sold
3417,2020-05-30,sold
3418,2020-05-30,sold
3419,2020-05-30,sold
3420,2020-05-30,sold
3421,2020-05-30,sold
3422,2020-05-30,sold
3423,2020-05-30,sold
3424,2020-05-31,sold
3425,2020-05-31,sold
3426,2020-05-31,sold
3427,2020-05-31,sold
3428,2020-05-31,sold
3429,2020-05-31,sold
3430,2020-05-31,sold
3431,2020-05-31,sold
3432,2020-05-31,sold
3433,2020-06-01,sold
3434,2020-06-01,sold
3435,2020-06-01,sold
3436,2020-06-01,sold
3437,2020-06-01,sold
3438,2020-06-01,sold
3439,2020-06-01,sold
3440,2020-06-01,sold
3441,2020-06-01,sold
3442,2020-06-02,sold
3443,2020-06-02,sold
3444,2020-06-02,sold
3445,2020-06-02,sold
3446,2020-06-02,sold
3447,2020-06-02,sold
3448,2020-06-02,sold
3449,2020-06-02,sold
3450,2020-06-02,defective
3451,2020-06-03,sold
3452,2020-06-03,sold
3453,2020-06-03,sold
3454,2020-06-03,sold
3455,2020-06-03,sold
3456,2020-06-03,sold
3457,2020-06-03,sold
3458,2020-06-03,sold
3459,2020-06-03,sold
3460,2020-06-04,sold
3461,2020-06-04,sold
3462,2020-06-04,sold
3463,2020-06-04,sold
3464,2020-06-04,sold
3465,2020-06-04,sold
3466,2020-06-04,sold
3467,2020-06-04,sold
3468,2020-06-04,sold
3469,2020-06-05,sold
3470,2020-06-05,sold
3471,2020-06-05,sold
3472,2020-06-05,sold
3473,2020-06-05,sold
3474,2020-06-05,sold
3475,2020-06-05,sold
3476,2020-06-05,sold
3477,2020-06-05,sold
3478,2020-06-06,sold
3479,2020-06-06,sold
3480,2020-06-06,sold
3481,2020-06-06,sold
3482,2020-06-06,sold
3483,2020-06-06,sold
3484,2020-06-06,sold
3485,2020-06-06,sold
3486,2020-06-06,sold
3487,2020-06-07,sold
3488,2020-06-07,sold
3489,2020-06-07,sold
3490,2020-06-07,defective
3491,2020-06-07,sold
3492,2020-06-07,sold
3493,2020-06-07,sold
3494,2020-06-07,sold
3495,2020-06-07,sold
3496,2020-06-08,sold
3497,2020-06-08,sold
3498,2020-06-08,sold
3499,2020-06-08,sold
3500,2020-06-08,defective
3501,2020-06-08,sold
3502,2020-06-08,sold
3503,2020-06-08,sold
3504,2020-06-08,sold
3505,2020-06-09,sold
3506,2020-06-09,sold
3507,2020-06-09,sold
3508,2020-06-09,sold
3509,2020-06-09,sold
3510,2020-06-09,sold
3511,2020-06-09,sold
3512,2020-06-09,sold
3513,2020-06-09,sold
3514,2020-06-10,sold
3515,2020-06-10,sold
3516,2020-06-10,sold
3517,2020-06-10,sold
3518,2020-06-10,sold
3519,2020-06-10,sold
3520,2020-06-10,sold
3521,2020-06-10,sold
3522,2020-06-10,sold
3523,2020-06-11,sold
3524,2020-06-11,sold
3525,2020-06-11,sold
3526,2020-06-11,sold
3527,2020-06-11,sold
3528,2020-06-11,sold
3529,2020-06-11,sold
3530,2020-06-11,sold
3531,2020-06-11,sold
3532,2020-06-12,sold
3533,2020-06-12,sold
3534,2020-06-12,sold
3535,2020-06-12,sold
3536,2020-06-12,sold
3537,2020-06-12,sold
3538,2020-06-12,sold
3539,2020-06-12,sold
3540,2020-06-12,sold
3541,2020-06-13,sold
3542,2020-06-13,sold
3543,2020-06-13,sold
3544,2020-06-13,sold
3545,2020-06-13,sold
3546,2020-06-13,sold
3547,2020-06-13,sold
3548,2020-06-13,sold
3549,2020-06-13,sold
3550,2020-06-14,sold
3551,2020-06-14,sold
3552,2020-06-14,sold
3553,2020-06-14,sold
3554,2020-06-14,sold
3555,2020-06-14,sold
3556,2020-06-14,sold
3557,2020-06-14,sold
3558,2020-06-14,sold
3559,2020-06-15,sold
3560,2020-06-15,sold
3561,2020-06-15,sold
3562,2020-06-15,sold
3563,2020-06-15,sold
3564,2020-06-15,sold
3565,2020-06-15,sold
3566,2020-06-15,sold
3567,2020-06-15,sold
3568,2020-06-16,sold
3569,2020-06-16,sold
3570,2020-06-16,sold
3571,2020-06-16,sold
3572,2020-06-16,sold
3573,2020-06-16,sold
3574,2020-06-16,sold
3575,2020-06-16,sold
3576,2020-06-16,sold
3577,2020-06-17,sold
3578,2020-06-17,sold
3579,2020-06-17,sold
3580,2020-06-17,sold
3581,2020-06-17,sold
3582,2020-06-17,sold
3583,2020-06-17,sold
3584,2020-06-17,sold
3585,2020-06-17,sold
3586,2020-06-18,sold
3587,2020-06-18,sold
3588,2020-06-18,sold
3589,2020-06-18,sold
3590,2020-06-18,sold
3591,2020-06-18,sold
3592,2020-06-18,sold
3593,2020-06-18,sold
3594,2020-06-18,sold
3595,2020-06-19,sold
3596,2020-06-19,sold
3597,2020-06-19,sold
3598,2020-06-19,sold
3599,2020-06-19,sold
3600,2020-06-19,sold
3601,2020-06-19,sold
3602,2020-06-19,sold
3603,2020-06-19,sold
3604,2020-06-20,sold
3605,2020-06-20,sold
3606,2020-06-20,sold
3607,2020-06-20,sold
3608,2020-06-20,sold
3609,2020-06-20,sold
3610,2020-06-20,sold
3611,2020-06-20,sold
3612,2020-06-20,sold
3613,2020-06-21,sold
3614,2020-06-21,sold
3615,2020-06-21,sold
3616,2020-06-21,sold
3617,2020-06-21,sold
3618,2020-06-21,sold
3619,2020-06-21,sold
3620,2020-06-21,sold
3621,2020-06-21,sold
3622,2020-06-22,sold
3623,2020-06-22,sold
3624,2020-06-22,sold
3625,2020-06-22,sold
3626,2020-06-22,sold
3627,2020-06-22,sold
3628,2020-06-22,sold
3629,2020-06-22,sold
3630,2020-06-22,sold
3631,2020-06-23,sold
3632,2020-06-23,sold
3633,2020-06-23,sold
3634,2020-06-23,sold
3635,2020-06-23,sold
3636,2020-06-23,sold
3637,2020-06-23,sold
3638,2020-06-23,sold
3639,2020-06-23,sold
3640,2020-06-24,sold
3641,2020-06-24,sold
3642,2020-06-24,sold
3643,2020-06-24,sold
3644,2020-06-24,sold
3645,2020-06-24,sold
3646,2020-06-24,sold
3647,2020-06-24,sold
3648,2020-06-24,sold
3649,2020-06-25,sold
3650,2020-06-25,sold
3651,2020-06-25,sold
3652,2020-06-25,sold
3653,2020-06-25,sold
3654,2020-06-25,sold
3655,2020-06-25,sold
3656,2020-06-25,sold
3657,2020-06-25,sold
3658,2020-06-26,sold
3659,2020-06-26,sold
3660,2020-06-26,sold
3661,2020-06-26,sold
3662,2020-06-26,sold
3663,2020-06-26,sold
3664,2020-06-26,sold
3665,2020-06-26,sold
3666,2020-06-26,sold
3667,2020-06-27,sold
3668,2020-06-27,sold
3669,2020-06-27,sold
3670,2020-06-27,sold
3671,2020-06-27,sold
3672,2020-06-27,sold
3673,2020-06-27,sold
3674,2020-06-27,sold
3675,2020-06-27,defective
3676,2020-06-28,sold
3677,2020-06-28,sold
3678,2020-06-28,sold
3679,2020-06-28,sold
3680,2020-06-28,sold
3681,2020-06-28,sold
3682,2020-06-28,sold
3683,2020-06-28,sold
3684,2020-06-28,sold
3685,2020-06-29,sold
3686,2020-06-29,sold
3687,2020-06-29,sold
3688,2020-06-29,sold
3689,2020-06-29,sold
3690,2020-06-29,sold
3691,2020-06-29,sold
3692,2020-06-29,sold
3693,2020-06-29,sold
3694,2020-06-30,sold
3695,2020-06-30,sold
3696,2020-06-30,sold
3697,2020-06-30,sold
3698,2020-06-30,sold
3699,2020-06-30,sold
3700,2020-06-30,sold
3701,2020-06-30,sold
3702,2020-06-30,sold
3703,2020-07-01,sold
3704,2020-07-01,sold
3705,2020-07-01,sold
3706,2020-07-01,sold
3707,2020-07-01,sold
3708,2020-07-01,sold
3709,2020-07-01,sold
3710,2020-07-01,sold
3711,2020-07-01,sold
3712,2020-07-02,sold
3713,2020-07-02,sold
3714,2020-07-02,sold
3715,2020-07-02,sold
3716,2020-07-02,sold
3717,2020-07-02,sold
3718,2020-07-02,sold
3719,2020-07-02,sold
3720,2020-07-02,sold
3721,2020-07-03,sold
3722,2020-07-03,sold
3723,2020-07-03,sold
3724,2020-07-03,sold
3725,2020-07-03,sold
3726,2020-07-03,sold
3727,2020-07-03,sold
3728,2020-07-03,sold
3729,2020-07-03,sold
3730,2020-07-04,sold
3731,2020-07-04,sold
3732,2020-07-04,sold
3733,2020-07-04,sold
3734,2020-07-04,sold
3735,2020-07-04,sold
3736,2020-07-04,sold
3737,2020-07-04,sold
3738,2020-07-04,sold
3739,2020-07-05,sold
3740,2020-07-05,sold
3741,2020-07-05,sold
3742,2020-07-05,sold
3743,2020-07-05,sold
3744,2020-07-05,sold
3745,2020-07-05,sold
3746,2020-07-05,sold
3747,2020-07-05,sold
3748,2020-07-06,defective
3749,2020-07-06,sold
3750,2020-07-06,sold
3751,2020-07-06,sold
3752,2020-07-06,sold
3753,2020-07-06,defective
3754,2020-07-06,sold
3755,2020-07-06,sold
3756,2020-07-06,sold
3757,2020-07-07,sold
3758,2020-07-07,sold
3759,2020-07-07,sold
3760,2020-07-07,sold
3761,2020-07-07,sold
3762,2020-07-07,sold
3763,2020-07-07,sold
3764,2020-07-07,sold
3765,2020-07-07,sold
3766,2020-07-08,sold
3767,2020-07-08,sold
3768,2020-07-08,sold
3769,2020-07-08,sold
3770,2020-07-08,sold
3771,2020-07-08,sold
3772,2020-07-08,sold
3773,2020-07-08,sold
3774,2020-07-08,sold
3775,2020-07-09,sold
3776,2020-07-09,sold
3777,2020-07-09,sold
3778,2020-07-09,sold
3779,2020-07-09,sold
3780,2020-07-09,sold
3781,2020-07-09,sold
3782,2020-07-09,sold
3783,2020-07-09,sold
3784,2020-07-10,sold
3785,2020-07-10,sold
3786,2020-07-10,sold
3787,2020-07-10,sold
3788,2020-07-10,sold
3789,2020-07-10,sold
3790,2020-07-10,sold
3791,2020-07-10,sold
3792,2020-07-10,sold
3793,2020-07-11,defective
3794,2020-07-11,sold
3795,2020-07-11,sold
3796,2020-07-11,sold
3797,2020-07-11,sold
3798,2020-07-11,sold
3799,2020-07-11,sold
3800,2020-07-11,sold
3801,2020-07-11,sold
3802,2020-07-12,sold
3803,2020-07-12,sold
3804,2020-07-12,sold
3805,2020-07-12,sold
3806,2020-07-12,sold
3807,2020-07-12,sold
3808,2020-07-12,sold
3809,2020-07-12,sold
3810,2020-07-12,sold
3811,2020-07-13,sold
3812,2020-07-13,sold
3813,2020-07-13,sold
3814,2020-07-13,defective
3815,2020-07-13,sold
3816,2020-07-13,sold
3817,2020-07-13,sold
3818,2020-07-13,sold
3819,2020-07-13,sold
3820,2020-07-14,sold
3821,2020-07-14,sold
3822,2020-07-14,sold
3823,2020-07-14,sold
3824,2020-07-14,sold
3825,2020-07-14,sold
3826,2020-07-14,sold
3827,2020-07-14,sold
3828,2020-07-14,sold
3829,2020-07-15,sold
3830,2020-07-15,sold
3831,2020-07-15,sold
3832,2020-07-15,sold
3833,2020-07-15,sold
3834,2020-07-15,sold
3835,2020-07-15,sold
3836,2020-07-15,sold
3837,2020-07-15,sold
3838,2020-07-16,sold
3839,2020-07-16,sold
3840,2020-07-16,sold
3841,2020-07-16,sold
3842,2020-07-16,sold
3843,2020-07-16,sold
3844,2020-07-16,sold
3845,2020-07-16,sold
3846,2020-07-16,sold
3847,2020-07-17,sold
3848,2020-07-17,sold
3849,2020-07-17,sold
3850,2020-07-17,sold
3851,2020-07-17,sold
3852,2020-07-17,sold
3853,2020-07-17,sold
3854,2020-07-17,sold
3855,2020-07-17,sold
3856,2020-07-18,sold
3857,2020-07-18,sold
3858,2020-07-18,sold
3859,2020-07-18,sold
3860,2020-07-18,sold
3861,2020-07-18,sold
3862,2020-07-18,sold
3863,2020-07-18,sold
3864,2020-07-18,sold
3865,2020-07-19,sold
3866,2020-07-19,sold
3867,2020-07-19,sold
3868,2020-07-19,sold
3869,2020-07-19,sold
3870,2020-07-19,sold
3871,2020-07-19,sold
3872,2020-07-19,sold
3873,2020-07-19,sold
3874,2020-07-20,sold
3875,2020-07-20,sold
3876,2020-07-20,sold
3877,2020-07-20,sold
3878,2020-07-20,sold
3879,2020-07-20,sold
3880,2020-07-20,sold
3881,2020-07-20,sold
3882,2020-07-20,sold
3883,2020-07-21,sold
3884,2020-07-21,sold
3885,2020-07-21,sold
3886,2020-07-21,sold
3887,2020-07-21,sold
3888,2020-07-21,sold
3889,2020-07-21,sold
3890,2020-07-21,sold
3891,2020-07-21,sold
3892,2020-07-22,sold
3893,2020-07-22,sold
3894,2020-07-22,sold
3895,2020-07-22,sold
3896,2020-07-22,sold
3897,2020-07-22,sold
3898,2020-07-22,sold
3899,2020-07-22,sold
3900,2020-07-22,sold
3901,2020-07-23,sold
3902,2020-07-23,sold
3903,2020-07-23,sold
3904,2020-07-23,sold
3905,2020-07-23,sold
3906,2020-07-23,sold
3907,2020-07-23,sold
3908,2020-07-23,sold
3909,2020-07-23,sold
3910,2020-07-24,sold
3911,2020-07-24,sold
3912,2020-07-24,sold
3913,2020-07-24,sold
3914,2020-07-24,sold
3915,2020-07-24,sold
3916,2020-07-24,sold
3917,2020-07-24,sold
3918,2020-07-24,sold
3919,2020-07-25,sold
3920,2020-07-25,sold
3921,2020-07-25,sold
3922,2020-07-25,sold
3923,2020-07-25,sold
3924,2020-07-25,sold
3925,2020-07-25,sold
3926,2020-07-25,sold
3927,2020-07-25,sold
3928,2020-07-26,sold
3929,2020-07-26,sold
3930,2020-07-26,sold
3931,2020-07-26,sold
3932,2020-07-26,sold
3933,2020-07-26,sold
3934,2020-07-26,sold
3935,2020-07-26,sold
3936,2020-07-26,sold
3937,2020-07-27,sold
3938,2020-07-27,sold
3939,2020-07-27,sold
3940,2020-07-27,sold
3941,2020-07-27,sold
3942,2020-07-27,sold
3943,2020-07-27,sold
3944,2020-07-27,sold
3945,2020-07-27,sold
3946,2020-07-28,sold
3947,2020-07-28,sold
3948,2020-07-28,sold
3949,2020-07-28,sold
3950,2020-07-28,sold
3951,2020-07-28,sold
3952,2020-07-28,sold
3953,2020-07-28,sold
3954,2020-07-28,sold
3955,2020-07-29,sold
3956,2020-07-29,sold
3957,2020-07-29,sold
3958,2020-07-29,sold
3959,2020-07-29,sold
3960,2020-07-29,sold
3961,2020-07-29,sold
3962,2020-07-29,sold
3963,2020-07-29,sold
3964,2020-07-30,sold
3965,2020-07-30,sold
3966,2020-07-30,sold
3967,2020-07-30,sold
3968,2020-07-30,sold
3969,2020-07-30,sold
3970,2020-07-30,sold
3971,2020-07-30,sold
3972,2020-07-30,sold
3973,2020-07-31,sold
3974,2020-07-31,sold
3975,2020-07-31,sold
3976,2020-07-31,sold
3977,2020-07-31,sold
3978,2020-07-31,sold
3979,2020-07-31,sold
3980,2020-07-31,sold
3981,2020-07-31,sold
3982,2020-08-01,sold
3983,2020-08-01,defective
3984,2020-08-01,sold
3985,2020-08-01,sold
3986,2020-08-01,sold
3987,2020-08-01,sold
3988,2020-08-01,sold
3989,2020-08-01,sold
3990,2020-08-01,sold
3991,2020-08-02,sold
3992,2020-08-02,sold
3993,2020-08-02,sold
3994,2020-08-02,sold
3995,2020-08-02,sold
3996,2020-08-02,sold
3997,2020-08-02,sold
3998,2020-08-02,sold
3999,2020-08-02,sold
4000,2020-08-03,sold
4001,2020-08-03,sold
4002,2020-08-03,sold
4003,2020-08-03,sold
4004,2020-08-03,sold
4005,2020-08-03,sold
4006,2020-08-03,sold
4007,2020-08-03,sold
4008,2020-08-03,sold
4009,2020-08-04,sold
4010,2020-08-04,sold
4011,2020-08-04,sold
4012,2020-08-04,sold
4013,2020-08-04,sold
4014,2020-08-04,sold
4015,2020-08-04,sold
4016,2020-08-04,sold
4017,2020-08-04,sold
4018,2020-08-05,sold
4019,2020-08-05,sold
4020,2020-08-05,sold
4021,2020-08-05,sold
4022,2020-08-05,sold
4023,2020-08-05,sold
4024,2020-08-05,sold
4025,2020-08-05,sold
4026,2020-08-05,sold
4027,2020-08-06,sold
4028,2020-08-06,sold
4029,2020-08-06,sold
4030,2020-08-06,sold
4031,2020-08-06,sold
4032,2020-08-06,sold
4033,2020-08-06,sold
4034,2020-08-06,sold
4035,2020-08-06,sold
4036,2020-08-07,sold
4037,2020-08-07,sold
4038,2020-08-07,sold
4039,2020-08-07,sold
4040,2020-08-07,sold
4041,2020-08-07,sold
4042,2020-08-07,sold
4043,2020-08-07,sold
4044,2020-08-07,sold
4045,2020-08-08,sold
4046,2020-08-08,sold
4047,2020-08-08,sold
4048,2020-08-08,sold
4049,2020-08-08,sold
4050,2020-08-08,sold
4051,2020-08-08,sold
4052,2020-08-08,sold
4053,2020-08-08,sold
4054,2020-08-09,sold
4055,2020-08-09,sold
4056,2020-08-09,sold
4057,2020-08-09,sold
4058,2020-08-09,sold
4059,2020-08-09,sold
4060,2020-08-09,sold
4061,2020-08-09,sold
4062,2020-08-09,sold
4063,2020-08-10,sold
4064,2020-08-10,sold
4065,2020-08-10,sold
4066,2020-08-10,sold
4067,2020-08-10,sold
4068,2020-08-10,sold
4069,2020-08-10,sold
4070,2020-08-10,sold
4071,2020-08-10,sold
4072,2020-08-11,sold
4073,2020-08-11,sold
4074,2020-08-11,sold
4075,2020-08-11,sold
4076,2020-08-11,sold
4077,2020-08-11,sold
4078,2020-08-11,sold
4079,2020-08-11,sold
4080,2020-08-11,sold
4081,2020-08-12,sold
4082,2020-08-12,sold
4083,2020-08-12,sold
4084,2020-08-12,sold
4085,2020-08-12,sold
4086,2020-08-12,sold
4087,2020-08-12,sold
4088,2020-08-12,sold
4089,2020-08-12,sold
4090,2020-08-13,sold
4091,2020-08-13,sold
4092,2020-08-13,sold
4093,2020-08-13,sold
4094,2020-08-13,sold
4095,2020-08-13,sold
4096,2020-08-13,sold
4097,2020-08-13,sold
4098,2020-08-13,sold
4099,2020-08-14,sold
4100,2020-08-14,sold
4101,2020-08-14,sold
4102,2020-08-14,sold
4103,2020-08-14,sold
4104,2020-08-14,sold
4105,2020-08-14,sold
4106,2020-08-14,sold
4107,2020-08-14,sold
4108,2020-08-15,sold
4109,2020-08-15,sold
4110,2020-08-15,sold
4111,2020-08-15,sold
4112,2020-08-15,sold
4113,2020-08-15,sold
4114,2020-08-15,sold
4115,2020-08-15,sold
4116,2020-08-15,sold
4117,2020-08-16,sold
4118,2020-08-16,sold
4119,2020-08-16,sold
4120,2020-08-16,sold
4121,2020-08-16,sold
4122,2020-08-16,sold
4123,2020-08-16,sold
4124,2020-08-16,sold
4125,2020-08-16,sold
4126,2020-08-17,sold
4127,2020-08-17,sold
4128,2020-08-17,sold
4129,2020-08-17,sold
4130,2020-08-17,sold
4131,2020-08-17,sold
4132,2020-08-17,sold
4133,2020-08-17,sold
4134,2020-08-17,sold
4135,2020-08-18,sold
4136,2020-08-18,sold
4137,2020-08-18,sold
4138,2020-08-18,sold
4139,2020-08-18,sold
4140,2020-08-18,sold
4141,2020-08-18,sold
4142,2020-08-18,sold
4143,2020-08-18,sold
4144,2020-08-19,sold
4145,2020-08-19,sold
4146,2020-08-19,sold
4147,2020-08-19,sold
4148,2020-08-19,sold
4149,2020-08-19,sold
4150,2020-08-19,sold
4151,2020-08-19,sold
4152,2020-08-19,sold
4153,2020-08-20,sold
4154,2020-08-20,sold
4155,2020-08-20,sold
4156,2020-08-20,sold
4157,2020-08-20,sold
4158,2020-08-20,sold
4159,2020-08-20,sold
4160,2020-08-20,sold
4161,2020-08-20,sold
4162,2020-08-21,sold
4163,2020-08-21,sold
4164,2020-08-21,sold
4165,2020-08-21,sold
4166,2020-08-21,sold
4167,2020-08-21,sold
4168,2020-08-21,sold
4169,2020-08-21,sold
4170,2020-08-21,defective
4171,2020-08-22,sold
4172,2020-08-22,sold
4173,2020-08-22,sold
4174,2020-08-22,sold
4175,2020-08-22,sold
4176,2020-08-22,sold
4177,2020-08-22,sold
4178,2020-08-22,sold
4179,2020-08-22,sold
4180,2020-08-23,sold
4181,2020-08-23,sold
4182,2020-08-23,sold
4183,2020-08-23,sold
4184,2020-08-23,sold
4185,2020-08-23,sold
4186,2020-08-23,defective
4187,2020-08-23,sold
4188,2020-08-23,sold
4189,2020-08-24,sold
4190,2020-08-24,sold
4191,2020-08-24,sold
4192,2020-08-24,sold
4193,2020-08-24,sold
4194,2020-08-24,sold
4195,2020-08-24,sold
4196,2020-08-24,sold
4197,2020-08-24,sold
4198,2020-08-25,sold
4199,2020-08-25,sold
4200,2020-08-25,sold
4201,2020-08-25,sold
4202,2020-08-25,sold
4203,2020-08-25,sold
4204,2020-08-25,sold
4205,2020-08-25,sold
4206,2020-08-25,sold
4207,2020-08-26,sold
4208,2020-08-26,sold
4209,2020-08-26,sold
4210,2020-08-26,sold
4211,2020-08-26,sold
4212,2020-08-26,sold
4213,2020-08-26,sold
4214,2020-08-26,sold
4215,2020-08-26,sold
4216,2020-08-27,sold
4217,2020-08-27,sold
4218,2020-08-27,sold
4219,2020-08-27,sold
4220,2020-08-27,sold
4221,2020-08-27,sold
4222,2020-08-27,sold
4223,2020-08-27,sold
4224,2020-08-27,sold
4225,2020-08-28,sold
4226,2020-08-28,sold
4227,2020-08-28,sold
4228,2020-08-28,sold
4229,2020-08-28,sold
4230,2020-08-28,sold
4231,2020-08-28,sold
4232,2020-08-28,sold
4233,2020-08-28,sold
4234,2020-08-29,sold
4235,2020-08-29,sold
4236,2020-08-29,sold
4237,2020-08-29,sold
4238,2020-08-29,sold
4239,2020-08-29,sold
4240,2020-08-29,sold
4241,2020-08-29,sold
4242,2020-08-29,sold
4243,2020-08-30,sold
4244,2020-08-30,sold
4245,2020-08-30,sold
4246,2020-08-30,sold
4247,2020-08-30,sold
4248,2020-08-30,sold
4249,2020-08-30,sold
4250,2020-08-30,sold
4251,2020-08-30,sold
4252,2020-08-31,sold
4253,2020-08-31,sold
4254,2020-08-31,sold
4255,2020-08-31,sold
4256,2020-08-31,sold
4257,2020-08-31,sold
4258,2020-08-31,sold
4259,2020-08-31,sold
4260,2020-08-31,sold
4261,2020-09-01,sold
4262,2020-09-01,sold
4263,2020-09-01,sold
4264,2020-09-01,sold
4265,2020-09-01,sold
4266,2020-09-01,sold
4267,2020-09-01,sold
4268,2020-09-01,sold
4269,2020-09-01,sold
4270,2020-09-02,sold
4271,2020-09-02,sold
4272,2020-09-02,sold
4273,2020-09-02,sold
4274,2020-09-02,sold
4275,2020-09-02,sold
4276,2020-09-02,sold
4277,2020-09-02,sold
4278,2020-09-02,sold
4279,2020-09-03,sold
4280,2020-09-03,sold
4281,2020-09-03,sold
4282,2020-09-03,sold
4283,2020-09-03,sold
4284,2020-09-03,sold
4285,2020-09-03,sold
4286,2020-09-03,sold
4287,2020-09-03,sold
4288,2020-09-04,sold
4289,2020-09-04,sold
4290,2020-09-04,sold
4291,2020-09-04,sold
4292,2020-09-04,sold
4293,2020-09-04,sold
4294,2020-09-04,sold
4295,2020-09-04,defective
4296,2020-09-04,sold
4297,2020-09-05,sold
4298,2020-09-05,sold
4299,2020-09-05,sold
4300,2020-09-05,sold
4301,2020-09-05,sold
4302,2020-09-05,sold
4303,2020-09-05,sold
4304,2020-09-05,sold
4305,2020-09-05,sold
4306,2020-09-06,sold
4307,2020-09-06,sold
4308,2020-09-06,sold
4309,2020-09-06,sold
4310,2020-09-06,sold
4311,2020-09-06,defective
4312,2020-09-06,sold
4313,2020-09-06,sold
4314,2020-09-06,sold
4315,2020-09-07,sold
4316,2020-09-07,sold
4317,2020-09-07,sold
4318,2020-09-07,sold
4319,2020-09-07,sold
4320,2020-09-07,sold
4321,2020-09-07,sold
4322,2020-09-07,sold
4323,2020-09-07,sold
4324,2020-09-08,sold
4325,2020-09-08,sold
4326,2020-09-08,sold
4327,2020-09-08,sold
4328,2020-09-08,sold
4329,2020-09-08,sold
4330,2020-09-08,sold
4331,2020-09-08,sold
4332,2020-09-08,sold
4333,2020-09-09,sold
4334,2020-09-09,sold
4335,2020-09-09,sold
4336,2020-09-09,sold
4337,2020-09-09,sold
4338,2020-09-09,sold
4339,2020-09-09,sold
4340,2020-09-09,sold
4341,2020-09-09,sold
4342,2020-09-10,sold
4343,2020-09-10,sold
4344,2020-09-10,sold
4345,2020-09-10,sold
4346,2020-09-10,sold
4347,2020-09-10,sold
4348,2020-09-10,sold
4349,2020-09-10,sold
4350,2020-09-10,sold
4351,2020-09-11,sold
4352,2020-09-11,sold
4353,2020-09-11,sold
4354,2020-09-11,sold
4355,2020-09-11,sold
4356,2020-09-11,sold
4357,2020-09-11,sold
4358,2020-09-11,sold
4359,2020-09-11,sold
4360,2020-09-12,sold
4361,2020-09-12,sold
4362,2020-09-12,sold
4363,2020-09-12,sold
4364,2020-09-12,sold
4365,2020-09-12,sold
4366,2020-09-12,sold
4367,2020-09-12,sold
4368,2020-09-12,sold
4369,2020-09-13,sold
4370,2020-09-13,sold
4371,2020-09-13,sold
4372,2020-09-13,sold
4373,2020-09-13,sold
4374,2020-09-13,defective
4375,2020-09-13,sold
4376,2020-09-13,sold
4377,2020-09-13,sold
4378,2020-09-14,sold
4379,2020-09-14,sold
4380,2020-09-14,sold
4381,2020-09-14,sold
4382,2020-09-14,sold
4383,2020-09-14,sold
4384,2020-09-14,sold
4385,2020-09-14,sold
4386,2020-09-14,sold
4387,2020-09-15,sold
4388,2020-09-15,sold
4389,2020-09-15,sold
4390,2020-09-15,sold
4391,2020-09-15,sold
4392,2020-09-15,sold
4393,2020-09-15,sold
4394,2020-09-15,sold
4395,2020-09-15,sold
4396,2020-09-16,sold
4397,2020-09-16,sold
4398,2020-09-16,sold
4399,2020-09-16,sold
4400,2020-09-16,sold
4401,2020-09-16,sold
4402,2020-09-16,sold
4403,2020-09-16,sold
4404,2020-09-16,sold
4405,2020-09-17,sold
4406,2020-09-17,sold
4407,2020-09-17,sold
4408,2020-09-17,sold
4409,2020-09-17,sold
4410,2020-09-17,sold
4411,2020-09-17,sold
4412,2020-09-17,sold
4413,2020-09-17,defective
4414,2020-09-18,sold
4415,2020-09-18,sold
4416,2020-09-18,sold
4417,2020-09-18,sold
4418,2020-09-18,sold
4419,2020-09-18,sold
4420,2020-09-18,sold
4421,2020-09-18,sold
4422,2020-09-18,sold
4423,2020-09-19,sold
4424,2020-09-19,sold
4425,2020-09-19,sold
4426,2020-09-19,sold
4427,2020-09-19,sold
4428,2020-09-19,sold
4429,2020-09-19,sold
4430,2020-09-19,sold
4431,2020-09-19,sold
4432,2020-09-20,sold
4433,2020-09-20,defective
4434,2020-09-20,sold
4435,2020-09-20,sold
4436,2020-09-20,sold
4437,2020-09-20,sold
4438,2020-09-20,sold
4439,2020-09-20,sold
4440,2020-09-20,sold
4441,2020-09-21,sold
4442,2020-09-21,sold
4443,2020-09-21,sold
4444,2020-09-21,sold
4445,2020-09-21,sold
4446,2020-09-21,sold
4447,2020-09-21,sold
4448,2020-09-21,sold
4449,2020-09-21,sold
4450,2020-09-22,sold
4451,2020-09-22,sold
4452,2020-09-22,sold
4453,2020-09-22,sold
4454,2020-09-22,sold
4455,2020-09-22,defective
4456,2020-09-22,sold
4457,2020-09-22,sold
4458,2020-09-22,sold
4459,2020-09-23,sold
4460,2020-09-23,sold
4461,2020-09-23,sold
4462,2020-09-23,sold
4463,2020-09-23,sold
4464,2020-09-23,sold
4465,2020-09-23,sold
4466,2020-09-23,sold
4467,2020-09-23,sold
4468,2020-09-24,sold
4469,2020-09-24,sold
4470,2020-09-24,sold
4471,2020-09-24,sold
4472,2020-09-24,defective
4473,2020-09-24,sold
4474,2020-09-24,sold
4475,2020-09-24,sold
4476,2020-09-24,sold
4477,2020-09-25,sold
4478,2020-09-25,sold
4479,2020-09-25,sold
4480,2020-09-25,sold
4481,2020-09-25,sold
4482,2020-09-25,sold
4483,2020-09-25,sold
4484,2020-09-25,sold
4485,2020-09-25,sold
4486,2020-09-26,sold
4487,2020-09-26,sold
4488,2020-09-26,sold
4489,2020-09-26,sold
4490,2020-09-26,sold
4491,2020-09-26,sold
4492,2020-09-26,sold
4493,2020-09-26,sold
4494,2020-09-26,sold
4495,2020-09-27,sold
4496,2020-09-27,sold
4497,2020-09-27,sold
4498,2020-09-27,sold
4499,2020-09-27,sold
4500,2020-09-27,sold
4501,2020-09-27,sold
4502,2020-09-27,sold
4503,2020-09-27,sold
4504,2020-09-28,sold
4505,2020-09-28,sold
4506,2020-09-28,sold
4507,2020-09-28,sold
4508,2020-09-28,sold
4509,2020-09-28,sold
4510,2020-09-28,sold
4511,2020-09-28,sold
4512,2020-09-28,sold
4513,2020-09-29,sold
4514,2020-09-29,sold
4515,2020-09-29,sold
4516,2020-09-29,sold
4517,2020-09-29,sold
4518,2020-09-29,sold
4519,2020-09-29,sold
4520,2020-09-29,sold
4521,2020-09-29,sold
4522,2020-09-30,sold
4523,2020-09-30,sold
4524,2020-09-30,sold
4525,2020-09-30,sold
4526,2020-09-30,sold
4527,2020-09-30,sold
4528,2020-09-30,sold
4529,2020-09-30,sold
4530,2020-09-30,sold
4531,2020-10-01,sold
4532,2020-10-01,sold
4533,2020-10-01,sold
4534,2020-10-01,sold
4535,2020-10-01,sold
4536,2020-10-01,sold
4537,2020-10-01,sold
4538,2020-10-01,sold
4539,2020-10-01,sold
4540,2020-10-02,sold
4541,2020-10-02,sold
4542,2020-10-02,sold
4543,2020-10-02,sold
4544,2020-10-02,sold
4545,2020-10-02,sold
4546,2020-10-02,sold
4547,2020-10-02,sold
4548,2020-10-02,defective
4549,2020-10-03,sold
4550,2020-10-03,sold
4551,2020-10-03,sold
4552,2020-10-03,sold
4553,2020-10-03,sold
4554,2020-10-03,sold
4555,2020-10-03,sold
4556,2020-10-03,sold
4557,2020-10-03,sold
4558,2020-10-04,sold
4559,2020-10-04,sold
4560,2020-10-04,sold
4561,2020-10-04,sold
4562,2020-10-04,sold
4563,2020-10-04,sold
4564,2020-10-04,sold
4565,2020-10-04,sold
4566,2020-10-04,sold
4567,2020-10-05,sold
4568,2020-10-05,sold
4569,2020-10-05,sold
4570,2020-10-05,sold
4571,2020-10-05,sold
4572,2020-10-05,sold
4573,2020-10-05,sold
4574,2020-10-05,sold
4575,2020-10-05,sold
4576,2020-10-06,sold
4577,2020-10-06,sold
4578,2020-10-06,sold
4579,2020-10-06,sold
4580,2020-10-06,sold
4581,2020-10-06,sold
4582,2020-10-06,sold
4583,2020-10-06,sold
4584,2020-10-06,sold
4585,2020-10-07,sold
4586,2020-10-07,sold
4587,2020-10-07,sold
4588,2020-10-07,sold
4589,2020-10-07,sold
4590,2020-10-07,sold
4591,2020-10-07,sold
4592,2020-10-07,sold
4593,2020-10-07,sold
4594,2020-10-08,sold
4595,2020-10-08,sold
4596,2020-10-08,sold
4597,2020-10-08,sold
4598,2020-10-08,sold
4599,2020-10-08,sold
4600,2020-10-08,sold
4601,2020-10-08,sold
4602,2020-10-08,sold
4603,2020-10-09,sold
4604,2020-10-09,sold
4605,2020-10-09,sold
4606,2020-10-09,sold
4607,2020-10-09,sold
4608,2020-10-09,sold
4609,2020-10-09,sold
4610,2020-10-09,sold
4611,2020-10-09,sold
4612,2020-10-10,sold
4613,2020-10-10,sold
4614,2020-10-10,sold
4615,2020-10-10,sold
4616,2020-10-10,sold
4617,2020-10-10,sold
4618,2020-10-10,sold
4619,2020-10-10,sold
4620,2020-10-10,sold
4621,2020-10-11,sold
4622,2020-10-11,sold
4623,2020-10-11,sold
4624,2020-10-11,sold
4625,2020-10-11,sold
4626,2020-10-11,sold
4627,2020-10-11,sold
4628,2020-10-11,sold
4629,2020-10-11,sold
4630,2020-10-12,sold
4631,2020-10-12,sold
4632,2020-10-12,sold
4633,2020-10-12,sold
4634,2020-10-12,sold
4635,2020-10-12,sold
4636,2020-10-12,sold
4637,2020-10-12,sold
4638,2020-10-12,sold
4639,2020-10-13,sold
4640,2020-10-13,sold
4641,2020-10-13,sold
4642,2020-10-13,sold
4643,2020-10-13,sold
4644,2020-10-13,sold
4645,2020-10-13,sold
4646,2020-10-13,sold
4647,2020-10-13,sold
4648,2020-10-14,sold
4649,2020-10-14,sold
4650,2020-10-14,sold
4651,2020-10-14,sold
4652,2020-10-14,sold
4653,2020-10-14,sold
4654,2020-10-14,sold
4655,2020-10-14,sold
4656,2020-10-14,sold
4657,2020-10-15,sold
4658,2020-10-15,sold
4659,2020-10-15,sold
4660,2020-10-15,sold
4661,2020-10-15,sold
4662,2020-10-15,sold
4663,2020-10-15,sold
4664,2020-10-15,sold
4665,2020-10-15,sold
4666,2020-10-16,sold
4667,2020-10-16,sold
4668,2020-10-16,sold
4669,2020-10-16,sold
4670,2020-10-16,sold
4671,2020-10-16,sold
4672,2020-10-16,sold
4673,2020-10-16,sold
4674,2020-10-16,sold
4675,2020-10-17,sold
4676,2020-10-17,sold
4677,2020-10-17,sold
4678,2020-10-17,sold
4679,2020-10-17,sold
4680,2020-10-17,sold
4681,2020-10-17,sold
4682,2020-10-17,sold
4683,2020-10-17,sold
4684,2020-10-18,sold
4685,2020-10-18,sold
4686,2020-10-18,sold
4687,2020-10-18,sold
4688,2020-10-18,sold
4689,2020-10-18,sold
4690,2020-10-18,sold
4691,2020-10-18,sold
4692,2020-10-18,sold
4693,2020-10-19,sold
4694,2020-10-19,sold
4695,2020-10-19,sold
4696,2020-10-19,sold
4697,2020-10-19,sold
4698,2020-10-19,sold
4699,2020-10-19,defective
4700,2020-10-19,sold
4701,2020-10-19,sold
4702,2020-10-20,sold
4703,2020-10-20,sold
4704,2020-10-20,sold
4705,2020-10-20,sold
4706,2020-10-20,sold
4707,2020-10-20,sold
4708,2020-10-20,sold
4709,2020-10-20,sold
4710,2020-10-20,sold
4711,2020-10-21,defective
4712,2020-10-21,sold
4713,2020-10-21,sold
4714,2020-10-21,sold
4715,2020-10-21,sold
4716,2020-10-21,sold
4717,2020-10-21,sold
4718,2020-10-21,sold
4719,2020-10-21,sold
4720,2020-10-22,sold
4721,2020-10-22,sold
4722,2020-10-22,sold
4723,2020-10-22,sold
4724,2020-10-22,sold
4725,2020-10-22,sold
4726,2020-10-22,sold
4727,2020-10-22,sold
4728,2020-10-22,sold
4729,2020-10-23,sold
4730,2020-10-23,sold
4731,2020-10-23,sold
4732,2020-10-23,sold
4733,2020-10-23,sold
4734,2020-10-23,sold
4735,2020-10-23,sold
4736,2020-10-23,sold
4737,2020-10-23,sold
4738,2020-10-24,sold
4739,2020-10-24,sold
4740,2020-10-24,sold
4741,2020-10-24,sold
4742,2020-10-24,sold
4743,2020-10-24,sold
4744,2020-10-24,sold
4745,2020-10-24,sold
4746,2020-10-24,sold
4747,2020-10-25,sold
4748,2020-10-25,sold
4749,2020-10-25,sold
4750,2020-10-25,sold
4751,2020-10-25,sold
4752,2020-10-25,sold
4753,2020-10-25,sold
4754,2020-10-25,defective
4755,2020-10-25,sold
4756,2020-10-26,sold
4757,2020-10-26,sold
4758,2020-10-26,sold
4759,2020-10-26,sold
4760,2020-10-26,sold
4761,2020-10-26,sold
4762,2020-10-26,sold
4763,2020-10-26,sold
4764,2020-10-26,sold
4765,2020-10-27,sold
4766,2020-10-27,sold
4767,2020-10-27,sold
4768,2020-10-27,sold
4769,2020-10-27,sold
4770,2020-10-27,sold
4771,2020-10-27,sold
4772,2020-10-27,sold
4773,2020-10-27,sold
4774,2020-10-28,sold
4775,2020-10-28,sold
4776,2020-10-28,sold
4777,2020-10-28,sold
4778,2020-10-28,sold
4779,2020-10-28,sold
4780,2020-10-28,sold
4781,2020-10-28,sold
4782,2020-10-28,sold
4783,2020-10-29,sold
4784,2020-10-29,sold
4785,2020-10-29,sold
4786,2020-10-29,sold
4787,2020-10-29,sold
4788,2020-10-29,sold
4789,2020-10-29,sold
4790,2020-10-29,sold
4791,2020-10-29,sold
4792,2020-10-30,sold
4793,2020-10-30,sold
4794,2020-10-30,sold
4795,2020-10-30,sold
4796,2020-10-30,sold
4797,2020-10-30,sold
4798,2020-10-30,sold
4799,2020-10-30,sold
4800,2020-10-30,sold
4801,2020-10-31,sold
4802,2020-10-31,sold
4803,2020-10-31,sold
4804,2020-10-31,sold
4805,2020-10-31,sold
4806,2020-10-31,sold
4807,2020-10-31,sold
4808,2020-10-31,sold
4809,2020-10-31,sold
4810,2020-11-01,defective
4811,2020-11-01,sold
4812,2020-11-01,sold
4813,2020-11-01,sold
4814,2020-11-01,sold
4815,2020-11-01,sold
4816,2020-11-01,sold
4817,2020-11-01,sold
4818,2020-11-01,sold
4819,2020-11-02,sold
4820,2020-11-02,sold
4821,2020-11-02,sold
4822,2020-11-02,sold
4823,2020-11-02,sold
4824,2020-11-02,sold
4825,2020-11-02,sold
4826,2020-11-02,sold
4827,2020-11-02,sold
4828,2020-11-03,sold
4829,2020-11-03,sold
4830,2020-11-03,sold
4831,2020-11-03,sold
4832,2020-11-03,sold
4833,2020-11-03,sold
4834,2020-11-03,sold
4835,2020-11-03,sold
4836,2020-11-03,sold
4837,2020-11-04,sold
4838,2020-11-04,sold
4839,2020-11-04,sold
4840,2020-11-04,sold
4841,2020-11-04,sold
4842,2020-11-04,sold
4843,2020-11-04,sold
4844,2020-11-04,sold
4845,2020-11-04,sold
4846,2020-11-05,sold
4847,2020-11-05,defective
4848,2020-11-05,sold
4849,2020-11-05,sold
4850,2020-11-05,sold
4851,2020-11-05,sold
4852,2020-11-05,sold
4853,2020-11-05,sold
4854,2020-11-05,sold
4855,2020-11-06,sold
4856,2020-11-06,sold
4857,2020-11-06,sold
4858,2020-11-06,sold
4859,2020-11-06,sold
4860,2020-11-06,sold
4861,2020-11-06,sold
4862,2020-11-06,sold
4863,2020-11-06,sold
4864,2020-11-07,sold
4865,2020-11-07,sold
4866,2020-11-07,sold
4867,2020-11-07,sold
4868,2020-11-07,sold
4869,2020-11-07,sold
4870,2020-11-07,sold
4871,2020-11-07,sold
4872,2020-11-07,sold
4873,2020-11-08,sold
4874,2020-11-08,sold
4875,2020-11-08,sold
4876,2020-11-08,sold
4877,2020-11-08,sold
4878,2020-11-08,sold
4879,2020-11-08,sold
4880,2020-11-08,sold
4881,2020-11-08,sold
4882,2020-11-09,sold
4883,2020-11-09,sold
4884,2020-11-09,sold
4885,2020-11-09,sold
4886,2020-11-09,sold
4887,2020-11-09,sold
4888,2020-11-09,sold
4889,2020-11-09,sold
4890,2020-11-09,sold
4891,2020-11-10,sold
4892,2020-11-10,sold
4893,2020-11-10,sold
4894,2020-11-10,sold
4895,2020-11-10,sold
4896,2020-11-10,sold
4897,2020-11-10,sold
4898,2020-11-10,sold
4899,2020-11-10,sold
4900,2020-11-11,sold
4901,2020-11-11,sold
4902,2020-11-11,sold
4903,2020-11-11,sold
4904,2020-11-11,sold
4905,2020-11-11,sold
4906,2020-11-11,sold
4907,2020-11-11,sold
4908,2020-11-11,sold
4909,2020-11-12,sold
4910,2020-11-12,sold
4911,2020-11-12,sold
4912,2020-11-12,sold
4913,2020-11-12,sold
4914,2020-11-12,sold
4915,2020-11-12,sold
4916,2020-11-12,sold
4917,2020-11-12,defective
4918,2020-11-13,sold
4919,2020-11-13,sold
4920,2020-11-13,sold
4921,2020-11-13,sold
4922,2020-11-13,sold
4923,2020-11-13,sold
4924,2020-11-13,sold
4925,2020-11-13,sold
4926,2020-11-13,sold
4927,2020-11-14,sold
4928,2020-11-14,sold
4929,2020-11-14,sold
4930,2020-11-14,sold
4931,2020-11-14,sold
4932,2020-11-14,sold
4933,2020-11-14,sold
4934,2020-11-14,sold
4935,2020-11-14,sold
4936,2020-11-15,sold
4937,2020-11-15,sold
4938,2020-11-15,sold
4939,2020-11-15,sold
4940,2020-11-15,sold
4941,2020-11-15,sold
4942,2020-11-15,sold
4943,2020-11-15,sold
4944,2020-11-15,sold
4945,2020-11-16,sold
4946,2020-11-16,sold
4947,2020-11-16,sold
4948,2020-11-16,sold
4949,2020-11-16,sold
4950,2020-11-16,sold
4951,2020-11-16,sold
4952,2020-11-16,sold
4953,2020-11-16,sold
4954,2020-11-17,sold
4955,2020-11-17,sold
4956,2020-11-17,sold
4957,2020-11-17,sold
4958,2020-11-17,sold
4959,2020-11-17,sold
4960,2020-11-17,sold
4961,2020-11-17,sold
4962,2020-11-17,sold
4963,2020-11-18,sold
4964,2020-11-18,sold
4965,2020-11-18,sold
4966,2020-11-18,sold
4967,2020-11-18,sold
4968,2020-11-18,sold
4969,2020-11-18,sold
4970,2020-11-18,sold
4971,2020-11-18,sold
4972,2020-11-19,sold
4973,2020-11-19,sold
4974,2020-11-19,sold
4975,2020-11-19,sold
4976,2020-11-19,sold
4977,2020-11-19,sold
4978,2020-11-19,sold
4979,2020-11-19,sold
4980,2020-11-19,sold
4981,2020-11-20,sold
4982,2020-11-20,sold
4983,2020-11-20,sold
4984,2020-11-20,sold
4985,2020-11-20,sold
4986,2020-11-20,sold
4987,2020-11-20,sold
4988,2020-11-20,sold
4989,2020-11-20,sold
4990,2020-11-21,sold
4991,2020-11-21,sold
4992,2020-11-21,sold
4993,2020-11-21,sold
4994,2020-11-21,sold
4995,2020-11-21,sold
4996,2020-11-21,sold
4997,2020-11-21,sold
4998,2020-11-21,sold
4999,2020-11-22,sold
5000,2020-11-22,sold
5001,2020-11-22,sold
5002,2020-11-22,sold
5003,2020-11-22,sold
5004,2020-11-22,sold
5005,2020-11-22,sold
5006,2020-11-22,sold
5007,2020-11-22,sold
5008,2020-11-23,sold
5009,2020-11-23,sold
5010,2020-11-23,sold
5011,2020-11-23,sold
5012,2020-11-23,sold
5013,2020-11-23,sold
5014,2020-11-23,defective
5015,2020-11-23,sold
5016,2020-11-23,sold
5017,2020-11-24,sold
5018,2020-11-24,sold
5019,2020-11-24,sold
5020,2020-11-24,sold
5021,2020-11-24,sold
5022,2020-11-24,sold
5023,2020-11-24,sold
5024,2020-11-24,sold
5025,2020-11-24,sold
5026,2020-11-25,sold
5027,2020-11-25,sold
5028,2020-11-25,sold
5029,2020-11-25,sold
5030,2020-11-25,sold
5031,2020-11-25,sold
5032,2020-11-25,sold
5033,2020-11-25,sold
5034,2020-11-25,sold
5035,2020-11-26,sold
5036,2020-11-26,sold
5037,2020-11-26,sold
5038,2020-11-26,sold
5039,2020-11-26,sold
5040,2020-11-26,sold
5041,2020-11-26,sold
5042,2020-11-26,sold
5043,2020-11-26,sold
5044,2020-11-27,sold
5045,2020-11-27,sold
5046,2020-11-27,sold
5047,2020-11-27,sold
5048,2020-11-27,sold
5049,2020-11-27,sold
5050,2020-11-27,sold
5051,2020-11-27,sold
5052,2020-11-27,sold
5053,2020-11-28,sold
5054,2020-11-28,sold
5055,2020-11-28,sold
5056,2020-11-28,sold
5057,2020-11-28,sold
5058,2020-11-28,sold
5059,2020-11-28,sold
5060,2020-11-28,sold
5061,2020-11-28,sold
5062,2020-11-29,sold
5063,2020-11-29,sold
5064,2020-11-29,sold
5065,2020-11-29,sold
5066,2020-11-29,sold
5067,2020-11-29,sold
5068,2020-11-29,sold
5069,2020-11-29,sold
5070,2020-11-29,sold
5071,2020-11-30,sold
5072,2020-11-30,sold
5073,2020-11-30,sold
5074,2020-11-30,sold
5075,2020-11-30,sold
5076,2020-11-30,sold
5077,2020-11-30,sold
5078,2020-11-30,sold
5079,2020-11-30,sold
5080,2020-12-01,sold
5081,2020-12-01,sold
5082,2020-12-01,sold
5083,2020-12-01,sold
5084,2020-12-01,sold
5085,2020-12-01,sold
5086,2020-12-01,sold
5087,2020-12-01,sold
5088,2020-12-01,sold
5089,2020-12-02,sold
5090,2020-12-02,sold
5091,2020-12-02,sold
5092,2020-12-02,sold
5093,2020-12-02,sold
5094,2020-12-02,sold
5095,2020-12-02,sold
5096,2020-12-02,sold
5097,2020-12-02,sold
5098,2020-12-03,sold
5099,2020-12-03,sold
5100,2020-12-03,sold
5101,2020-12-03,sold
5102,2020-12-03,sold
5103,2020-12-03,sold
5104,2020-12-03,sold
5105,2020-12-03,sold
5106,2020-12-03,sold
5107,2020-12-04,sold
5108,2020-12-04,sold
5109,2020-12-04,sold
5110,2020-12-04,sold
5111,2020-12-04,sold
5112,2020-12-04,sold
5113,2020-12-04,sold
5114,2020-12-04,sold
5115,2020-12-04,sold
5116,2020-12-05,sold
5117,2020-12-05,sold
5118,2020-12-05,sold
5119,2020-12-05,sold
5120,2020-12-05,sold
5121,2020-12-05,sold
5122,2020-12-05,sold
5123,2020-12-05,sold
5124,2020-12-05,sold
5125,2020-12-06,sold
5126,2020-12-06,sold
5127,2020-12-06,sold
5128,2020-12-06,sold
5129,2020-12-06,sold
5130,2020-12-06,sold
5131,2020-12-06,sold
5132,2020-12-06,sold
5133,2020-12-06,sold
5134,2020-12-07,sold
5135,2020-12-07,sold
5136,2020-12-07,sold
5137,2020-12-07,sold
5138,2020-12-07,sold
5139,2020-12-07,sold
5140,2020-12-07,sold
5141,2020-12-07,defective
5142,2020-12-07,sold
5143,2020-12-08,sold
5144,2020-12-08,sold
5145,2020-12-08,sold
5146,2020-12-08,sold
5147,2020-12-08,sold
5148,2020-12-08,sold
5149,2020-12-08,sold
5150,2020-12-08,sold
5151,2020-12-08,sold
5152,2020-12-09,sold
5153,2020-12-09,sold
5154,2020-12-09,defective
5155,2020-12-09,sold
5156,2020-12-09,sold
5157,2020-12-09,sold
5158,2020-12-09,sold
5159,2020-12-09,sold
5160,2020-12-09,sold
5161,2020-12-10,sold
5162,2020-12-10,sold
5163,2020-12-10,sold
5164,2020-12-10,sold
5165,2020-12-10,defective
5166,2020-12-10,sold
5167,2020-12-10,sold
5168,2020-12-10,sold
5169,2020-12-10,sold
5170,2020-12-11,sold
5171,2020-12-11,sold
5172,2020-12-11,sold
5173,2020-12-11,sold
5174,2020-12-11,sold
5175,2020-12-11,sold
5176,2020-12-11,sold
5177,2020-12-11,sold
5178,2020-12-11,sold
5179,2020-12-12,sold
5180,2020-12-12,defective
5181,2020-12-12,sold
5182,2020-12-12,sold
5183,2020-12-12,sold
5184,2020-12-12,sold
5185,2020-12-12,sold
5186,2020-12-12,sold
5187,2020-12-12,sold
5188,2020-12-13,sold
5189,2020-12-13,sold
5190,2020-12-13,sold
5191,2020-12-13,sold
5192,2020-12-13,sold
5193,2020-12-13,sold
5194,2020-12-13,sold
5195,2020-12-13,sold
5196,2020-12-13,sold
5197,2020-12-14,sold
5198,2020-12-14,sold
5199,2020-12-14,sold
5200,2020-12-14,sold
5201,2020-12-14,sold
5202,2020-12-14,sold
5203,2020-12-14,sold
5204,2020-12-14,sold
5205,2020-12-14,sold
5206,2020-12-15,sold
5207,2020-12-15,sold
5208,2020-12-15,defective
5209,2020-12-15,sold
5210,2020-12-15,sold
5211,2020-12-15,sold
5212,2020-12-15,sold
5213,2020-12-15,sold
5214,2020-12-15,sold
5215,2020-12-16,sold
5216,2020-12-16,sold
5217,2020-12-16,sold
5218,2020-12-16,sold
5219,2020-12-16,sold
5220,2020-12-16,sold
5221,2020-12-16,sold
5222,2020-12-16,sold
5223,2020-12-16,sold
5224,2020-12-17,sold
5225,2020-12-17,sold
5226,2020-12-17,sold
5227,2020-12-17,sold
5228,2020-12-17,sold
5229,2020-12-17,sold
5230,2020-12-17,sold
5231,2020-12-17,sold
5232,2020-12-17,sold
5233,2020-12-18,sold
5234,2020-12-18,sold
5235,2020-12-18,sold
5236,2020-12-18,sold
5237,2020-12-18,sold
5238,2020-12-18,sold
5239,2020-12-18,sold
5240,2020-12-18,sold
5241,2020-12-18,sold
5242,2020-12-19,sold
5243,2020-12-19,sold
5244,2020-12-19,sold
5245,2020-12-19,sold
5246,2020-12-19,sold
5247,2020-12-19,sold
5248,2020-12-19,sold
5249,2020-12-19,sold
5250,2020-12-19,sold
5251,2020-12-20,sold
5252,2020-12-20,sold
5253,2020-12-20,sold
5254,2020-12-20,sold
5255,2020-12-20,sold
5256,2020-12-20,sold
5257,2020-12-20,sold
5258,2020-12-20,sold
5259,2020-12-20,sold
5260,2020-12-21,sold
5261,2020-12-21,sold
5262,2020-12-21,sold
5263,2020-12-21,sold
5264,2020-12-21,sold
5265,2020-12-21,sold
5266,2020-12-21,sold
5267,2020-12-21,sold
5268,2020-12-21,sold
5269,2020-12-22,sold
5270,2020-12-22,sold
5271,2020-12-22,sold
5272,2020-12-22,sold
5273,2020-12-22,sold
5274,2020-12-22,sold
5275,2020-12-22,sold
5276,2020-12-22,sold
5277,2020-12-22,sold
5278,2020-12-23,sold
5279,2020-12-23,sold
5280,2020-12-23,sold
5281,2020-12-23,sold
5282,2020-12-23,sold
5283,2020-12-23,sold
5284,2020-12-23,sold
5285,2020-12-23,sold
5286,2020-12-23,sold
5287,2020-12-24,sold
5288,2020-12-24,sold
5289,2020-12-24,sold
5290,2020-12-24,sold
5291,2020-12-24,sold
5292,2020-12-24,sold
5293,2020-12-24,sold
5294,2020-12-24,sold
5295,2020-12-24,sold
5296,2020-12-25,sold
5297,2020-12-25,sold
5298,2020-12-25,sold
5299,2020-12-25,sold
5300,2020-12-25,sold
5301,2020-12-25,sold
5302,2020-12-25,sold
5303,2020-12-25,sold
5304,2020-12-25,sold
5305,2020-12-26,sold
5306,2020-12-26,sold
5307,2020-12-26,sold
5308,2020-12-26,sold
5309,2020-12-26,sold
5310,2020-12-26,sold
5311,2020-12-26,sold
5312,2020-12-26,sold
5313,2020-12-26,sold
5314,2020-12-27,sold
5315,2020-12-27,sold
5316,2020-12-27,sold
5317,2020-12-27,sold
5318,2020-12-27,sold
5319,2020-12-27,sold
5320,2020-12-27,sold
5321,2020-12-27,sold
5322,2020-12-27,sold
5323,2020-12-28,sold
5324,2020-12-28,sold
5325,2020-12-28,sold
5326,2020-12-28,sold
5327,2020-12-28,sold
5328,2020-12-28,sold
5329,2020-12-28,sold
5330,2020-12-28,sold
5331,2020-12-28,sold
5332,2020-12-29,sold
5333,2020-12-29,sold
5334,2020-12-29,sold
5335,2020-12-29,sold
5336,2020-12-29,sold
5337,2020-12-29,sold
5338,2020-12-29,sold
5339,2020-12-29,sold
5340,2020-12-29,sold
5341,2020-12-30,sold
5342,2020-12-30,sold
5343,2020-12-30,sold
5344,2020-12-30,sold
5345,2020-12-30,sold
5346,2020-12-30,sold
5347,2020-12-30,sold
5348,2020-12-30,sold
5349,2020-12-30,sold
5350,2020-12-31,sold
5351,2020-12-31,sold
5352,2020-12-31,sold
5353,2020-12-31,sold
5354,2020-12-31,sold
5355,2020-12-31,sold
5356,2020-12-31,sold
5357,2020-12-31,sold
5358,2020-12-31,sold
5359,2021-01-01,sold
5360,2021-01-01,sold
5361,2021-01-01,sold
5362,2021-01-01,sold
5363,2021-01-01,sold
5364,2021-01-01,sold
5365,2021-01-01,sold
5366,2021-01-01,sold
5367,2021-01-01,sold
5368,2021-01-02,sold
5369,2021-01-02,sold
5370,2021-01-02,sold
5371,2021-01-02,sold
5372,2021-01-02,sold
5373,2021-01-02,sold
5374,2021-01-02,sold
5375,2021-01-02,sold
5376,2021-01-02,sold
5377,2021-01-03,sold
5378,2021-01-03,sold
5379,2021-01-03,sold
5380,2021-01-03,sold
5381,2021-01-03,sold
5382,2021-01-03,sold
5383,2021-01-03,sold
5384,2021-01-03,sold
5385,2021-01-03,sold
5386,2021-01-04,sold
5387,2021-01-04,sold
5388,2021-01-04,sold
5389,2021-01-04,sold
5390,2021-01-04,sold
5391,2021-01-04,sold
5392,2021-01-04,sold
5393,2021-01-04,sold
5394,2021-01-04,sold
5395,2021-01-05,sold
5396,2021-01-05,sold
5397,2021-01-05,sold
5398,2021-01-05,sold
5399,2021-01-05,sold
5400,2021-01-05,sold
5401,2021-01-05,sold
5402,2021-01-05,sold
5403,2021-01-05,sold
5404,2021-01-06,sold
5405,2021-01-06,sold
5406,2021-01-06,sold
5407,2021-01-06,sold
5408,2021-01-06,sold
5409,2021-01-06,sold
5410,2021-01-06,sold
5411,2021-01-06,sold
5412,2021-01-06,sold
5413,2021-01-07,sold
5414,2021-01-07,sold
5415,2021-01-07,sold
5416,2021-01-07,sold
5417,2021-01-07,sold
5418,2021-01-07,sold
5419,2021-01-07,sold
5420,2021-01-07,sold
5421,2021-01-07,sold
5422,2021-01-08,sold
5423,2021-01-08,sold
5424,2021-01-08,sold
5425,2021-01-08,sold
5426,2021-01-08,sold
5427,2021-01-08,sold
5428,2021-01-08,sold
5429,2021-01-08,sold
5430,2021-01-08,sold
5431,2021-01-09,sold
5432,2021-01-09,sold
5433,2021-01-09,sold
5434,2021-01-09,sold
5435,2021-01-09,sold
5436,2021-01-09,sold
5437,2021-01-09,sold
5438,2021-01-09,sold
5439,2021-01-09,sold
5440,2021-01-10,sold
5441,2021-01-10,sold
5442,2021-01-10,defective
5443,2021-01-10,sold
5444,2021-01-10,sold
5445,2021-01-10,sold
5446,2021-01-10,sold
5447,2021-01-10,sold
5448,2021-01-10,sold
5449,2021-01-11,sold
5450,2021-01-11,sold
5451,2021-01-11,sold
5452,2021-01-11,sold
5453,2021-01-11,sold
5454,2021-01-11,sold
5455,2021-01-11,sold
5456,2021-01-11,sold
5457,2021-01-11,sold
5458,2021-01-12,sold
5459,2021-01-12,sold
5460,2021-01-12,sold
5461,2021-01-12,sold
5462,2021-01-12,sold
5463,2021-01-12,sold
5464,2021-01-12,sold
5465,2021-01-12,sold
5466,2021-01-12,sold
5467,2021-01-13,sold
5468,2021-01-13,sold
5469,2021-01-13,sold
5470,2021-01-13,sold
5471,2021-01-13,sold
5472,2021-01-13,sold
5473,2021-01-13,sold
5474,2021-01-13,sold
5475,2021-01-13,sold
5476,2021-01-14,sold
5477,2021-01-14,sold
5478,2021-01-14,sold
5479,2021-01-14,sold
5480,2021-01-14,sold
5481,2021-01-14,sold
5482,2021-01-14,sold
5483,2021-01-14,sold
5484,2021-01-14,sold
5485,2021-01-15,sold
5486,2021-01-15,sold
5487,2021-01-15,sold
5488,2021-01-15,sold
5489,2021-01-15,sold
5490,2021-01-15,sold
5491,2021-01-15,sold
5492,2021-01-15,sold
5493,2021-01-15,sold
5494,2021-01-16,sold
5495,2021-01-16,sold
5496,2021-01-16,sold
5497,2021-01-16,sold
5498,2021-01-16,sold
5499,2021-01-16,sold
5500,2021-01-16,sold
5501,2021-01-16,sold
5502,2021-01-16,sold
5503,2021-01-17,sold
5504,2021-01-17,sold
5505,2021-01-17,sold
5506,2021-01-17,sold
5507,2021-01-17,sold
5508,2021-01-17,sold
5509,2021-01-17,sold
5510,2021-01-17,sold
5511,2021-01-17,sold
5512,2021-01-18,sold
5513,2021-01-18,sold
5514,2021-01-18,sold
5515,2021-01-18,sold
5516,2021-01-18,defective
5517,2021-01-18,sold
5518,2021-01-18,sold
5519,2021-01-18,sold
5520,2021-01-18,sold
5521,2021-01-19,sold
5522,2021-01-19,sold
5523,2021-01-19,sold
5524,2021-01-19,sold
5525,2021-01-19,sold
5526,2021-01-19,sold
5527,2021-01-19,sold
5528,2021-01-19,sold
5529,2021-01-19,sold
5530,2021-01-20,sold
5531,2021-01-20,sold
5532,2021-01-20,sold
5533,2021-01-20,sold
5534,2021-01-20,sold
5535,2021-01-20,sold
5536,2021-01-20,sold
5537,2021-01-20,sold
5538,2021-01-20,sold
5539,2021-01-21,sold
5540,2021-01-21,sold
5541,2021-01-21,sold
5542,2021-01-21,sold
5543,2021-01-21,sold
5544,2021-01-21,sold
5545,2021-01-21,sold
5546,2021-01-21,sold
5547,2021-01-21,sold
5548,2021-01-22,sold
5549,2021-01-22,sold
5550,2021-01-22,sold
5551,2021-01-22,sold
5552,2021-01-22,sold
5553,2021-01-22,sold
5554,2021-01-22,sold
5555,2021-01-22,sold
5556,2021-01-22,sold
5557,2021-01-23,sold
5558,2021-01-23,sold
5559,2021-01-23,sold
5560,2021-01-23,sold
5561,2021-01-23,sold
5562,2021-01-23,sold
5563,2021-01-23,sold
5564,2021-01-23,sold
5565,2021-01-23,sold
5566,2021-01-24,sold
5567,2021-01-24,sold
5568,2021-01-24,sold
5569,2021-01-24,sold
5570,2021-01-24,sold
5571,2021-01-24,sold
5572,2021-01-24,sold
5573,2021-01-24,sold
5574,2021-01-24,sold
5575,2021-01-25,sold
5576,2021-01-25,sold
5577,2021-01-25,sold
5578,2021-01-25,sold
5579,2021-01-25,sold
5580,2021-01-25,sold
5581,2021-01-25,sold
5582,2021-01-25,sold
5583,2021-01-25,sold
5584,2021-01-26,sold
5585,2021-01-26,sold
5586,2021-01-26,sold
5587,2021-01-26,sold
5588,2021-01-26,sold
5589,2021-01-26,sold
5590,2021-01-26,sold
5591,2021-01-26,sold
5592,2021-01-26,sold
5593,2021-01-27,sold
5594,2021-01-27,sold
5595,2021-01-27,sold
5596,2021-01-27,sold
5597,2021-01-27,sold
5598,2021-01-27,sold
5599,2021-01-27,sold
5600,2021-01-27,sold
5601,2021-01-27,sold
5602,2021-01-28,sold
5603,2021-01-28,sold
5604,2021-01-28,sold
5605,2021-01-28,sold
5606,2021-01-28,sold
5607,2021-01-28,sold
5608,2021-01-28,sold
5609,2021-01-28,sold
5610,2021-01-28,sold
5611,2021-01-29,sold
5612,2021-01-29,sold
5613,2021-01-29,sold
5614,2021-01-29,sold
5615,2021-01-29,sold
5616,2021-01-29,sold
5617,2021-01-29,sold
5618,2021-01-29,sold
5619,2021-01-29,sold
5620,2021-01-30,sold
5621,2021-01-30,sold
5622,2021-01-30,sold
5623,2021-01-30,sold
5624,2021-01-30,sold
5625,2021-01-30,sold
5626,2021-01-30,sold
5627,2021-01-30,sold
5628,2021-01-30,sold
5629,2021-01-31,sold
5630,2021-01-31,sold
5631,2021-01-31,sold
5632,2021-01-31,sold
5633,2021-01-31,sold
5634,2021-01-31,sold
5635,2021-01-31,sold
5636,2021-01-31,sold
5637,2021-01-31,sold
5638,2021-02-01,sold
5639,2021-02-01,sold
5640,2021-02-01,sold
5641,2021-02-01,sold
5642,2021-02-01,sold
5643,2021-02-01,sold
5644,2021-02-01,defective
5645,2021-02-01,sold
5646,2021-02-01,sold
5647,2021-02-02,sold
5648,2021-02-02,sold
5649,2021-02-02,sold
5650,2021-02-02,sold
5651,2021-02-02,sold
5652,2021-02-02,sold
5653,2021-02-02,sold
5654,2021-02-02,sold
5655,2021-02-02,sold
5656,2021-02-03,sold
5657,2021-02-03,sold
5658,2021-02-03,sold
5659,2021-02-03,sold
5660,2021-02-03,sold
5661,2021-02-03,sold
5662,2021-02-03,sold
5663,2021-02-03,sold
5664,2021-02-03,sold
5665,2021-02-04,sold
5666,2021-02-04,sold
5667,2021-02-04,sold
5668,2021-02-04,sold
5669,2021-02-04,sold
5670,2021-02-04,sold
5671,2021-02-04,sold
5672,2021-02-04,sold
5673,2021-02-04,sold
5674,2021-02-05,sold
5675,2021-02-05,sold
5676,2021-02-05,sold
5677,2021-02-05,sold
5678,2021-02-05,sold
5679,2021-02-05,sold
5680,2021-02-05,sold
5681,2021-02-05,sold
5682,2021-02-05,sold
5683,2021-02-06,sold
5684,2021-02-06,sold
5685,2021-02-06,sold
5686,2021-02-06,sold
5687,2021-02-06,sold
5688,2021-02-06,sold
5689,2021-02-06,sold
5690,2021-02-06,sold
5691,2021-02-06,sold
5692,2021-02-07,sold
5693,2021-02-07,sold
5694,2021-02-07,sold
5695,2021-02-07,sold
5696,2021-02-07,sold
5697,2021-02-07,sold
5698,2021-02-07,sold
5699,2021-02-07,sold
5700,2021-02-07,sold
5701,2021-02-08,sold
5702,2021-02-08,sold
5703,2021-02-08,sold
5704,2021-02-08,sold
5705,2021-02-08,sold
5706,2021-02-08,sold
5707,2021-02-08,sold
5708,2021-02-08,sold
5709,2021-02-08,sold
5710,2021-02-09,sold
5711,2021-02-09,sold
5712,2021-02-09,sold
5713,2021-02-09,sold
5714,2021-02-09,sold
5715,2021-02-09,sold
5716,2021-02-09,sold
5717,2021-02-09,sold
5718,2021-02-09,sold
5719,2021-02-10,sold
5720,2021-02-10,sold
5721,2021-02-10,sold
5722,2021-02-10,sold
5723,2021-02-10,sold
5724,2021-02-10,sold
5725,2021-02-10,sold
5726,2021-02-10,sold
5727,2021-02-10,sold
5728,2021-02-11,sold
5729,2021-02-11,sold
5730,2021-02-11,sold
5731,2021-02-11,sold
5732,2021-02-11,sold
5733,2021-02-11,sold
5734,2021-02-11,sold
5735,2021-02-11,sold
5736,2021-02-11,sold
5737,2021-02-12,sold
5738,2021-02-12,sold
5739,2021-02-12,sold
5740,2021-02-12,sold
5741,2021-02-12,sold
5742,2021-02-12,sold
5743,2021-02-12,sold
5744,2021-02-12,sold
5745,2021-02-12,sold
5746,2021-02-13,sold
5747,2021-02-13,sold
5748,2021-02-13,sold
5749,2021-02-13,sold
5750,2021-02-13,sold
5751,2021-02-13,sold
5752,2021-02-13,sold
5753,2021-02-13,sold
5754,2021-02-13,sold
5755,2021-02-14,sold
5756,2021-02-14,sold
5757,2021-02-14,sold
5758,2021-02-14,sold
5759,2021-02-14,sold
5760,2021-02-14,sold
5761,2021-02-14,sold
5762,2021-02-14,sold
5763,2021-02-14,sold
5764,2021-02-15,sold
5765,2021-02-15,sold
5766,2021-02-15,sold
5767,2021-02-15,sold
5768,2021-02-15,sold
5769,2021-02-15,sold
5770,2021-02-15,sold
5771,2021-02-15,sold
5772,2021-02-15,sold
5773,2021-02-16,sold
5774,2021-02-16,sold
5775,2021-02-16,sold
5776,2021-02-16,sold
5777,2021-02-16,sold
5778,2021-02-16,sold
5779,2021-02-16,sold
5780,2021-02-16,sold
5781,2021-02-16,sold
5782,2021-02-17,sold
5783,2021-02-17,sold
5784,2021-02-17,sold
5785,2021-02-17,sold
5786,2021-02-17,sold
5787,2021-02-17,sold
5788,2021-02-17,sold
5789,2021-02-17,sold
5790,2021-02-17,sold
5791,2021-02-18,sold
5792,2021-02-18,sold
5793,2021-02-18,sold
5794,2021-02-18,sold
5795,2021-02-18,sold
5796,2021-02-18,sold
5797,2021-02-18,sold
5798,2021-02-18,sold
5799,2021-02-18,sold
5800,2021-02-19,defective
5801,2021-02-19,sold
5802,2021-02-19,sold
5803,2021-02-19,sold
5804,2021-02-19,sold
5805,2021-02-19,sold
5806,2021-02-19,sold
5807,2021-02-19,sold
5808,2021-02-19,sold
5809,2021-02-20,sold
5810,2021-02-20,sold
5811,2021-02-20,sold
5812,2021-02-20,sold
5813,2021-02-20,sold
5814,2021-02-20,sold
5815,2021-02-20,sold
5816,2021-02-20,sold
5817,2021-02-20,sold
5818,2021-02-21,sold
5819,2021-02-21,sold
5820,2021-02-21,sold
5821,2021-02-21,sold
5822,2021-02-21,sold
5823,2021-02-21,sold
5824,2021-02-21,sold
5825,2021-02-21,sold
5826,2021-02-21,sold
5827,2021-02-22,sold
5828,2021-02-22,sold
5829,2021-02-22,sold
5830,2021-02-22,sold
5831,2021-02-22,sold
5832,2021-02-22,sold
5833,2021-02-22,sold
5834,2021-02-22,sold
5835,2021-02-22,sold
5836,2021-02-23,sold
5837,2021-02-23,sold
5838,2021-02-23,sold
5839,2021-02-23,sold
5840,2021-02-23,sold
5841,2021-02-23,sold
5842,2021-02-23,sold
5843,2021-02-23,sold
5844,2021-02-23,sold
5845,2021-02-24,sold
5846,2021-02-24,sold
5847,2021-02-24,sold
5848,2021-02-24,sold
5849,2021-02-24,sold
5850,2021-02-24,sold
5851,2021-02-24,sold
5852,2021-02-24,sold
5853,2021-02-24,sold
5854,2021-02-25,sold
5855,2021-02-25,sold
5856,2021-02-25,sold
5857,2021-02-25,sold
5858,2021-02-25,sold
5859,2021-02-25,sold
5860,2021-02-25,sold
5861,2021-02-25,sold
5862,2021-02-25,sold
5863,2021-02-26,sold
5864,2021-02-26,sold
5865,2021-02-26,sold
5866,2021-02-26,sold
5867,2021-02-26,sold
5868,2021-02-26,sold
5869,2021-02-26,sold
5870,2021-02-26,sold
5871,2021-02-26,sold
5872,2021-02-27,sold
5873,2021-02-27,sold
5874,2021-02-27,sold
5875,2021-02-27,sold
5876,2021-02-27,sold
5877,2021-02-27,sold
5878,2021-02-27,sold
5879,2021-02-27,sold
5880,2021-02-27,sold
5881,2021-02-28,sold
5882,2021-02-28,sold
5883,2021-02-28,sold
5884,2021-02-28,sold
5885,2021-02-28,sold
5886,2021-02-28,sold
5887,2021-02-28,sold
5888,2021-02-28,sold
5889,2021-02-28,sold
5890,2021-03-01,sold
5891,2021-03-01,sold
5892,2021-03-01,sold
5893,2021-03-01,sold
5894,2021-03-01,sold
5895,2021-03-01,sold
5896,2021-03-01,sold
5897,2021-03-01,sold
5898,2021-03-01,sold
5899,2021-03-02,sold
5900,2021-03-02,sold
5901,2021-03-02,sold
5902,2021-03-02,sold
5903,2021-03-02,sold
5904,2021-03-02,sold
5905,2021-03-02,sold
5906,2021-03-02,sold
5907,2021-03-02,sold
5908,2021-03-03,sold
5909,2021-03-03,sold
5910,2021-03-03,sold
5911,2021-03-03,sold
5912,2021-03-03,sold
5913,2021-03-03,sold
5914,2021-03-03,sold
5915,2021-03-03,sold
5916,2021-03-03,sold
5917,2021-03-04,sold
5918,2021-03-04,sold
5919,2021-03-04,sold
5920,2021-03-04,sold
5921,2021-03-04,defective
5922,2021-03-04,sold
5923,2021-03-04,sold
5924,2021-03-04,sold
5925,2021-03-04,sold
5926,2021-03-05,sold
5927,2021-03-05,sold
5928,2021-03-05,sold
5929,2021-03-05,sold
5930,2021-03-05,sold
5931,2021-03-05,sold
5932,2021-03-05,sold
5933,2021-03-05,sold
5934,2021-03-05,sold
5935,2021-03-06,sold
5936,2021-03-06,sold
5937,2021-03-06,sold
5938,2021-03-06,sold
5939,2021-03-06,defective
5940,2021-03-06,sold
5941,2021-03-06,sold
5942,2021-03-06,sold
5943,2021-03-06,sold
5944,2021-03-07,sold
5945,2021-03-07,defective
5946,2021-03-07,sold
5947,2021-03-07,sold
5948,2021-03-07,sold
5949,2021-03-07,sold
5950,2021-03-07,sold
5951,2021-03-07,sold
5952,2021-03-07,sold
5953,2021-03-08,sold
5954,2021-03-08,sold
5955,2021-03-08,sold
5956,2021-03-08,sold
5957,2021-03-08,sold
5958,2021-03-08,sold
5959,2021-03-08,sold
5960,2021-03-08,sold
5961,2021-03-08,sold
5962,2021-03-09,sold
5963,2021-03-09,sold
5964,2021-03-09,sold
5965,2021-03-09,sold
5966,2021-03-09,sold
5967,2021-03-09,sold
5968,2021-03-09,sold
5969,2021-03-09,sold
5970,2021-03-09,sold
5971,2021-03-10,sold
5972,2021-03-10,sold
5973,2021-03-10,sold
5974,2021-03-10,sold
5975,2021-03-10,sold
5976,2021-03-10,sold
5977,2021-03-10,sold
5978,2021-03-10,sold
5979,2021-03-10,sold
5980,2021-03-11,sold
5981,2021-03-11,sold
5982,2021-03-11,sold
5983,2021-03-11,sold
5984,2021-03-11,sold
5985,2021-03-11,sold
5986,2021-03-11,sold
5987,2021-03-11,sold
5988,2021-03-11,sold
5989,2021-03-12,sold
5990,2021-03-12,sold
5991,2021-03-12,sold
5992,2021-03-12,sold
5993,2021-03-12,sold
5994,2021-03-12,sold
5995,2021-03-12,sold
5996,2021-03-12,sold
5997,2021-03-12,sold
5998,2021-03-13,sold
5999,2021-03-13,sold
6000,2021-03-13,sold
6001,2021-03-13,sold
6002,2021-03-13,sold
6003,2021-03-13,sold
6004,2021-03-13,sold
6005,2021-03-13,sold
6006,2021-03-13,sold
6007,2021-03-14,sold
6008,2021-03-14,sold
6009,2021-03-14,sold
6010,2021-03-14,sold
6011,2021-03-14,sold
6012,2021-03-14,sold
6013,2021-03-14,sold
6014,2021-03-14,sold
6015,2021-03-14,sold
6016,2021-03-15,sold
6017,2021-03-15,sold
6018,2021-03-15,sold
6019,2021-03-15,sold
6020,2021-03-15,sold
6021,2021-03-15,sold
6022,2021-03-15,sold
6023,2021-03-15,sold
6024,2021-03-15,sold
6025,2021-03-16,sold
6026,2021-03-16,sold
6027,2021-03-16,sold
6028,2021-03-16,sold
6029,2021-03-16,sold
6030,2021-03-16,sold
6031,2021-03-16,sold
6032,2021-03-16,sold
6033,2021-03-16,sold
6034,2021-03-17,sold
6035,2021-03-17,sold
6036,2021-03-17,sold
6037,2021-03-17,sold
6038,2021-03-17,sold
6039,2021-03-17,sold
6040,2021-03-17,sold
6041,2021-03-17,sold
6042,2021-03-17,sold
6043,2021-03-18,sold
6044,2021-03-18,sold
6045,2021-03-18,sold
6046,2021-03-18,sold
6047,2021-03-18,sold
6048,2021-03-18,sold
6049,2021-03-18,sold
6050,2021-03-18,sold
6051,2021-03-18,sold
6052,2021-03-19,sold
6053,2021-03-19,sold
6054,2021-03-19,sold
6055,2021-03-19,sold
6056,2021-03-19,sold
6057,2021-03-19,sold
6058,2021-03-19,sold
6059,2021-03-19,sold
6060,2021-03-19,sold
6061,2021-03-20,sold
6062,2021-03-20,sold
6063,2021-03-20,sold
6064,2021-03-20,sold
6065,2021-03-20,sold
6066,2021-03-20,sold
6067,2021-03-20,sold
6068,2021-03-20,sold
6069,2021-03-20,sold
6070,2021-03-21,sold
6071,2021-03-21,sold
6072,2021-03-21,sold
6073,2021-03-21,sold
6074,2021-03-21,sold
6075,2021-03-21,sold
6076,2021-03-21,sold
6077,2021-03-21,sold
6078,2021-03-21,sold
6079,2021-03-22,sold
6080,2021-03-22,sold
6081,2021-03-22,sold
6082,2021-03-22,sold
6083,2021-03-22,sold
6084,2021-03-22,sold
6085,2021-03-22,sold
6086,2021-03-22,sold
6087,2021-03-22,sold
6088,2021-03-23,sold
6089,2021-03-23,sold
6090,2021-03-23,sold
6091,2021-03-23,sold
6092,2021-03-23,sold
6093,2021-03-23,sold
6094,2021-03-23,sold
6095,2021-03-23,sold
6096,2021-03-23,sold
6097,2021-03-24,sold
6098,2021-03-24,sold
6099,2021-03-24,sold
6100,2021-03-24,sold
6101,2021-03-24,sold
6102,2021-03-24,sold
6103,2021-03-24,sold
6104,2021-03-24,sold
6105,2021-03-24,sold
6106,2021-03-25,sold
6107,2021-03-25,sold
6108,2021-03-25,sold
6109,2021-03-25,sold
6110,2021-03-25,sold
6111,2021-03-25,sold
6112,2021-03-25,sold
6113,2021-03-25,sold
6114,2021-03-25,sold
6115,2021-03-26,sold
6116,2021-03-26,sold
6117,2021-03-26,sold
6118,2021-03-26,sold
6119,2021-03-26,sold
6120,2021-03-26,sold
6121,2021-03-26,sold
6122,2021-03-26,sold
6123,2021-03-26,sold
6124,2021-03-27,sold
6125,2021-03-27,sold
6126,2021-03-27,sold
6127,2021-03-27,sold
6128,2021-03-27,sold
6129,2021-03-27,sold
6130,2021-03-27,sold
6131,2021-03-27,sold
6132,2021-03-27,sold
6133,2021-03-28,sold
6134,2021-03-28,sold
6135,2021-03-28,sold
6136,2021-03-28,sold
6137,2021-03-28,sold
6138,2021-03-28,sold
6139,2021-03-28,sold
6140,2021-03-28,sold
6141,2021-03-28,sold
6142,2021-03-29,sold
6143,2021-03-29,sold
6144,2021-03-29,sold
6145,2021-03-29,sold
6146,2021-03-29,sold
6147,2021-03-29,sold
6148,2021-03-29,sold
6149,2021-03-29,sold
6150,2021-03-29,sold
6151,2021-03-30,sold
6152,2021-03-30,sold
6153,2021-03-30,sold
6154,2021-03-30,sold
6155,2021-03-30,sold
6156,2021-03-30,sold
6157,2021-03-30,sold
6158,2021-03-30,sold
6159,2021-03-30,sold
6160,2021-03-31,sold
6161,2021-03-31,sold
6162,2021-03-31,sold
6163,2021-03-31,sold
6164,2021-03-31,sold
6165,2021-03-31,sold
6166,2021-03-31,sold
6167,2021-03-31,sold
6168,2021-03-31,sold
6169,2021-04-01,sold
6170,2021-04-01,sold
6171,2021-04-01,sold
6172,2021-04-01,sold
6173,2021-04-01,sold
6174,2021-04-01,sold
6175,2021-04-01,sold
6176,2021-04-01,sold
6177,2021-04-01,sold
6178,2021-04-02,sold
6179,2021-04-02,sold
6180,2021-04-02,sold
6181,2021-04-02,sold
6182,2021-04-02,sold
6183,2021-04-02,sold
6184,2021-04-02,sold
6185,2021-04-02,sold
6186,2021-04-02,sold
6187,2021-04-03,sold
6188,2021-04-03,sold
6189,2021-04-03,sold
6190,2021-04-03,sold
6191,2021-04-03,sold
6192,2021-04-03,sold
6193,2021-04-03,sold
6194,2021-04-03,sold
6195,2021-04-03,sold
6196,2021-04-04,sold
6197,2021-04-04,sold
6198,2021-04-04,sold
6199,2021-04-04,sold
6200,2021-04-04,sold
6201,2021-04-04,sold
6202,2021-04-04,sold
6203,2021-04-04,sold
6204,2021-04-04,sold
6205,2021-04-05,sold
6206,2021-04-05,sold
6207,2021-04-05,sold
6208,2021-04-05,sold
6209,2021-04-05,sold
6210,2021-04-05,defective
6211,2021-04-05,sold
6212,2021-04-05,sold
6213,2021-04-05,sold
6214,2021-04-06,sold
6215,2021-04-06,sold
6216,2021-04-06,sold
6217,2021-04-06,sold
6218,2021-04-06,sold
6219,2021-04-06,sold
6220,2021-04-06,sold
6221,2021-04-06,sold
6222,2021-04-06,sold
6223,2021-04-07,sold
6224,2021-04-07,sold
6225,2021-04-07,sold
6226,2021-04-07,sold
6227,2021-04-07,sold
6228,2021-04-07,sold
6229,2021-04-07,sold
6230,2021-04-07,sold
6231,2021-04-07,sold
6232,2021-04-08,sold
6233,2021-04-08,sold
6234,2021-04-08,sold
6235,2021-04-08,sold
6236,2021-04-08,sold
6237,2021-04-08,sold
6238,2021-04-08,sold
6239,2021-04-08,sold
6240,2021-04-08,sold
6241,2021-04-09,sold
6242,2021-04-09,sold
6243,2021-04-09,sold
6244,2021-04-09,sold
6245,2021-04-09,sold
6246,2021-04-09,sold
6247,2021-04-09,sold
6248,2021-04-09,sold
6249,2021-04-09,sold
6250,2021-04-10,sold
6251,2021-04-10,sold
6252,2021-04-10,defective
6253,2021-04-10,sold
6254,2021-04-10,sold
6255,2021-04-10,sold
6256,2021-04-10,sold
6257,2021-04-10,sold
6258,2021-04-10,sold
6259,2021-04-11,sold
6260,2021-04-11,sold
6261,2021-04-11,sold
6262,2021-04-11,sold
6263,2021-04-11,sold
6264,2021-04-11,sold
6265,2021-04-11,sold
6266,2021-04-11,sold
6267,2021-04-11,sold
6268,2021-04-12,defective
6269,2021-04-12,sold
6270,2021-04-12,sold
6271,2021-04-12,sold
6272,2021-04-12,sold
6273,2021-04-12,sold
6274,2021-04-12,sold
6275,2021-04-12,sold
6276,2021-04-12,sold
6277,2021-04-13,sold
6278,2021-04-13,sold
6279,2021-04-13,sold
6280,2021-04-13,sold
6281,2021-04-13,sold
6282,2021-04-13,sold
6283,2021-04-13,sold
6284,2021-04-13,sold
6285,2021-04-13,sold
6286,2021-04-14,sold
6287,2021-04-14,sold
6288,2021-04-14,sold
6289,2021-04-14,sold
6290,2021-04-14,sold
6291,2021-04-14,sold
6292,2021-04-14,sold
6293,2021-04-14,sold
6294,2021-04-14,sold
6295,2021-04-15,sold
6296,2021-04-15,sold
6297,2021-04-15,sold
6298,2021-04-15,sold
6299,2021-04-15,sold
6300,2021-04-15,sold
6301,2021-04-15,sold
6302,2021-04-15,sold
6303,2021-04-15,sold
6304,2021-04-16,sold
6305,2021-04-16,sold
6306,2021-04-16,sold
6307,2021-04-16,sold
6308,2021-04-16,sold
6309,2021-04-16,sold
6310,2021-04-16,sold
6311,2021-04-16,sold
6312,2021-04-16,sold
6313,2021-04-17,sold
6314,2021-04-17,sold
6315,2021-04-17,sold
6316,2021-04-17,sold
6317,2021-04-17,sold
6318,2021-04-17,sold
6319,2021-04-17,sold
6320,2021-04-17,sold
6321,2021-04-17,sold
6322,2021-04-18,sold
6323,2021-04-18,sold
6324,2021-04-18,sold
6325,2021-04-18,sold
6326,2021-04-18,sold
6327,2021-04-18,sold
6328,2021-04-18,sold
6329,2021-04-18,sold
6330,2021-04-18,sold
6331,2021-04-19,sold
6332,2021-04-19,sold
6333,2021-04-19,sold
6334,2021-04-19,sold
6335,2021-04-19,sold
6336,2021-04-19,sold
6337,2021-04-19,sold
6338,2021-04-19,sold
6339,2021-04-19,sold
6340,2021-04-20,sold
6341,2021-04-20,sold
6342,2021-04-20,sold
6343,2021-04-20,sold
6344,2021-04-20,sold
6345,2021-04-20,sold
6346,2021-04-20,sold
6347,2021-04-20,sold
6348,2021-04-20,sold
6349,2021-04-21,sold
6350,2021-04-21,sold
6351,2021-04-21,sold
6352,2021-04-21,sold
6353,2021-04-21,sold
6354,2021-04-21,sold
6355,2021-04-21,sold
6356,2021-04-21,sold
6357,2021-04-21,sold
6358,2021-04-22,sold
6359,2021-04-22,sold
6360,2021-04-22,sold
6361,2021-04-22,sold
6362,2021-04-22,sold
6363,2021-04-22,sold
6364,2021-04-22,sold
6365,2021-04-22,sold
6366,2021-04-22,sold
6367,2021-04-23,sold
6368,2021-04-23,sold
6369,2021-04-23,sold
6370,2021-04-23,sold
6371,2021-04-23,sold
6372,2021-04-23,sold
6373,2021-04-23,sold
6374,2021-04-23,sold
6375,2021-04-23,sold
6376,2021-04-24,sold
6377,2021-04-24,sold
6378,2021-04-24,sold
6379,2021-04-24,sold
6380,2021-04-24,sold
6381,2021-04-24,sold
6382,2021-04-24,sold
6383,2021-04-24,sold
6384,2021-04-24,sold
6385,2021-04-25,sold
6386,2021-04-25,sold
6387,2021-04-25,sold
6388,2021-04-25,sold
6389,2021-04-25,sold
6390,2021-04-25,sold
6391,2021-04-25,sold
6392,2021-04-25,sold
6393,2021-04-25,sold
6394,2021-04-26,sold
6395,2021-04-26,sold
6396,2021-04-26,sold
6397,2021-04-26,sold
6398,2021-04-26,sold
6399,2021-04-26,sold
6400,2021-04-26,sold
6401,2021-04-26,sold
6402,2021-04-26,sold
6403,2021-04-27,sold
6404,2021-04-27,sold
6405,2021-04-27,sold
6406,2021-04-27,sold
6407,2021-04-27,sold
6408,2021-04-27,sold
6409,2021-04-27,sold
6410,2021-04-27,sold
6411,2021-04-27,sold
6412,2021-04-28,sold
6413,2021-04-28,sold
6414,2021-04-28,sold
6415,2021-04-28,sold
6416,2021-04-28,defective
6417,2021-04-28,sold
6418,2021-04-28,sold
6419,2021-04-28,sold
6420,2021-04-28,sold
6421,2021-04-29,sold
6422,2021-04-29,sold
6423,2021-04-29,sold
6424,2021-04-29,sold
6425,2021-04-29,sold
6426,2021-04-29,sold
6427,2021-04-29,sold
6428,2021-04-29,sold
6429,2021-04-29,sold
6430,2021-04-30,sold
6431,2021-04-30,sold
6432,2021-04-30,sold
6433,2021-04-30,sold
6434,2021-04-30,sold
6435,2021-04-30,sold
6436,2021-04-30,sold
6437,2021-04-30,sold
6438,2021-04-30,sold
6439,2021-05-01,sold
6440,2021-05-01,sold
6441,2021-05-01,sold
6442,2021-05-01,sold
6443,2021-05-01,sold
6444,2021-05-01,sold
6445,2021-05-01,sold
6446,2021-05-01,sold
6447,2021-05-01,sold
6448,2021-05-02,sold
6449,2021-05-02,sold
6450,2021-05-02,sold
6451,2021-05-02,sold
6452,2021-05-02,sold
6453,2021-05-02,sold
6454,2021-05-02,sold
6455,2021-05-02,sold
6456,2021-05-02,sold
6457,2021-05-03,sold
6458,2021-05-03,sold
6459,2021-05-03,sold
6460,2021-05-03,sold
6461,2021-05-03,sold
6462,2021-05-03,sold
6463,2021-05-03,sold
6464,2021-05-03,sold
6465,2021-05-03,sold
6466,2021-05-04,sold
6467,2021-05-04,sold
6468,2021-05-04,sold
6469,2021-05-04,sold
6470,2021-05-04,sold
6471,2021-05-04,sold
6472,2021-05-04,sold
6473,2021-05-04,sold
6474,2021-05-04,sold
6475,2021-05-05,sold
6476,2021-05-05,sold
6477,2021-05-05,sold
6478,2021-05-05,sold
6479,2021-05-05,sold
6480,2021-05-05,sold
6481,2021-05-05,sold
6482,2021-05-05,sold
6483,2021-05-05,sold
6484,2021-05-06,sold
6485,2021-05-06,sold
6486,2021-05-06,sold
6487,2021-05-06,sold
6488,2021-05-06,sold
6489,2021-05-06,sold
6490,2021-05-06,sold
6491,2021-05-06,sold
6492,2021-05-06,sold
6493,2021-05-07,sold
6494,2021-05-07,sold
6495,2021-05-07,sold
6496,2021-05-07,sold
6497,2021-05-07,sold
6498,2021-05-07,sold
6499,2021-05-07,sold
6500,2021-05-07,sold
6501,2021-05-07,sold
6502,2021-05-08,sold
6503,2021-05-08,sold
6504,2021-05-08,sold
6505,2021-05-08,sold
6506,2021-05-08,defective
6507,2021-05-08,sold
6508,2021-05-08,sold
6509,2021-05-08,sold
6510,2021-05-08,sold
6511,2021-05-09,sold
6512,2021-05-09,sold
6513,2021-05-09,sold
6514,2021-05-09,sold
6515,2021-05-09,sold
6516,2021-05-09,sold
6517,2021-05-09,sold
6518,2021-05-09,sold
6519,2021-05-09,sold
6520,2021-05-10,sold
6521,2021-05-10,sold
6522,2021-05-10,sold
6523,2021-05-10,sold
6524,2021-05-10,sold
6525,2021-05-10,sold
6526,2021-05-10,sold
6527,2021-05-10,sold
6528,2021-05-10,sold
6529,2021-05-11,sold
6530,2021-05-11,sold
6531,2021-05-11,sold
6532,2021-05-11,sold
6533,2021-05-11,sold
6534,2021-05-11,sold
6535,2021-05-11,sold
6536,2021-05-11,sold
6537,2021-05-11,sold
6538,2021-05-12,sold
6539,2021-05-12,sold
6540,2021-05-12,sold
6541,2021-05-12,sold
6542,2021-05-12,sold
6543,2021-05-12,sold
6544,2021-05-12,sold
6545,2021-05-12,sold
6546,2021-05-12,sold
6547,2021-05-13,sold
6548,2021-05-13,sold
6549,2021-05-13,sold
6550,2021-05-13,sold
6551,2021-05-13,sold
6552,2021-05-13,sold
6553,2021-05-13,sold
6554,2021-05-13,sold
6555,2021-05-13,sold
6556,2021-05-14,sold
6557,2021-05-14,sold
6558,2021-05-14,sold
6559,2021-05-14,sold
6560,2021-05-14,sold
6561,2021-05-14,defective
6562,2021-05-14,sold
6563,2021-05-14,sold
6564,2021-05-14,sold
6565,2021-05-15,sold
6566,2021-05-15,sold
6567,2021-05-15,sold
6568,2021-05-15,sold
6569,2021-05-15,sold
6570,2021-05-15,sold
6571,2021-05-15,sold
6572,2021-05-15,sold
6573,2021-05-15,sold
6574,2021-05-16,sold
6575,2021-05-16,sold
6576,2021-05-16,sold
6577,2021-05-16,sold
6578,2021-05-16,sold
6579,2021-05-16,sold
6580,2021-05-16,sold
6581,2021-05-16,sold
6582,2021-05-16,sold
6583,2021-05-17,sold
6584,2021-05-17,sold
6585,2021-05-17,sold
6586,2021-05-17,sold
6587,2021-05-17,sold
6588,2021-05-17,sold
6589,2021-05-17,sold
6590,2021-05-17,sold
6591,2021-05-17,sold
6592,2021-05-18,sold
6593,2021-05-18,sold
6594,2021-05-18,sold
6595,2021-05-18,sold
6596,2021-05-18,sold
6597,2021-05-18,sold
6598,2021-05-18,sold
6599,2021-05-18,sold
6600,2021-05-18,defective
6601,2021-05-19,sold
6602,2021-05-19,sold
6603,2021-05-19,sold
6604,2021-05-19,sold
6605,2021-05-19,sold
6606,2021-05-19,sold
6607,2021-05-19,sold
6608,2021-05-19,sold
6609,2021-05-19,sold
6610,2021-05-20,sold
6611,2021-05-20,sold
6612,2021-05-20,sold
6613,2021-05-20,sold
6614,2021-05-20,sold
6615,2021-05-20,sold
6616,2021-05-20,sold
6617,2021-05-20,sold
6618,2021-05-20,sold
6619,2021-05-21,sold
6620,2021-05-21,sold
6621,2021-05-21,sold
6622,2021-05-21,sold
6623,2021-05-21,sold
6624,2021-05-21,sold
6625,2021-05-21,sold
6626,2021-05-21,sold
6627,2021-05-21,sold
6628,2021-05-22,sold
6629,2021-05-22,sold
6630,2021-05-22,sold
6631,2021-05-22,sold
6632,2021-05-22,sold
6633,2021-05-22,sold
6634,2021-05-22,sold
6635,2021-05-22,sold
6636,2021-05-22,sold
6637,2021-05-23,sold
6638,2021-05-23,sold
6639,2021-05-23,sold
6640,2021-05-23,sold
6641,2021-05-23,sold
6642,2021-05-23,sold
6643,2021-05-23,sold
6644,2021-05-23,sold
6645,2021-05-23,sold
6646,2021-05-24,sold
6647,2021-05-24,sold
6648,2021-05-24,sold
6649,2021-05-24,sold
6650,2021-05-24,sold
6651,2021-05-24,sold
6652,2021-05-24,sold
6653,2021-05-24,sold
6654,2021-05-24,sold
6655,2021-05-25,sold
6656,2021-05-25,sold
6657,2021-05-25,sold
6658,2021-05-25,sold
6659,2021-05-25,sold
6660,2021-05-25,sold
6661,2021-05-25,sold
6662,2021-05-25,sold
6663,2021-05-25,sold
6664,2021-05-26,sold
6665,2021-05-26,sold
6666,2021-05-26,sold
6667,2021-05-26,sold
6668,2021-05-26,sold
6669,2021-05-26,sold
6670,2021-05-26,sold
6671,2021-05-26,sold
6672,2021-05-26,sold
6673,2021-05-27,sold
6674,2021-05-27,sold
6675,2021-05-27,sold
6676,2021-05-27,sold
6677,2021-05-27,sold
6678,2021-05-27,sold
6679,2021-05-27,sold
6680,2021-05-27,sold
6681,2021-05-27,sold
6682,2021-05-28,sold
6683,2021-05-28,sold
6684,2021-05-28,sold
6685,2021-05-28,sold
6686,2021-05-28,sold
6687,2021-05-28,sold
6688,2021-05-28,sold
6689,2021-05-28,sold
6690,2021-05-28,sold
6691,2021-05-29,sold
6692,2021-05-29,sold
6693,2021-05-29,sold
6694,2021-05-29,sold
6695,2021-05-29,sold
6696,2021-05-29,sold
6697,2021-05-29,sold
6698,2021-05-29,sold
6699,2021-05-29,sold
6700,2021-05-30,sold
6701,2021-05-30,sold
6702,2021-05-30,sold
6703,2021-05-30,sold
6704,2021-05-30,sold
6705,2021-05-30,sold
6706,2021-05-30,sold
6707,2021-05-30,sold
6708,2021-05-30,sold
6709,2021-05-31,sold
6710,2021-05-31,sold
6711,2021-05-31,sold
6712,2021-05-31,sold
6713,2021-05-31,sold
6714,2021-05-31,sold
6715,2021-05-31,sold
6716,2021-05-31,sold
6717,2021-05-31,sold
6718,2021-06-01,sold
6719,2021-06-01,sold
6720,2021-06-01,sold
6721,2021-06-01,sold
6722,2021-06-01,sold
6723,2021-06-01,sold
6724,2021-06-01,sold
6725,2021-06-01,sold
6726,2021-06-01,sold
6727,2021-06-02,sold
6728,2021-06-02,sold
6729,2021-06-02,sold
6730,2021-06-02,sold
6731,2021-06-02,sold
6732,2021-06-02,sold
6733,2021-06-02,sold
6734,2021-06-02,sold
6735,2021-06-02,sold
6736,2021-06-03,defective
6737,2021-06-03,sold
6738,2021-06-03,sold
6739,2021-06-03,sold
6740,2021-06-03,sold
6741,2021-06-03,sold
6742,2021-06-03,sold
6743,2021-06-03,sold
6744,2021-06-03,sold
6745,2021-06-04,sold
6746,2021-06-04,sold
6747,2021-06-04,sold
6748,2021-06-04,sold
6749,2021-06-04,sold
6750,2021-06-04,sold
6751,2021-06-04,sold
6752,2021-06-04,sold
6753,2021-06-04,sold
6754,2021-06-05,sold
6755,2021-06-05,sold
6756,2021-06-05,sold
6757,2021-06-05,sold
6758,2021-06-05,sold
6759,2021-06-05,sold
6760,2021-06-05,sold
6761,2021-06-05,sold
6762,2021-06-05,sold
6763,2021-06-06,sold
6764,2021-06-06,sold
6765,2021-06-06,sold
6766,2021-06-06,sold
6767,2021-06-06,sold
6768,2021-06-06,sold
6769,2021-06-06,sold
6770,2021-06-06,sold
6771,2021-06-06,sold
6772,2021-06-07,sold
6773,2021-06-07,sold
6774,2021-06-07,sold
6775,2021-06-07,sold
6776,2021-06-07,defective
6777,2021-06-07,sold
6778,2021-06-07,sold
6779,2021-06-07,sold
6780,2021-06-07,sold
6781,2021-06-08,sold
6782,2021-06-08,sold
6783,2021-06-08,sold
6784,2021-06-08,sold
6785,2021-06-08,sold
6786,2021-06-08,sold
6787,2021-06-08,sold
6788,2021-06-08,sold
6789,2021-06-08,sold
6790,2021-06-09,sold
6791,2021-06-09,sold
6792,2021-06-09,sold
6793,2021-06-09,sold
6794,2021-06-09,sold
6795,2021-06-09,sold
6796,2021-06-09,sold
6797,2021-06-09,sold
6798,2021-06-09,sold
6799,2021-06-10,sold
6800,2021-06-10,sold
6801,2021-06-10,sold
6802,2021-06-10,sold
6803,2021-06-10,sold
6804,2021-06-10,sold
6805,2021-06-10,sold
6806,2021-06-10,sold
6807,2021-06-10,sold
6808,2021-06-11,sold
6809,2021-06-11,sold
6810,2021-06-11,sold
6811,2021-06-11,sold
6812,2021-06-11,sold
6813,2021-06-11,sold
6814,2021-06-11,sold
6815,2021-06-11,sold
6816,2021-06-11,sold
6817,2021-06-12,sold
6818,2021-06-12,sold
6819,2021-06-12,sold
6820,2021-06-12,sold
6821,2021-06-12,sold
6822,2021-06-12,sold
6823,2021-06-12,sold
6824,2021-06-12,sold
6825,2021-06-12,sold
6826,2021-06-13,sold
6827,2021-06-13,sold
6828,2021-06-13,sold
6829,2021-06-13,sold
6830,2021-06-13,sold
6831,2021-06-13,sold
6832,2021-06-13,sold
6833,2021-06-13,sold
6834,2021-06-13,sold
6835,2021-06-14,sold
6836,2021-06-14,sold
6837,2021-06-14,sold
6838,2021-06-14,sold
6839,2021-06-14,sold
6840,2021-06-14,sold
6841,2021-06-14,sold
6842,2021-06-14,sold
6843,2021-06-14,sold
6844,2021-06-15,sold
6845,2021-06-15,sold
6846,2021-06-15,sold
6847,2021-06-15,sold
6848,2021-06-15,sold
6849,2021-06-15,sold
6850,2021-06-15,sold
6851,2021-06-15,sold
6852,2021-06-15,sold
6853,2021-06-16,sold
6854,2021-06-16,sold
6855,2021-06-16,sold
6856,2021-06-16,sold
6857,2021-06-16,sold
6858,2021-06-16,sold
6859,2021-06-16,sold
6860,2021-06-16,sold
6861,2021-06-16,sold
6862,2021-06-17,sold
6863,2021-06-17,sold
6864,2021-06-17,sold
6865,2021-06-17,sold
6866,2021-06-17,sold
6867,2021-06-17,sold
6868,2021-06-17,sold
6869,2021-06-17,sold
6870,2021-06-17,sold
6871,2021-06-18,sold
6872,2021-06-18,sold
6873,2021-06-18,sold
6874,2021-06-18,sold
6875,2021-06-18,sold
6876,2021-06-18,sold
6877,2021-06-18,sold
6878,2021-06-18,sold
6879,2021-06-18,sold
6880,2021-06-19,sold
6881,2021-06-19,sold
6882,2021-06-19,sold
6883,2021-06-19,sold
6884,2021-06-19,sold
6885,2021-06-19,sold
6886,2021-06-19,sold
6887,2021-06-19,sold
6888,2021-06-19,sold
6889,2021-06-20,sold
6890,2021-06-20,sold
6891,2021-06-20,sold
6892,2021-06-20,sold
6893,2021-06-20,sold
6894,2021-06-20,sold
6895,2021-06-20,sold
6896,2021-06-20,sold
6897,2021-06-20,sold
6898,2021-06-21,sold
6899,2021-06-21,sold
6900,2021-06-21,sold
6901,2021-06-21,sold
6902,2021-06-21,sold
6903,2021-06-21,sold
6904,2021-06-21,sold
6905,2021-06-21,sold
6906,2021-06-21,sold
6907,2021-06-22,sold
6908,2021-06-22,sold
6909,2021-06-22,sold
6910,2021-06-22,sold
6911,2021-06-22,sold
6912,2021-06-22,sold
6913,2021-06-22,sold
6914,2021-06-22,sold
6915,2021-06-22,sold
6916,2021-06-23,sold
6917,2021-06-23,sold
6918,2021-06-23,sold
6919,2021-06-23,sold
6920,2021-06-23,sold
6921,2021-06-23,sold
6922,2021-06-23,sold
6923,2021-06-23,sold
6924,2021-06-23,sold
6925,2021-06-24,sold
6926,2021-06-24,sold
6927,2021-06-24,sold
6928,2021-06-24,sold
6929,2021-06-24,sold
6930,2021-06-24,sold
6931,2021-06-24,sold
6932,2021-06-24,sold
6933,2021-06-24,sold
6934,2021-06-25,sold
6935,2021-06-25,sold
6936,2021-06-25,sold
6937,2021-06-25,sold
6938,2021-06-25,sold
6939,2021-06-25,sold
6940,2021-06-25,sold
6941,2021-06-25,sold
6942,2021-06-25,sold
6943,2021-06-26,sold
6944,2021-06-26,sold
6945,2021-06-26,sold
6946,2021-06-26,sold
6947,2021-06-26,sold
6948,2021-06-26,sold
6949,2021-06-26,sold
6950,2021-06-26,sold
6951,2021-06-26,sold
6952,2021-06-27,sold
6953,2021-06-27,sold
6954,2021-06-27,sold
6955,2021-06-27,sold
6956,2021-06-27,sold
6957,2021-06-27,sold
6958,2021-06-27,sold
6959,2021-06-27,sold
6960,2021-06-27,sold
6961,2021-06-28,sold
6962,2021-06-28,sold
6963,2021-06-28,sold
6964,2021-06-28,sold
6965,2021-06-28,sold
6966,2021-06-28,sold
6967,2021-06-28,sold
6968,2021-06-28,sold
6969,2021-06-28,sold
6970,2021-06-29,sold
6971,2021-06-29,sold
6972,2021-06-29,sold
6973,2021-06-29,sold
6974,2021-06-29,sold
6975,2021-06-29,sold
6976,2021-06-29,sold
6977,2021-06-29,sold
6978,2021-06-29,sold
6979,2021-06-30,sold
6980,2021-06-30,sold
6981,2021-06-30,sold
6982,2021-06-30,sold
6983,2021-06-30,sold
6984,2021-06-30,sold
6985,2021-06-30,sold
6986,2021-06-30,sold
6987,2021-06-30,sold
6988,2021-07-01,sold
6989,2021-07-01,sold
6990,2021-07-01,sold
6991,2021-07-01,sold
6992,2021-07-01,sold
6993,2021-07-01,sold
6994,2021-07-01,sold
6995,2021-07-01,sold
6996,2021-07-01,sold
6997,2021-07-02,sold
6998,2021-07-02,sold
6999,2021-07-02,sold
7000,2021-07-02,sold
7001,2021-07-02,sold
7002,2021-07-02,sold
7003,2021-07-02,sold
7004,2021-07-02,sold
7005,2021-07-02,sold
7006,2021-07-03,sold
7007,2021-07-03,sold
7008,2021-07-03,sold
7009,2021-07-03,sold
7010,2021-07-03,sold
7011,2021-07-03,sold
7012,2021-07-03,sold
7013,2021-07-03,sold
7014,2021-07-03,sold
7015,2021-07-04,sold
7016,2021-07-04,sold
7017,2021-07-04,sold
7018,2021-07-04,sold
7019,2021-07-04,sold
7020,2021-07-04,sold
7021,2021-07-04,sold
7022,2021-07-04,sold
7023,2021-07-04,sold
7024,2021-07-05,sold
7025,2021-07-05,sold
7026,2021-07-05,sold
7027,2021-07-05,sold
7028,2021-07-05,sold
7029,2021-07-05,sold
7030,2021-07-05,sold
7031,2021-07-05,sold
7032,2021-07-05,sold
7033,2021-07-06,sold
7034,2021-07-06,sold
7035,2021-07-06,sold
7036,2021-07-06,sold
7037,2021-07-06,sold
7038,2021-07-06,sold
7039,2021-07-06,sold
7040,2021-07-06,sold
7041,2021-07-06,sold
7042,2021-07-07,sold
7043,2021-07-07,sold
7044,2021-07-07,sold
7045,2021-07-07,sold
7046,2021-07-07,sold
7047,2021-07-07,sold
7048,2021-07-07,sold
7049,2021-07-07,sold
7050,2021-07-07,sold
7051,2021-07-08,sold
7052,2021-07-08,sold
7053,2021-07-08,sold
7054,2021-07-08,sold
7055,2021-07-08,sold
7056,2021-07-08,sold
7057,2021-07-08,sold
7058,2021-07-08,sold
7059,2021-07-08,sold
7060,2021-07-09,sold
7061,2021-07-09,sold
7062,2021-07-09,sold
7063,2021-07-09,sold
7064,2021-07-09,sold
7065,2021-07-09,sold
7066,2021-07-09,sold
7067,2021-07-09,sold
7068,2021-07-09,sold
7069,2021-07-10,sold
7070,2021-07-10,sold
7071,2021-07-10,sold
7072,2021-07-10,sold
7073,2021-07-10,sold
7074,2021-07-10,sold
7075,2021-07-10,sold
7076,2021-07-10,sold
7077,2021-07-10,sold
7078,2021-07-11,sold
7079,2021-07-11,sold
7080,2021-07-11,sold
7081,2021-07-11,sold
7082,2021-07-11,sold
7083,2021-07-11,sold
7084,2021-07-11,sold
7085,2021-07-11,sold
7086,2021-07-11,sold
7087,2021-07-12,sold
7088,2021-07-12,sold
7089,2021-07-12,sold
7090,2021-07-12,sold
7091,2021-07-12,sold
7092,2021-07-12,sold
7093,2021-07-12,sold
7094,2021-07-12,sold
7095,2021-07-12,sold
7096,2021-07-13,sold
7097,2021-07-13,sold
7098,2021-07-13,sold
7099,2021-07-13,sold
7100,2021-07-13,sold
7101,2021-07-13,sold
7102,2021-07-13,sold
7103,2021-07-13,sold
7104,2021-07-13,sold
7105,2021-07-14,sold
7106,2021-07-14,sold
7107,2021-07-14,sold
7108,2021-07-14,sold
7109,2021-07-14,sold
7110,2021-07-14,sold
7111,2021-07-14,sold
7112,2021-07-14,sold
7113,2021-07-14,sold
7114,2021-07-15,sold
7115,2021-07-15,sold
7116,2021-07-15,sold
7117,2021-07-15,sold
7118,2021-07-15,sold
7119,2021-07-15,sold
7120,2021-07-15,sold
7121,2021-07-15,sold
7122,2021-07-15,sold
7123,2021-07-16,sold
7124,2021-07-16,sold
7125,2021-07-16,sold
7126,2021-07-16,sold
7127,2021-07-16,sold
7128,2021-07-16,defective
7129,2021-07-16,sold
7130,2021-07-16,sold
7131,2021-07-16,sold
7132,2021-07-17,sold
7133,2021-07-17,sold
7134,2021-07-17,sold
7135,2021-07-17,sold
7136,2021-07-17,sold
7137,2021-07-17,sold
7138,2021-07-17,sold
7139,2021-07-17,sold
7140,2021-07-17,sold
7141,2021-07-18,sold
7142,2021-07-18,sold
7143,2021-07-18,sold
7144,2021-07-18,sold
7145,2021-07-18,sold
7146,2021-07-18,sold
7147,2021-07-18,sold
7148,2021-07-18,sold
7149,2021-07-18,sold
7150,2021-07-19,sold
7151,2021-07-19,sold
7152,2021-07-19,sold
7153,2021-07-19,sold
7154,2021-07-19,sold
7155,2021-07-19,sold
7156,2021-07-19,sold
7157,2021-07-19,sold
7158,2021-07-19,sold
7159,2021-07-20,sold
7160,2021-07-20,sold
7161,2021-07-20,sold
7162,2021-07-20,sold
7163,2021-07-20,sold
7164,2021-07-20,sold
7165,2021-07-20,sold
7166,2021-07-20,sold
7167,2021-07-20,sold
7168,2021-07-21,sold
7169,2021-07-21,sold
7170,2021-07-21,sold
7171,2021-07-21,sold
7172,2021-07-21,sold
7173,2021-07-21,sold
7174,2021-07-21,sold
7175,2021-07-21,sold
7176,2021-07-21,sold
7177,2021-07-22,sold
7178,2021-07-22,sold
7179,2021-07-22,sold
7180,2021-07-22,sold
7181,2021-07-22,sold
7182,2021-07-22,sold
7183,2021-07-22,sold
7184,2021-07-22,sold
7185,2021-07-22,sold
7186,2021-07-23,sold
7187,2021-07-23,sold
7188,2021-07-23,sold
7189,2021-07-23,sold
7190,2021-07-23,sold
7191,2021-07-23,sold
7192,2021-07-23,sold
7193,2021-07-23,sold
7194,2021-07-23,sold
7195,2021-07-24,sold
7196,2021-07-24,sold
7197,2021-07-24,sold
7198,2021-07-24,sold
7199,2021-07-24,sold
7200,2021-07-24,sold
7201,2021-07-24,sold
7202,2021-07-24,sold
7203,2021-07-24,sold
7204,2021-07-25,sold
7205,2021-07-25,sold
7206,2021-07-25,sold
7207,2021-07-25,sold
7208,2021-07-25,sold
7209,2021-07-25,sold
7210,2021-07-25,sold
7211,2021-07-25,sold
7212,2021-07-25,sold
7213,2021-07-26,sold
7214,2021-07-26,sold
7215,2021-07-26,sold
7216,2021-07-26,sold
7217,2021-07-26,sold
7218,2021-07-26,sold
7219,2021-07-26,sold
7220,2021-07-26,sold
7221,2021-07-26,sold
7222,2021-07-27,sold
7223,2021-07-27,sold
7224,2021-07-27,sold
7225,2021-07-27,sold
7226,2021-07-27,sold
7227,2021-07-27,sold
7228,2021-07-27,sold
7229,2021-07-27,sold
7230,2021-07-27,sold
7231,2021-07-28,sold
7232,2021-07-28,sold
7233,2021-07-28,sold
7234,2021-07-28,sold
7235,2021-07-28,sold
7236,2021-07-28,sold
7237,2021-07-28,sold
7238,2021-07-28,sold
7239,2021-07-28,sold
7240,2021-07-29,sold
7241,2021-07-29,sold
7242,2021-07-29,sold
7243,2021-07-29,sold
7244,2021-07-29,sold
7245,2021-07-29,defective
7246,2021-07-29,sold
7247,2021-07-29,sold
7248,2021-07-29,sold
7249,2021-07-30,sold
7250,2021-07-30,sold
7251,2021-07-30,sold
7252,2021-07-30,sold
7253,2021-07-30,sold
7254,2021-07-30,defective
7255,2021-07-30,sold
7256,2021-07-30,sold
7257,2021-07-30,sold
7258,2021-07-31,sold
7259,2021-07-31,sold
7260,2021-07-31,sold
7261,2021-07-31,sold
7262,2021-07-31,sold
7263,2021-07-31,sold
7264,2021-07-31,sold
7265,2021-07-31,sold
7266,2021-07-31,sold
7267,2021-08-01,sold
7268,2021-08-01,sold
7269,2021-08-01,sold
7270,2021-08-01,sold
7271,2021-08-01,sold
7272,2021-08-01,sold
7273,2021-08-01,sold
7274,2021-08-01,sold
7275,2021-08-01,sold
7276,2021-08-02,sold
7277,2021-08-02,sold
7278,2021-08-02,sold
7279,2021-08-02,sold
7280,2021-08-02,sold
7281,2021-08-02,sold
7282,2021-08-02,sold
7283,2021-08-02,sold
7284,2021-08-02,sold
7285,2021-08-03,sold
7286,2021-08-03,sold
7287,2021-08-03,sold
7288,2021-08-03,sold
7289,2021-08-03,sold
7290,2021-08-03,sold
7291,2021-08-03,sold
7292,2021-08-03,sold
7293,2021-08-03,sold
7294,2021-08-04,sold
7295,2021-08-04,sold
7296,2021-08-04,sold
7297,2021-08-04,sold
7298,2021-08-04,sold
7299,2021-08-04,sold
7300,2021-08-04,sold
7301,2021-08-04,sold
7302,2021-08-04,sold
7303,2021-08-05,sold
7304,2021-08-05,sold
7305,2021-08-05,sold
7306,2021-08-05,sold
7307,2021-08-05,sold
7308,2021-08-05,sold
7309,2021-08-05,sold
7310,2021-08-05,sold
7311,2021-08-05,sold
7312,2021-08-06,sold
7313,2021-08-06,sold
7314,2021-08-06,sold
7315,2021-08-06,sold
7316,2021-08-06,sold
7317,2021-08-06,sold
7318,2021-08-06,sold
7319,2021-08-06,sold
7320,2021-08-06,sold
7321,2021-08-07,sold
7322,2021-08-07,sold
7323,2021-08-07,sold
7324,2021-08-07,sold
7325,2021-08-07,sold
7326,2021-08-07,sold
7327,2021-08-07,sold
7328,2021-08-07,sold
7329,2021-08-07,sold
7330,2021-08-08,sold
7331,2021-08-08,sold
7332,2021-08-08,sold
7333,2021-08-08,sold
7334,2021-08-08,sold
7335,2021-08-08,sold
7336,2021-08-08,sold
7337,2021-08-08,sold
7338,2021-08-08,sold
7339,2021-08-09,sold
7340,2021-08-09,sold
7341,2021-08-09,sold
7342,2021-08-09,sold
7343,2021-08-09,sold
7344,2021-08-09,sold
7345,2021-08-09,sold
7346,2021-08-09,sold
7347,2021-08-09,sold
7348,2021-08-10,sold
7349,2021-08-10,sold
7350,2021-08-10,sold
7351,2021-08-10,sold
7352,2021-08-10,sold
7353,2021-08-10,sold
7354,2021-08-10,sold
7355,2021-08-10,sold
7356,2021-08-10,sold
7357,2021-08-11,sold
7358,2021-08-11,sold
7359,2021-08-11,sold
7360,2021-08-11,sold
7361,2021-08-11,sold
7362,2021-08-11,sold
7363,2021-08-11,sold
7364,2021-08-11,sold
7365,2021-08-11,sold
7366,2021-08-12,sold
7367,2021-08-12,sold
7368,2021-08-12,sold
7369,2021-08-12,sold
7370,2021-08-12,sold
7371,2021-08-12,sold
7372,2021-08-12,sold
7373,2021-08-12,sold
7374,2021-08-12,sold
7375,2021-08-13,sold
7376,2021-08-13,sold
7377,2021-08-13,sold
7378,2021-08-13,sold
7379,2021-08-13,sold
7380,2021-08-13,sold
7381,2021-08-13,sold
7382,2021-08-13,sold
7383,2021-08-13,sold
7384,2021-08-14,sold
7385,2021-08-14,sold
7386,2021-08-14,sold
7387,2021-08-14,sold
7388,2021-08-14,sold
7389,2021-08-14,sold
7390,2021-08-14,sold
7391,2021-08-14,sold
7392,2021-08-14,sold
7393,2021-08-15,sold
7394,2021-08-15,sold
7395,2021-08-15,sold
7396,2021-08-15,sold
7397,2021-08-15,sold
7398,2021-08-15,sold
7399,2021-08-15,sold
7400,2021-08-15,sold
7401,2021-08-15,sold
7402,2021-08-16,sold
7403,2021-08-16,sold
7404,2021-08-16,sold
7405,2021-08-16,sold
7406,2021-08-16,sold
7407,2021-08-16,sold
7408,2021-08-16,sold
7409,2021-08-16,sold
7410,2021-08-16,sold
7411,2021-08-17,sold
7412,2021-08-17,sold
7413,2021-08-17,sold
7414,2021-08-17,sold
7415,2021-08-17,sold
7416,2021-08-17,sold
7417,2021-08-17,sold
7418,2021-08-17,sold
7419,2021-08-17,sold
7420,2021-08-18,sold
7421,2021-08-18,sold
7422,2021-08-18,sold
7423,2021-08-18,sold
7424,2021-08-18,sold
7425,2021-08-18,sold
7426,2021-08-18,sold
7427,2021-08-18,sold
7428,2021-08-18,sold
7429,2021-08-19,sold
7430,2021-08-19,sold
7431,2021-08-19,sold
7432,2021-08-19,sold
7433,2021-08-19,sold
7434,2021-08-19,sold
7435,2021-08-19,sold
7436,2021-08-19,sold
7437,2021-08-19,sold
7438,2021-08-20,sold
7439,2021-08-20,sold
7440,2021-08-20,sold
7441,2021-08-20,sold
7442,2021-08-20,sold
7443,2021-08-20,sold
7444,2021-08-20,sold
7445,2021-08-20,sold
7446,2021-08-20,sold
7447,2021-08-21,sold
7448,2021-08-21,sold
7449,2021-08-21,sold
7450,2021-08-21,sold
7451,2021-08-21,sold
7452,2021-08-21,sold
7453,2021-08-21,sold
7454,2021-08-21,sold
7455,2021-08-21,sold
7456,2021-08-22,sold
7457,2021-08-22,sold
7458,2021-08-22,sold
7459,2021-08-22,sold
7460,2021-08-22,sold
7461,2021-08-22,sold
7462,2021-08-22,sold
7463,2021-08-22,sold
7464,2021-08-22,sold
7465,2021-08-23,sold
7466,2021-08-23,sold
7467,2021-08-23,sold
7468,2021-08-23,sold
7469,2021-08-23,sold
7470,2021-08-23,sold
7471,2021-08-23,sold
7472,2021-08-23,sold
7473,2021-08-23,sold
7474,2021-08-24,sold
7475,2021-08-24,sold
7476,2021-08-24,sold
7477,2021-08-24,sold
7478,2021-08-24,sold
7479,2021-08-24,sold
7480,2021-08-24,sold
7481,2021-08-24,sold
7482,2021-08-24,sold
7483,2021-08-25,sold
7484,2021-08-25,sold
7485,2021-08-25,sold
7486,2021-08-25,sold
7487,2021-08-25,sold
7488,2021-08-25,sold
7489,2021-08-25,sold
7490,2021-08-25,sold
7491,2021-08-25,sold
7492,2021-08-26,sold
7493,2021-08-26,sold
7494,2021-08-26,sold
7495,2021-08-26,sold
7496,2021-08-26,sold
7497,2021-08-26,sold
7498,2021-08-26,sold
7499,2021-08-26,sold
7500,2021-08-26,sold
7501,2021-08-27,sold
7502,2021-08-27,sold
7503,2021-08-27,sold
7504,2021-08-27,sold
7505,2021-08-27,sold
7506,2021-08-27,sold
7507,2021-08-27,sold
7508,2021-08-27,defective
7509,2021-08-27,sold
7510,2021-08-28,sold
7511,2021-08-28,sold
7512,2021-08-28,sold
7513,2021-08-28,sold
7514,2021-08-28,sold
7515,2021-08-28,sold
7516,2021-08-28,sold
7517,2021-08-28,sold
7518,2021-08-28,sold
7519,2021-08-29,sold
7520,2021-08-29,sold
7521,2021-08-29,sold
7522,2021-08-29,sold
7523,2021-08-29,sold
7524,2021-08-29,sold
7525,2021-08-29,sold
7526,2021-08-29,sold
7527,2021-08-29,sold
7528,2021-08-30,sold
7529,2021-08-30,sold
7530,2021-08-30,sold
7531,2021-08-30,sold
7532,2021-08-30,sold
7533,2021-08-30,sold
7534,2021-08-30,sold
7535,2021-08-30,sold
7536,2021-08-30,sold
7537,2021-08-31,sold
7538,2021-08-31,sold
7539,2021-08-31,sold
7540,2021-08-31,sold
7541,2021-08-31,sold
7542,2021-08-31,sold
7543,2021-08-31,sold
7544,2021-08-31,sold
7545,2021-08-31,sold
7546,2021-09-01,sold
7547,2021-09-01,sold
7548,2021-09-01,sold
7549,2021-09-01,sold
7550,2021-09-01,sold
7551,2021-09-01,sold
7552,2021-09-01,sold
7553,2021-09-01,sold
7554,2021-09-01,sold
7555,2021-09-02,sold
7556,2021-09-02,sold
7557,2021-09-02,sold
7558,2021-09-02,sold
7559,2021-09-02,sold
7560,2021-09-02,sold
7561,2021-09-02,sold
7562,2021-09-02,sold
7563,2021-09-02,sold
7564,2021-09-03,sold
7565,2021-09-03,sold
7566,2021-09-03,sold
7567,2021-09-03,sold
7568,2021-09-03,sold
7569,2021-09-03,sold
7570,2021-09-03,sold
7571,2021-09-03,sold
7572,2021-09-03,sold
7573,2021-09-04,sold
7574,2021-09-04,sold
7575,2021-09-04,sold
7576,2021-09-04,sold
7577,2021-09-04,sold
7578,2021-09-04,sold
7579,2021-09-04,sold
7580,2021-09-04,sold
7581,2021-09-04,sold
7582,2021-09-05,sold
7583,2021-09-05,sold
7584,2021-09-05,sold
7585,2021-09-05,sold
7586,2021-09-05,sold
7587,2021-09-05,sold
7588,2021-09-05,sold
7589,2021-09-05,sold
7590,2021-09-05,sold
7591,2021-09-06,sold
7592,2021-09-06,sold
7593,2021-09-06,sold
7594,2021-09-06,sold
7595,2021-09-06,sold
7596,2021-09-06,sold
7597,2021-09-06,sold
7598,2021-09-06,sold
7599,2021-09-06,sold
7600,2021-09-07,sold
7601,2021-09-07,sold
7602,2021-09-07,sold
7603,2021-09-07,sold
7604,2021-09-07,sold
7605,2021-09-07,sold
7606,2021-09-07,sold
7607,2021-09-07,sold
7608,2021-09-07,sold
7609,2021-09-08,sold
7610,2021-09-08,sold
7611,2021-09-08,sold
7612,2021-09-08,sold
7613,2021-09-08,sold
7614,2021-09-08,sold
7615,2021-09-08,sold
7616,2021-09-08,sold
7617,2021-09-08,sold
7618,2021-09-09,sold
7619,2021-09-09,sold
7620,2021-09-09,sold
7621,2021-09-09,sold
7622,2021-09-09,sold
7623,2021-09-09,sold
7624,2021-09-09,sold
7625,2021-09-09,sold
7626,2021-09-09,sold
7627,2021-09-10,sold
7628,2021-09-10,sold
7629,2021-09-10,sold
7630,2021-09-10,sold
7631,2021-09-10,sold
7632,2021-09-10,sold
7633,2021-09-10,sold
7634,2021-09-10,sold
7635,2021-09-10,sold
7636,2021-09-11,sold
7637,2021-09-11,sold
7638,2021-09-11,sold
7639,2021-09-11,sold
7640,2021-09-11,sold
7641,2021-09-11,sold
7642,2021-09-11,sold
7643,2021-09-11,sold
7644,2021-09-11,sold
7645,2021-09-12,sold
7646,2021-09-12,sold
7647,2021-09-12,sold
7648,2021-09-12,sold
7649,2021-09-12,sold
7650,2021-09-12,sold
7651,2021-09-12,sold
7652,2021-09-12,sold
7653,2021-09-12,sold
7654,2021-09-13,sold
7655,2021-09-13,sold
7656,2021-09-13,sold
7657,2021-09-13,sold
7658,2021-09-13,sold
7659,2021-09-13,sold
7660,2021-09-13,sold
7661,2021-09-13,sold
7662,2021-09-13,sold
7663,2021-09-14,sold
7664,2021-09-14,sold
7665,2021-09-14,sold
7666,2021-09-14,sold
7667,2021-09-14,sold
7668,2021-09-14,sold
7669,2021-09-14,sold
7670,2021-09-14,sold
7671,2021-09-14,sold
7672,2021-09-15,sold
7673,2021-09-15,sold
7674,2021-09-15,sold
7675,2021-09-15,sold
7676,2021-09-15,sold
7677,2021-09-15,sold
7678,2021-09-15,sold
7679,2021-09-15,sold
7680,2021-09-15,sold
7681,2021-09-16,sold
7682,2021-09-16,sold
7683,2021-09-16,sold
7684,2021-09-16,sold
7685,2021-09-16,sold
7686,2021-09-16,sold
7687,2021-09-16,sold
7688,2021-09-16,sold
7689,2021-09-16,sold
7690,2021-09-17,sold
7691,2021-09-17,sold
7692,2021-09-17,sold
7693,2021-09-17,sold
7694,2021-09-17,sold
7695,2021-09-17,sold
7696,2021-09-17,defective
7697,2021-09-17,sold
7698,2021-09-17,sold
7699,2021-09-18,sold
7700,2021-09-18,sold
7701,2021-09-18,sold
7702,2021-09-18,sold
7703,2021-09-18,sold
7704,2021-09-18,sold
7705,2021-09-18,sold
7706,2021-09-18,sold
7707,2021-09-18,sold
7708,2021-09-19,sold
7709,2021-09-19,sold
7710,2021-09-19,sold
7711,2021-09-19,sold
7712,2021-09-19,sold
7713,2021-09-19,sold
7714,2021-09-19,sold
7715,2021-09-19,sold
7716,2021-09-19,sold
7717,2021-09-20,defective
7718,2021-09-20,sold
7719,2021-09-20,sold
7720,2021-09-20,sold
7721,2021-09-20,sold
7722,2021-09-20,sold
7723,2021-09-20,sold
7724,2021-09-20,sold
7725,2021-09-20,sold
7726,2021-09-21,sold
7727,2021-09-21,sold
7728,2021-09-21,sold
7729,2021-09-21,sold
7730,2021-09-21,sold
7731,2021-09-21,sold
7732,2021-09-21,sold
7733,2021-09-21,sold
7734,2021-09-21,sold
7735,2021-09-22,sold
7736,2021-09-22,sold
7737,2021-09-22,sold
7738,2021-09-22,sold
7739,2021-09-22,sold
7740,2021-09-22,sold
7741,2021-09-22,sold
7742,2021-09-22,sold
7743,2021-09-22,sold
7744,2021-09-23,sold
7745,2021-09-23,sold
7746,2021-09-23,sold
7747,2021-09-23,sold
7748,2021-09-23,sold
7749,2021-09-23,sold
7750,2021-09-23,sold
7751,2021-09-23,sold
7752,2021-09-23,sold
7753,2021-09-24,sold
7754,2021-09-24,sold
7755,2021-09-24,sold
7756,2021-09-24,sold
7757,2021-09-24,sold
7758,2021-09-24,sold
7759,2021-09-24,sold
7760,2021-09-24,sold
7761,2021-09-24,sold
7762,2021-09-25,sold
7763,2021-09-25,sold
7764,2021-09-25,sold
7765,2021-09-25,sold
7766,2021-09-25,sold
7767,2021-09-25,sold
7768,2021-09-25,sold
7769,2021-09-25,sold
7770,2021-09-25,sold
7771,2021-09-26,sold
7772,2021-09-26,sold
7773,2021-09-26,sold
7774,2021-09-26,sold
7775,2021-09-26,sold
7776,2021-09-26,sold
7777,2021-09-26,sold
7778,2021-09-26,sold
7779,2021-09-26,sold
7780,2021-09-27,sold
7781,2021-09-27,sold
7782,2021-09-27,sold
7783,2021-09-27,sold
7784,2021-09-27,sold
7785,2021-09-27,sold
7786,2021-09-27,sold
7787,2021-09-27,sold
7788,2021-09-27,sold
7789,2021-09-28,sold
7790,2021-09-28,sold
7791,2021-09-28,sold
7792,2021-09-28,sold
7793,2021-09-28,sold
7794,2021-09-28,sold
7795,2021-09-28,sold
7796,2021-09-28,sold
7797,2021-09-28,sold
7798,2021-09-29,sold
7799,2021-09-29,sold
7800,2021-09-29,defective
7801,2021-09-29,sold
7802,2021-09-29,sold
7803,2021-09-29,sold
7804,2021-09-29,sold
7805,2021-09-29,sold
7806,2021-09-29,sold
7807,2021-09-30,sold
7808,2021-09-30,sold
7809,2021-09-30,sold
7810,2021-09-30,sold
7811,2021-09-30,sold
7812,2021-09-30,sold
7813,2021-09-30,sold
7814,2021-09-30,sold
7815,2021-09-30,sold
7816,2021-10-01,sold
7817,2021-10-01,sold
7818,2021-10-01,sold
7819,2021-10-01,sold
7820,2021-10-01,sold
7821,2021-10-01,sold
7822,2021-10-01,sold
7823,2021-10-01,sold
7824,2021-10-01,sold
7825,2021-10-02,sold
7826,2021-10-02,sold
7827,2021-10-02,sold
7828,2021-10-02,sold
7829,2021-10-02,sold
7830,2021-10-02,sold
7831,2021-10-02,sold
7832,2021-10-02,sold
7833,2021-10-02,sold
7834,2021-10-03,sold
7835,2021-10-03,sold
7836,2021-10-03,sold
7837,2021-10-03,sold
7838,2021-10-03,sold
7839,2021-10-03,sold
7840,2021-10-03,sold
7841,2021-10-03,sold
7842,2021-10-03,sold
7843,2021-10-04,sold
7844,2021-10-04,sold
7845,2021-10-04,sold
7846,2021-10-04,sold
7847,2021-10-04,sold
7848,2021-10-04,sold
7849,2021-10-04,sold
7850,2021-10-04,sold
7851,2021-10-04,sold
7852,2021-10-05,sold
7853,2021-10-05,sold
7854,2021-10-05,sold
7855,2021-10-05,sold
7856,2021-10-05,sold
7857,2021-10-05,sold
7858,2021-10-05,sold
7859,2021-10-05,sold
7860,2021-10-05,sold
7861,2021-10-06,sold
7862,2021-10-06,sold
7863,2021-10-06,sold
7864,2021-10-06,sold
7865,2021-10-06,sold
7866,2021-10-06,sold
7867,2021-10-06,sold
7868,2021-10-06,sold
7869,2021-10-06,sold
7870,2021-10-07,sold
7871,2021-10-07,sold
7872,2021-10-07,sold
7873,2021-10-07,sold
7874,2021-10-07,sold
7875,2021-10-07,sold
7876,2021-10-07,sold
7877,2021-10-07,sold
7878,2021-10-07,sold
7879,2021-10-08,sold
7880,2021-10-08,sold
7881,2021-10-08,sold
7882,2021-10-08,sold
7883,2021-10-08,sold
7884,2021-10-08,sold
7885,2021-10-08,sold
7886,2021-10-08,sold
7887,2021-10-08,sold
7888,2021-10-09,sold
7889,2021-10-09,sold
7890,2021-10-09,sold
7891,2021-10-09,sold
7892,2021-10-09,sold
7893,2021-10-09,sold
7894,2021-10-09,sold
7895,2021-10-09,sold
7896,2021-10-09,sold
7897,2021-10-10,sold
7898,2021-10-10,sold
7899,2021-10-10,sold
7900,2021-10-10,sold
7901,2021-10-10,sold
7902,2021-10-10,sold
7903,2021-10-10,sold
7904,2021-10-10,sold
7905,2021-10-10,sold
7906,2021-10-11,sold
7907,2021-10-11,sold
7908,2021-10-11,sold
7909,2021-10-11,sold
7910,2021-10-11,sold
7911,2021-10-11,sold
7912,2021-10-11,sold
7913,2021-10-11,sold
7914,2021-10-11,sold
7915,2021-10-12,sold
7916,2021-10-12,sold
7917,2021-10-12,sold
7918,2021-10-12,sold
7919,2021-10-12,sold
7920,2021-10-12,sold
7921,2021-10-12,sold
7922,2021-10-12,sold
7923,2021-10-12,sold
7924,2021-10-13,sold
7925,2021-10-13,sold
7926,2021-10-13,sold
7927,2021-10-13,sold
7928,2021-10-13,sold
7929,2021-10-13,sold
7930,2021-10-13,sold
7931,2021-10-13,sold
7932,2021-10-13,sold
7933,2021-10-14,sold
7934,2021-10-14,sold
7935,2021-10-14,sold
7936,2021-10-14,sold
7937,2021-10-14,sold
7938,2021-10-14,sold
7939,2021-10-14,sold
7940,2021-10-14,sold
7941,2021-10-14,sold
7942,2021-10-15,sold
7943,2021-10-15,sold
7944,2021-10-15,sold
7945,2021-10-15,sold
7946,2021-10-15,sold
7947,2021-10-15,sold
7948,2021-10-15,sold
7949,2021-10-15,sold
7950,2021-10-15,sold
7951,2021-10-16,sold
7952,2021-10-16,sold
7953,2021-10-16,sold
7954,2021-10-16,sold
7955,2021-10-16,sold
7956,2021-10-16,sold
7957,2021-10-16,sold
7958,2021-10-16,sold
7959,2021-10-16,sold
7960,2021-10-17,sold
7961,2021-10-17,sold
7962,2021-10-17,sold
7963,2021-10-17,sold
7964,2021-10-17,sold
7965,2021-10-17,sold
7966,2021-10-17,sold
7967,2021-10-17,sold
7968,2021-10-17,sold
7969,2021-10-18,sold
7970,2021-10-18,sold
7971,2021-10-18,sold
7972,2021-10-18,sold
7973,2021-10-18,sold
7974,2021-10-18,sold
7975,2021-10-18,sold
7976,2021-10-18,sold
7977,2021-10-18,sold
7978,2021-10-19,sold
7979,2021-10-19,sold
7980,2021-10-19,sold
7981,2021-10-19,sold
7982,2021-10-19,sold
7983,2021-10-19,sold
7984,2021-10-19,sold
7985,2021-10-19,sold
7986,2021-10-19,sold
7987,2021-10-20,sold
7988,2021-10-20,sold
7989,2021-10-20,sold
7990,2021-10-20,sold
7991,2021-10-20,sold
7992,2021-10-20,sold
7993,2021-10-20,sold
7994,2021-10-20,sold
7995,2021-10-20,sold
7996,2021-10-21,sold
7997,2021-10-21,sold
7998,2021-10-21,sold
7999,2021-10-21,sold
8000,2021-10-21,sold
8001,2021-10-21,sold
8002,2021-10-21,sold
8003,2021-10-21,sold
8004,2021-10-21,sold
8005,2021-10-22,sold
8006,2021-10-22,sold
8007,2021-10-22,sold
8008,2021-10-22,sold
8009,2021-10-22,sold
8010,2021-10-22,sold
8011,2021-10-22,sold
8012,2021-10-22,sold
8013,2021-10-22,sold
8014,2021-10-23,sold
8015,2021-10-23,sold
8016,2021-10-23,sold
8017,2021-10-23,sold
8018,2021-10-23,sold
8019,2021-10-23,sold
8020,2021-10-23,sold
8021,2021-10-23,sold
8022,2021-10-23,sold
8023,2021-10-24,sold
8024,2021-10-24,sold
8025,2021-10-24,sold
8026,2021-10-24,sold
8027,2021-10-24,sold
8028,2021-10-24,sold
8029,2021-10-24,sold
8030,2021-10-24,sold
8031,2021-10-24,sold
8032,2021-10-25,sold
8033,2021-10-25,sold
8034,2021-10-25,sold
8035,2021-10-25,sold
8036,2021-10-25,sold
8037,2021-10-25,sold
8038,2021-10-25,sold
8039,2021-10-25,sold
8040,2021-10-25,sold
8041,2021-10-26,sold
8042,2021-10-26,sold
8043,2021-10-26,sold
8044,2021-10-26,sold
8045,2021-10-26,sold
8046,2021-10-26,sold
8047,2021-10-26,sold
8048,2021-10-26,sold
8049,2021-10-26,sold
8050,2021-10-27,sold
8051,2021-10-27,sold
8052,2021-10-27,sold
8053,2021-10-27,sold
8054,2021-10-27,sold
8055,2021-10-27,sold
8056,2021-10-27,sold
8057,2021-10-27,sold
8058,2021-10-27,sold
8059,2021-10-28,sold
8060,2021-10-28,sold
8061,2021-10-28,sold
8062,2021-10-28,sold
8063,2021-10-28,sold
8064,2021-10-28,sold
8065,2021-10-28,sold
8066,2021-10-28,sold
8067,2021-10-28,sold
8068,2021-10-29,sold
8069,2021-10-29,sold
8070,2021-10-29,sold
8071,2021-10-29,sold
8072,2021-10-29,sold
8073,2021-10-29,sold
8074,2021-10-29,sold
8075,2021-10-29,sold
8076,2021-10-29,sold
8077,2021-10-30,sold
8078,2021-10-30,sold
8079,2021-10-30,sold
8080,2021-10-30,sold
8081,2021-10-30,sold
8082,2021-10-30,sold
8083,2021-10-30,sold
8084,2021-10-30,sold
8085,2021-10-30,sold
8086,2021-10-31,sold
8087,2021-10-31,sold
8088,2021-10-31,sold
8089,2021-10-31,sold
8090,2021-10-31,sold
8091,2021-10-31,sold
8092,2021-10-31,sold
8093,2021-10-31,sold
8094,2021-10-31,sold
8095,2021-11-01,sold
8096,2021-11-01,sold
8097,2021-11-01,sold
8098,2021-11-01,sold
8099,2021-11-01,sold
8100,2021-11-01,sold
8101,2021-11-01,sold
8102,2021-11-01,sold
8103,2021-11-01,sold
8104,2021-11-02,sold
8105,2021-11-02,sold
8106,2021-11-02,sold
8107,2021-11-02,sold
8108,2021-11-02,sold
8109,2021-11-02,sold
8110,2021-11-02,sold
8111,2021-11-02,sold
8112,2021-11-02,sold
8113,2021-11-03,sold
8114,2021-11-03,sold
8115,2021-11-03,sold
8116,2021-11-03,sold
8117,2021-11-03,sold
8118,2021-11-03,sold
8119,2021-11-03,sold
8120,2021-11-03,sold
8121,2021-11-03,sold
8122,2021-11-04,sold
8123,2021-11-04,sold
8124,2021-11-04,sold
8125,2021-11-04,sold
8126,2021-11-04,sold
8127,2021-11-04,sold
8128,2021-11-04,sold
8129,2021-11-04,sold
8130,2021-11-04,defective
8131,2021-11-05,sold
8132,2021-11-05,sold
8133,2021-11-05,sold
8134,2021-11-05,sold
8135,2021-11-05,sold
8136,2021-11-05,sold
8137,2021-11-05,sold
8138,2021-11-05,sold
8139,2021-11-05,sold
8140,2021-11-06,sold
8141,2021-11-06,sold
8142,2021-11-06,sold
8143,2021-11-06,sold
8144,2021-11-06,sold
8145,2021-11-06,sold
8146,2021-11-06,sold
8147,2021-11-06,sold
8148,2021-11-06,sold
8149,2021-11-07,sold
8150,2021-11-07,sold
8151,2021-11-07,sold
8152,2021-11-07,sold
8153,2021-11-07,sold
8154,2021-11-07,sold
8155,2021-11-07,sold
8156,2021-11-07,sold
8157,2021-11-07,sold
8158,2021-11-08,sold
8159,2021-11-08,sold
8160,2021-11-08,sold
8161,2021-11-08,sold
8162,2021-11-08,sold
8163,2021-11-08,sold
8164,2021-11-08,sold
8165,2021-11-08,sold
8166,2021-11-08,sold
8167,2021-11-09,sold
8168,2021-11-09,sold
8169,2021-11-09,sold
8170,2021-11-09,sold
8171,2021-11-09,sold
8172,2021-11-09,sold
8173,2021-11-09,sold
8174,2021-11-09,sold
8175,2021-11-09,sold
8176,2021-11-10,sold
8177,2021-11-10,sold
8178,2021-11-10,sold
8179,2021-11-10,sold
8180,2021-11-10,sold
8181,2021-11-10,sold
8182,2021-11-10,sold
8183,2021-11-10,sold
8184,2021-11-10,sold
8185,2021-11-11,sold
8186,2021-11-11,sold
8187,2021-11-11,sold
8188,2021-11-11,sold
8189,2021-11-11,sold
8190,2021-11-11,sold
8191,2021-11-11,sold
8192,2021-11-11,sold
8193,2021-11-11,sold
8194,2021-11-12,sold
8195,2021-11-12,sold
8196,2021-11-12,sold
8197,2021-11-12,sold
8198,2021-11-12,sold
8199,2021-11-12,sold
8200,2021-11-12,sold
8201,2021-11-12,sold
8202,2021-11-12,sold
8203,2021-11-13,sold
8204,2021-11-13,sold
8205,2021-11-13,sold
8206,2021-11-13,sold
8207,2021-11-13,sold
8208,2021-11-13,sold
8209,2021-11-13,sold
8210,2021-11-13,sold
8211,2021-11-13,sold
8212,2021-11-14,sold
8213,2021-11-14,sold
8214,2021-11-14,sold
8215,2021-11-14,sold
8216,2021-11-14,sold
8217,2021-11-14,sold
8218,2021-11-14,sold
8219,2021-11-14,sold
8220,2021-11-14,sold
8221,2021-11-15,sold
8222,2021-11-15,sold
8223,2021-11-15,sold
8224,2021-11-15,sold
8225,2021-11-15,sold
8226,2021-11-15,sold
8227,2021-11-15,sold
8228,2021-11-15,sold
8229,2021-11-15,sold
8230,2021-11-16,sold
8231,2021-11-16,sold
8232,2021-11-16,sold
8233,2021-11-16,sold
8234,2021-11-16,sold
8235,2021-11-16,sold
8236,2021-11-16,sold
8237,2021-11-16,defective
8238,2021-11-16,sold
8239,2021-11-17,sold
8240,2021-11-17,sold
8241,2021-11-17,sold
8242,2021-11-17,sold
8243,2021-11-17,sold
8244,2021-11-17,sold
8245,2021-11-17,sold
8246,2021-11-17,sold
8247,2021-11-17,sold
8248,2021-11-18,sold
8249,2021-11-18,sold
8250,2021-11-18,sold
8251,2021-11-18,sold
8252,2021-11-18,sold
8253,2021-11-18,sold
8254,2021-11-18,sold
8255,2021-11-18,sold
8256,2021-11-18,sold
8257,2021-11-19,sold
8258,2021-11-19,sold
8259,2021-11-19,sold
8260,2021-11-19,sold
8261,2021-11-19,sold
8262,2021-11-19,sold
8263,2021-11-19,sold
8264,2021-11-19,sold
8265,2021-11-19,sold
8266,2021-11-20,sold
8267,2021-11-20,sold
8268,2021-11-20,sold
8269,2021-11-20,sold
8270,2021-11-20,sold
8271,2021-11-20,sold
8272,2021-11-20,sold
8273,2021-11-20,sold
8274,2021-11-20,sold
8275,2021-11-21,sold
8276,2021-11-21,sold
8277,2021-11-21,sold
8278,2021-11-21,sold
8279,2021-11-21,sold
8280,2021-11-21,sold
8281,2021-11-21,sold
8282,2021-11-21,sold
8283,2021-11-21,sold
8284,2021-11-22,sold
8285,2021-11-22,sold
8286,2021-11-22,sold
8287,2021-11-22,sold
8288,2021-11-22,sold
8289,2021-11-22,sold
8290,2021-11-22,defective
8291,2021-11-22,sold
8292,2021-11-22,sold
8293,2021-11-22,sold
8294,2021-11-22,sold
8295,2021-11-22,sold
8296,2021-11-23,sold
8297,2021-11-23,sold
8298,2021-11-23,sold
8299,2021-11-23,sold
8300,2021-11-23,sold
8301,2021-11-23,sold
8302,2021-11-23,sold
8303,2021-11-23,sold
8304,2021-11-23,sold
8305,2021-11-23,sold
8306,2021-11-23,sold
8307,2021-11-23,sold
8308,2021-11-24,sold
8309,2021-11-24,sold
8310,2021-11-24,sold
8311,2021-11-24,defective
8312,2021-11-24,sold
8313,2021-11-24,sold
8314,2021-11-24,sold
8315,2021-11-24,sold
8316,2021-11-24,sold
8317,2021-11-24,sold
8318,2021-11-24,sold
8319,2021-11-24,sold
8320,2021-11-25,sold
8321,2021-11-25,sold
8322,2021-11-25,sold
8323,2021-11-25,sold
8324,2021-11-25,sold
8325,2021-11-25,sold
8326,2021-11-25,sold
8327,2021-11-25,sold
8328,2021-11-25,sold
8329,2021-11-25,sold
8330,2021-11-25,sold
8331,2021-11-25,sold
8332,2021-11-26,sold
8333,2021-11-26,sold
8334,2021-11-26,sold
8335,2021-11-26,sold
8336,2021-11-26,sold
8337,2021-11-26,sold
8338,2021-11-26,sold
8339,2021-11-26,sold
8340,2021-11-26,sold
8341,2021-11-26,sold
8342,2021-11-26,sold
8343,2021-11-26,sold
8344,2021-11-27,sold
8345,2021-11-27,sold
8346,2021-11-27,sold
8347,2021-11-27,sold
8348,2021-11-27,sold
8349,2021-11-27,sold
8350,2021-11-27,sold
8351,2021-11-27,sold
8352,2021-11-27,sold
8353,2021-11-27,sold
8354,2021-11-27,sold
8355,2021-11-27,sold
8356,2021-11-28,sold
8357,2021-11-28,sold
8358,2021-11-28,defective
8359,2021-11-28,sold
8360,2021-11-28,sold
8361,2021-11-28,sold
8362,2021-11-28,sold
8363,2021-11-28,sold
8364,2021-11-28,sold
8365,2021-11-28,sold
8366,2021-11-28,sold
8367,2021-11-28,sold
8368,2021-11-29,sold
8369,2021-11-29,sold
8370,2021-11-29,sold
8371,2021-11-29,sold
8372,2021-11-29,sold
8373,2021-11-29,sold
8374,2021-11-29,sold
8375,2021-11-29,sold
8376,2021-11-29,sold
8377,2021-11-29,sold
8378,2021-11-29,sold
8379,2021-11-29,sold
8380,2021-11-30,sold
8381,2021-11-30,sold
8382,2021-11-30,sold
8383,2021-11-30,sold
8384,2021-11-30,sold
8385,2021-11-30,sold
8386,2021-11-30,sold
8387,2021-11-30,sold
8388,2021-11-30,sold
8389,2021-11-30,sold
8390,2021-11-30,sold
8391,2021-11-30,sold
8392,2021-12-01,sold
8393,2021-12-01,sold
8394,2021-12-01,sold
8395,2021-12-01,sold
8396,2021-12-01,sold
8397,2021-12-01,sold
8398,2021-12-01,sold
8399,2021-12-01,sold
8400,2021-12-01,sold
8401,2021-12-01,sold
8402,2021-12-01,sold
8403,2021-12-01,sold
8404,2021-12-02,sold
8405,2021-12-02,sold
8406,2021-12-02,defective
8407,2021-12-02,sold
8408,2021-12-02,sold
8409,2021-12-02,sold
8410,2021-12-02,sold
8411,2021-12-02,sold
8412,2021-12-02,sold
8413,2021-12-02,sold
8414,2021-12-02,sold
8415,2021-12-02,defective
8416,2021-12-03,sold
8417,2021-12-03,sold
8418,2021-12-03,sold
8419,2021-12-03,sold
8420,2021-12-03,sold
8421,2021-12-03,sold
8422,2021-12-03,sold
8423,2021-12-03,defective
8424,2021-12-03,sold
8425,2021-12-03,sold
8426,2021-12-03,sold
8427,2021-12-03,sold
8428,2021-12-04,defective
8429,2021-12-04,sold
8430,2021-12-04,sold
8431,2021-12-04,sold
8432,2021-12-04,sold
8433,2021-12-04,sold
8434,2021-12-04,sold
8435,2021-12-04,sold
8436,2021-12-04,sold
8437,2021-12-04,defective
8438,2021-12-04,sold
8439,2021-12-04,sold
8440,2021-12-05,sold
8441,2021-12-05,sold
8442,2021-12-05,sold
8443,2021-12-05,sold
8444,2021-12-05,sold
8445,2021-12-05,sold
8446,2021-12-05,sold
8447,2021-12-05,sold
8448,2021-12-05,defective
8449,2021-12-05,sold
8450,2021-12-05,sold
8451,2021-12-05,sold
8452,2021-12-06,sold
8453,2021-12-06,sold
8454,2021-12-06,defective
8455,2021-12-06,sold
8456,2021-12-06,sold
8457,2021-12-06,sold
8458,2021-12-06,sold
8459,2021-12-06,sold
8460,2021-12-06,sold
8461,2021-12-06,sold
8462,2021-12-06,sold
8463,2021-12-06,sold
8464,2021-12-07,sold
8465,2021-12-07,sold
8466,2021-12-07,sold
8467,2021-12-07,sold
8468,2021-12-07,sold
8469,2021-12-07,sold
8470,2021-12-07,sold
8471,2021-12-07,sold
8472,2021-12-07,sold
8473,2021-12-07,sold
8474,2021-12-07,sold
8475,2021-12-07,sold
8476,2021-12-08,sold
8477,2021-12-08,sold
8478,2021-12-08,sold
8479,2021-12-08,sold
8480,2021-12-08,sold
8481,2021-12-08,defective
8482,2021-12-08,sold
8483,2021-12-08,sold
8484,2021-12-08,sold
8485,2021-12-08,sold
8486,2021-12-08,defective
8487,2021-12-08,sold
8488,2021-12-09,sold
8489,2021-12-09,sold
8490,2021-12-09,sold
8491,2021-12-09,sold
8492,2021-12-09,sold
8493,2021-12-09,sold
8494,2021-12-09,sold
8495,2021-12-09,sold
8496,2021-12-09,sold
8497,2021-12-09,sold
8498,2021-12-09,sold
8499,2021-12-09,sold
8500,2021-12-10,sold
8501,2021-12-10,sold
8502,2021-12-10,sold
8503,2021-12-10,sold
8504,2021-12-10,sold
8505,2021-12-10,sold
8506,2021-12-10,sold
8507,2021-12-10,sold
8508,2021-12-10,sold
8509,2021-12-10,sold
8510,2021-12-10,sold
8511,2021-12-10,sold
8512,2021-12-11,sold
8513,2021-12-11,sold
8514,2021-12-11,sold
8515,2021-12-11,sold
8516,2021-12-11,sold
8517,2021-12-11,sold
8518,2021-12-11,sold
8519,2021-12-11,sold
8520,2021-12-11,sold
8521,2021-12-11,sold
8522,2021-12-11,sold
8523,2021-12-11,sold
8524,2021-12-12,sold
8525,2021-12-12,sold
8526,2021-12-12,sold
8527,2021-12-12,sold
8528,2021-12-12,sold
8529,2021-12-12,sold
8530,2021-12-12,sold
8531,2021-12-12,sold
8532,2021-12-12,sold
8533,2021-12-12,sold
8534,2021-12-12,sold
8535,2021-12-12,sold
8536,2021-12-13,sold
8537,2021-12-13,sold
8538,2021-12-13,sold
8539,2021-12-13,sold
8540,2021-12-13,sold
8541,2021-12-13,defective
8542,2021-12-13,sold
8543,2021-12-13,sold
8544,2021-12-13,sold
8545,2021-12-13,sold
8546,2021-12-13,sold
8547,2021-12-13,sold
8548,2021-12-14,sold
8549,2021-12-14,sold
8550,2021-12-14,sold
8551,2021-12-14,sold
8552,2021-12-14,sold
8553,2021-12-14,sold
8554,2021-12-14,defective
8555,2021-12-14,sold
8556,2021-12-14,sold
8557,2021-12-14,sold
8558,2021-12-14,sold
8559,2021-12-14,sold
8560,2021-12-15,sold
8561,2021-12-15,sold
8562,2021-12-15,sold
8563,2021-12-15,sold
8564,2021-12-15,sold
8565,2021-12-15,sold
8566,2021-12-15,sold
8567,2021-12-15,sold
8568,2021-12-15,sold
8569,2021-12-15,sold
8570,2021-12-15,sold
8571,2021-12-15,sold
8572,2021-12-16,sold
8573,2021-12-16,sold
8574,2021-12-16,sold
8575,2021-12-16,sold
8576,2021-12-16,sold
8577,2021-12-16,sold
8578,2021-12-16,sold
8579,2021-12-16,sold
8580,2021-12-16,sold
8581,2021-12-16,sold
8582,2021-12-16,sold
8583,2021-12-16,defective
8584,2021-12-17,sold
8585,2021-12-17,sold
8586,2021-12-17,sold
8587,2021-12-17,defective
8588,2021-12-17,sold
8589,2021-12-17,sold
8590,2021-12-17,sold
8591,2021-12-17,sold
8592,2021-12-17,sold
8593,2021-12-17,sold
8594,2021-12-17,sold
8595,2021-12-17,sold
8596,2021-12-18,sold
8597,2021-12-18,sold
8598,2021-12-18,sold
8599,2021-12-18,sold
8600,2021-12-18,sold
8601,2021-12-18,sold
8602,2021-12-18,sold
8603,2021-12-18,sold
8604,2021-12-18,sold
8605,2021-12-18,sold
8606,2021-12-18,sold
8607,2021-12-18,sold
8608,2021-12-19,sold
8609,2021-12-19,sold
8610,2021-12-19,sold
8611,2021-12-19,sold
8612,2021-12-19,sold
8613,2021-12-19,sold
8614,2021-12-19,sold
8615,2021-12-19,sold
8616,2021-12-19,sold
8617,2021-12-19,sold
8618,2021-12-19,sold
8619,2021-12-19,sold
8620,2021-12-20,sold
8621,2021-12-20,sold
8622,2021-12-20,sold
8623,2021-12-20,sold
8624,2021-12-20,sold
8625,2021-12-20,sold
8626,2021-12-20,sold
8627,2021-12-20,sold
8628,2021-12-20,sold
8629,2021-12-20,sold
8630,2021-12-20,sold
8631,2021-12-20,sold
8632,2021-12-21,sold
8633,2021-12-21,sold
8634,2021-12-21,sold
8635,2021-12-21,sold
8636,2021-12-21,defective
8637,2021-12-21,sold
8638,2021-12-21,sold
8639,2021-12-21,sold
8640,2021-12-21,sold
8641,2021-12-21,sold
8642,2021-12-21,sold
8643,2021-12-21,sold
8644,2021-12-22,sold
8645,2021-12-22,sold
8646,2021-12-22,sold
8647,2021-12-22,sold
8648,2021-12-22,sold
8649,2021-12-22,sold
8650,2021-12-22,defective
8651,2021-12-22,sold
8652,2021-12-22,sold
8653,2021-12-22,sold
8654,2021-12-22,sold
8655,2021-12-22,sold
8656,2021-12-23,sold
8657,2021-12-23,sold
8658,2021-12-23,defective
8659,2021-12-23,sold
8660,2021-12-23,sold
8661,2021-12-23,sold
8662,2021-12-23,sold
8663,2021-12-23,sold
8664,2021-12-23,sold
8665,2021-12-23,sold
8666,2021-12-23,sold
8667,2021-12-23,sold
8668,2021-12-24,sold
8669,2021-12-24,sold
8670,2021-12-24,sold
8671,2021-12-24,sold
8672,2021-12-24,sold
8673,2021-12-24,sold
8674,2021-12-24,sold
8675,2021-12-24,sold
8676,2021-12-24,sold
8677,2021-12-24,sold
8678,2021-12-24,sold
8679,2021-12-24,sold
8680,2021-12-25,sold
8681,2021-12-25,sold
8682,2021-12-25,sold
8683,2021-12-25,sold
8684,2021-12-25,sold
8685,2021-12-25,sold
8686,2021-12-25,sold
8687,2021-12-25,sold
8688,2021-12-25,sold
8689,2021-12-25,sold
8690,2021-12-25,sold
8691,2021-12-25,sold
8692,2021-12-26,sold
8693,2021-12-26,sold
8694,2021-12-26,sold
8695,2021-12-26,sold
8696,2021-12-26,sold
8697,2021-12-26,sold
8698,2021-12-26,sold
8699,2021-12-26,sold
8700,2021-12-26,sold
8701,2021-12-26,sold
8702,2021-12-26,sold
8703,2021-12-26,sold
8704,2021-12-27,sold
8705,2021-12-27,sold
8706,2021-12-27,sold
8707,2021-12-27,sold
8708,2021-12-27,sold
8709,2021-12-27,sold
8710,2021-12-27,sold
8711,2021-12-27,sold
8712,2021-12-27,sold
8713,2021-12-27,sold
8714,2021-12-27,sold
8715,2021-12-27,sold
8716,2021-12-28,sold
8717,2021-12-28,sold
8718,2021-12-28,sold
8719,2021-12-28,sold
8720,2021-12-28,sold
8721,2021-12-28,sold
8722,2021-12-28,sold
8723,2021-12-28,sold
8724,2021-12-28,sold
8725,2021-12-28,sold
8726,2021-12-28,sold
8727,2021-12-28,sold
8728,2021-12-29,sold
8729,2021-12-29,sold
8730,2021-12-29,sold
8731,2021-12-29,sold
8732,2021-12-29,sold
8733,2021-12-29,sold
8734,2021-12-29,sold
8735,2021-12-29,sold
8736,2021-12-29,sold
8737,2021-12-29,sold
8738,2021-12-29,sold
8739,2021-12-29,sold
8740,2021-12-30,sold
8741,2021-12-30,sold
8742,2021-12-30,sold
8743,2021-12-30,sold
8744,2021-12-30,sold
8745,2021-12-30,sold
8746,2021-12-30,sold
8747,2021-12-30,sold
8748,2021-12-30,sold
8749,2021-12-30,sold
8750,2021-12-30,sold
8751,2021-12-30,sold
8752,2021-12-31,sold
8753,2021-12-31,sold
8754,2021-12-31,sold
8755,2021-12-31,sold
8756,2021-12-31,sold
8757,2021-12-31,sold
8758,2021-12-31,sold
8759,2021-12-31,sold
8760,2021-12-31,sold
8761,2021-12-31,sold
8762,2021-12-31,sold
8763,2021-12-31,sold
8764,2022-01-01,sold
8765,2022-01-01,sold
8766,2022-01-01,sold
8767,2022-01-01,sold
8768,2022-01-01,defective
8769,2022-01-01,sold
8770,2022-01-01,sold
8771,2022-01-01,defective
8772,2022-01-01,sold
8773,2022-01-01,sold
8774,2022-01-01,sold
8775,2022-01-01,sold
8776,2022-01-02,sold
8777,2022-01-02,sold
8778,2022-01-02,sold
8779,2022-01-02,sold
8780,2022-01-02,sold
8781,2022-01-02,sold
8782,2022-01-02,sold
8783,2022-01-02,sold
8784,2022-01-02,sold
8785,2022-01-02,sold
8786,2022-01-02,sold
8787,2022-01-02,sold
8788,2022-01-03,sold
8789,2022-01-03,sold
8790,2022-01-03,sold
8791,2022-01-03,sold
8792,2022-01-03,sold
8793,2022-01-03,sold
8794,2022-01-03,sold
8795,2022-01-03,sold
8796,2022-01-03,sold
8797,2022-01-03,sold
8798,2022-01-03,sold
8799,2022-01-03,sold
8800,2022-01-04,sold
8801,2022-01-04,sold
8802,2022-01-04,sold
8803,2022-01-04,sold
8804,2022-01-04,sold
8805,2022-01-04,sold
8806,2022-01-04,sold
8807,2022-01-04,sold
8808,2022-01-04,sold
8809,2022-01-04,sold
8810,2022-01-04,sold
8811,2022-01-04,sold
8812,2022-01-05,sold
8813,2022-01-05,sold
8814,2022-01-05,sold
8815,2022-01-05,sold
8816,2022-01-05,sold
8817,2022-01-05,sold
8818,2022-01-05,defective
8819,2022-01-05,sold
8820,2022-01-05,sold
8821,2022-01-05,sold
8822,2022-01-05,defective
8823,2022-01-05,sold
8824,2022-01-06,sold
8825,2022-01-06,sold
8826,2022-01-06,sold
8827,2022-01-06,sold
8828,2022-01-06,sold
8829,2022-01-06,sold
8830,2022-01-06,sold
8831,2022-01-06,sold
8832,2022-01-06,sold
8833,2022-01-06,sold
8834,2022-01-06,sold
8835,2022-01-06,sold
8836,2022-01-07,sold
8837,2022-01-07,sold
8838,2022-01-07,sold
8839,2022-01-07,sold
8840,2022-01-07,defective
8841,2022-01-07,sold
8842,2022-01-07,sold
8843,2022-01-07,sold
8844,2022-01-07,sold
8845,2022-01-07,defective
8846,2022-01-07,sold
8847,2022-01-07,sold
8848,2022-01-08,sold
8849,2022-01-08,sold
8850,2022-01-08,defective
8851,2022-01-08,defective
8852,2022-01-08,sold
8853,2022-01-08,sold
8854,2022-01-08,sold
8855,2022-01-08,defective
8856,2022-01-08,sold
8857,2022-01-08,sold
8858,2022-01-08,sold
8859,2022-01-08,sold
8860,2022-01-09,sold
8861,2022-01-09,sold
8862,2022-01-09,sold
8863,2022-01-09,defective
8864,2022-01-09,defective
8865,2022-01-09,sold
8866,2022-01-09,sold
8867,2022-01-09,sold
8868,2022-01-09,sold
8869,2022-01-09,sold
8870,2022-01-09,sold
8871,2022-01-09,sold
8872,2022-01-10,defective
8873,2022-01-10,sold
8874,2022-01-10,sold
8875,2022-01-10,sold
8876,2022-01-10,sold
8877,2022-01-10,sold
8878,2022-01-10,sold
8879,2022-01-10,defective
8880,2022-01-10,sold
8881,2022-01-10,sold
8882,2022-01-10,sold
8883,2022-01-10,sold
8884,2022-01-11,sold
8885,2022-01-11,sold
8886,2022-01-11,sold
8887,2022-01-11,sold
8888,2022-01-11,sold
8889,2022-01-11,sold
8890,2022-01-11,sold
8891,2022-01-11,sold
8892,2022-01-11,sold
8893,2022-01-11,sold
8894,2022-01-11,sold
8895,2022-01-11,sold
8896,2022-01-12,sold
8897,2022-01-12,sold
8898,2022-01-12,defective
8899,2022-01-12,sold
8900,2022-01-12,sold
8901,2022-01-12,sold
8902,2022-01-12,sold
8903,2022-01-12,sold
8904,2022-01-12,sold
8905,2022-01-12,sold
8906,2022-01-12,sold
8907,2022-01-12,sold
8908,2022-01-13,sold
8909,2022-01-13,sold
8910,2022-01-13,sold
8911,2022-01-13,sold
8912,2022-01-13,sold
8913,2022-01-13,sold
8914,2022-01-13,sold
8915,2022-01-13,sold
8916,2022-01-13,sold
8917,2022-01-13,sold
8918,2022-01-13,sold
8919,2022-01-13,sold
8920,2022-01-14,sold
8921,2022-01-14,sold
8922,2022-01-14,defective
8923,2022-01-14,sold
8924,2022-01-14,sold
8925,2022-01-14,defective
8926,2022-01-14,defective
8927,2022-01-14,sold
8928,2022-01-14,defective
8929,2022-01-14,sold
8930,2022-01-14,sold
8931,2022-01-14,sold
8932,2022-01-15,sold
8933,2022-01-15,sold
8934,2022-01-15,sold
8935,2022-01-15,sold
8936,2022-01-15,sold
8937,2022-01-15,sold
8938,2022-01-15,sold
8939,2022-01-15,sold
8940,2022-01-15,defective
8941,2022-01-15,sold
8942,2022-01-15,sold
8943,2022-01-15,sold
8944,2022-01-16,sold
8945,2022-01-16,sold
8946,2022-01-16,sold
8947,2022-01-16,sold
8948,2022-01-16,sold
8949,2022-01-16,sold
8950,2022-01-16,sold
8951,2022-01-16,sold
8952,2022-01-16,sold
8953,2022-01-16,sold
8954,2022-01-16,sold
8955,2022-01-16,sold
8956,2022-01-17,sold
8957,2022-01-17,sold
8958,2022-01-17,sold
8959,2022-01-17,sold
8960,2022-01-17,sold
8961,2022-01-17,sold
8962,2022-01-17,sold
8963,2022-01-17,sold
8964,2022-01-17,sold
8965,2022-01-17,sold
8966,2022-01-17,sold
8967,2022-01-17,sold
8968,2022-01-18,defective
8969,2022-01-18,sold
8970,2022-01-18,sold
8971,2022-01-18,sold
8972,2022-01-18,sold
8973,2022-01-18,sold
8974,2022-01-18,sold
8975,2022-01-18,sold
8976,2022-01-18,sold
8977,2022-01-18,sold
8978,2022-01-18,sold
8979,2022-01-18,sold
8980,2022-01-19,sold
8981,2022-01-19,sold
8982,2022-01-19,sold
8983,2022-01-19,sold
8984,2022-01-19,sold
8985,2022-01-19,sold
8986,2022-01-19,sold
8987,2022-01-19,defective
8988,2022-01-19,sold
8989,2022-01-19,sold
8990,2022-01-19,sold
8991,2022-01-19,sold
8992,2022-01-20,sold
8993,2022-01-20,sold
8994,2022-01-20,sold
8995,2022-01-20,sold
8996,2022-01-20,sold
8997,2022-01-20,sold
8998,2022-01-20,sold
8999,2022-01-20,defective
9000,2022-01-20,sold
9001,2022-01-20,sold
9002,2022-01-20,sold
9003,2022-01-20,sold
9004,2022-01-21,sold
9005,2022-01-21,sold
9006,2022-01-21,defective
9007,2022-01-21,sold
9008,2022-01-21,sold
9009,2022-01-21,sold
9010,2022-01-21,sold
9011,2022-01-21,sold
9012,2022-01-21,defective
9013,2022-01-21,sold
9014,2022-01-21,sold
9015,2022-01-21,sold
9016,2022-01-22,sold
9017,2022-01-22,sold
9018,2022-01-22,sold
9019,2022-01-22,sold
9020,2022-01-22,sold
9021,2022-01-22,sold
9022,2022-01-22,sold
9023,2022-01-22,sold
9024,2022-01-22,defective
9025,2022-01-22,sold
9026,2022-01-22,sold
9027,2022-01-22,sold
9028,2022-01-23,sold
9029,2022-01-23,sold
9030,2022-01-23,sold
9031,2022-01-23,sold
9032,2022-01-23,sold
9033,2022-01-23,sold
9034,2022-01-23,sold
9035,2022-01-23,sold
9036,2022-01-23,sold
9037,2022-01-23,sold
9038,2022-01-23,sold
9039,2022-01-23,sold
9040,2022-01-24,sold
9041,2022-01-24,sold
9042,2022-01-24,sold
9043,2022-01-24,sold
9044,2022-01-24,sold
9045,2022-01-24,sold
9046,2022-01-24,sold
9047,2022-01-24,sold
9048,2022-01-24,sold
9049,2022-01-24,sold
9050,2022-01-24,sold
9051,2022-01-24,sold
9052,2022-01-25,sold
9053,2022-01-25,sold
9054,2022-01-25,sold
9055,2022-01-25,sold
9056,2022-01-25,sold
9057,2022-01-25,sold
9058,2022-01-25,sold
9059,2022-01-25,sold
9060,2022-01-25,sold
9061,2022-01-25,sold
9062,2022-01-25,sold
9063,2022-01-25,defective
9064,2022-01-26,sold
9065,2022-01-26,defective
9066,2022-01-26,sold
9067,2022-01-26,defective
9068,2022-01-26,sold
9069,2022-01-26,sold
9070,2022-01-26,sold
9071,2022-01-26,sold
9072,2022-01-26,sold
9073,2022-01-26,sold
9074,2022-01-26,sold
9075,2022-01-26,sold
9076,2022-01-27,sold
9077,2022-01-27,sold
9078,2022-01-27,sold
9079,2022-01-27,sold
9080,2022-01-27,sold
9081,2022-01-27,sold
9082,2022-01-27,sold
9083,2022-01-27,sold
9084,2022-01-27,sold
9085,2022-01-27,sold
9086,2022-01-27,sold
9087,2022-01-27,sold
9088,2022-01-28,sold
9089,2022-01-28,sold
9090,2022-01-28,sold
9091,2022-01-28,sold
9092,2022-01-28,sold
9093,2022-01-28,sold
9094,2022-01-28,sold
9095,2022-01-28,sold
9096,2022-01-28,sold
9097,2022-01-28,sold
9098,2022-01-28,sold
9099,2022-01-28,sold
9100,2022-01-29,sold
9101,2022-01-29,sold
9102,2022-01-29,sold
9103,2022-01-29,sold
9104,2022-01-29,sold
9105,2022-01-29,sold
9106,2022-01-29,sold
9107,2022-01-29,defective
9108,2022-01-29,sold
9109,2022-01-29,sold
9110,2022-01-29,sold
9111,2022-01-29,defective
9112,2022-01-30,sold
9113,2022-01-30,sold
9114,2022-01-30,sold
9115,2022-01-30,sold
9116,2022-01-30,sold
9117,2022-01-30,sold
9118,2022-01-30,sold
9119,2022-01-30,sold
9120,2022-01-30,sold
9121,2022-01-30,sold
9122,2022-01-30,sold
9123,2022-01-30,sold
9124,2022-01-31,sold
9125,2022-01-31,sold
9126,2022-01-31,sold
9127,2022-01-31,sold
9128,2022-01-31,sold
9129,2022-01-31,sold
9130,2022-01-31,sold
9131,2022-01-31,sold
9132,2022-01-31,defective
9133,2022-01-31,sold
9134,2022-01-31,sold
9135,2022-01-31,sold
9136,2022-02-01,sold
9137,2022-02-01,sold
9138,2022-02-01,sold
9139,2022-02-01,sold
9140,2022-02-01,sold
9141,2022-02-01,sold
9142,2022-02-01,sold
9143,2022-02-01,sold
9144,2022-02-01,sold
9145,2022-02-01,sold
9146,2022-02-01,sold
9147,2022-02-01,defective
9148,2022-02-02,sold
9149,2022-02-02,sold
9150,2022-02-02,sold
9151,2022-02-02,sold
9152,2022-02-02,sold
9153,2022-02-02,sold
9154,2022-02-02,sold
9155,2022-02-02,sold
9156,2022-02-02,sold
9157,2022-02-02,sold
9158,2022-02-02,sold
9159,2022-02-02,sold
9160,2022-02-03,sold
9161,2022-02-03,sold
9162,2022-02-03,sold
9163,2022-02-03,sold
9164,2022-02-03,sold
9165,2022-02-03,sold
9166,2022-02-03,sold
9167,2022-02-03,sold
9168,2022-02-03,sold
9169,2022-02-03,sold
9170,2022-02-03,sold
9171,2022-02-03,sold
9172,2022-02-04,sold
9173,2022-02-04,defective
9174,2022-02-04,sold
9175,2022-02-04,sold
9176,2022-02-04,defective
9177,2022-02-04,sold
9178,2022-02-04,sold
9179,2022-02-04,sold
9180,2022-02-04,sold
9181,2022-02-04,sold
9182,2022-02-04,sold
9183,2022-02-04,sold
9184,2022-02-05,sold
9185,2022-02-05,sold
9186,2022-02-05,sold
9187,2022-02-05,sold
9188,2022-02-05,sold
9189,2022-02-05,sold
9190,2022-02-05,sold
9191,2022-02-05,sold
9192,2022-02-05,sold
9193,2022-02-05,sold
9194,2022-02-05,sold
9195,2022-02-05,sold
9196,2022-02-06,sold
9197,2022-02-06,defective
9198,2022-02-06,sold
9199,2022-02-06,sold
9200,2022-02-06,sold
9201,2022-02-06,sold
9202,2022-02-06,sold
9203,2022-02-06,sold
9204,2022-02-06,sold
9205,2022-02-06,sold
9206,2022-02-06,sold
9207,2022-02-06,sold
9208,2022-02-07,sold
9209,2022-02-07,sold
9210,2022-02-07,sold
9211,2022-02-07,sold
9212,2022-02-07,sold
9213,2022-02-07,sold
9214,2022-02-07,sold
9215,2022-02-07,sold
9216,2022-02-07,sold
9217,2022-02-07,sold
9218,2022-02-07,sold
9219,2022-02-07,sold
9220,2022-02-08,sold
9221,2022-02-08,sold
9222,2022-02-08,sold
9223,2022-02-08,sold
9224,2022-02-08,defective
9225,2022-02-08,sold
9226,2022-02-08,sold
9227,2022-02-08,sold
9228,2022-02-08,sold
9229,2022-02-08,sold
9230,2022-02-08,sold
9231,2022-02-08,sold
9232,2022-02-09,sold
9233,2022-02-09,sold
9234,2022-02-09,defective
9235,2022-02-09,defective
9236,2022-02-09,sold
9237,2022-02-09,sold
9238,2022-02-09,sold
9239,2022-02-09,sold
9240,2022-02-09,sold
9241,2022-02-09,sold
9242,2022-02-09,sold
9243,2022-02-09,sold
9244,2022-02-10,sold
9245,2022-02-10,sold
9246,2022-02-10,sold
9247,2022-02-10,sold
9248,2022-02-10,defective
9249,2022-02-10,sold
9250,2022-02-10,sold
9251,2022-02-10,sold
9252,2022-02-10,sold
9253,2022-02-10,sold
9254,2022-02-10,sold
9255,2022-02-10,sold
9256,2022-02-11,sold
9257,2022-02-11,sold
9258,2022-02-11,sold
9259,2022-02-11,sold
9260,2022-02-11,sold
9261,2022-02-11,sold
9262,2022-02-11,sold
9263,2022-02-11,sold
9264,2022-02-11,sold
9265,2022-02-11,sold
9266,2022-02-11,sold
9267,2022-02-11,sold
9268,2022-02-12,sold
9269,2022-02-12,sold
9270,2022-02-12,sold
9271,2022-02-12,sold
9272,2022-02-12,sold
9273,2022-02-12,sold
9274,2022-02-12,sold
9275,2022-02-12,sold
9276,2022-02-12,sold
9277,2022-02-12,sold
9278,2022-02-12,sold
9279,2022-02-12,sold
9280,2022-02-13,sold
9281,2022-02-13,sold
9282,2022-02-13,sold
9283,2022-02-13,sold
9284,2022-02-13,sold
9285,2022-02-13,sold
9286,2022-02-13,sold
9287,2022-02-13,sold
9288,2022-02-13,sold
9289,2022-02-13,sold
9290,2022-02-13,sold
9291,2022-02-13,sold
9292,2022-02-14,sold
9293,2022-02-14,sold
9294,2022-02-14,sold
9295,2022-02-14,sold
9296,2022-02-14,sold
9297,2022-02-14,sold
9298,2022-02-14,sold
9299,2022-02-14,sold
9300,2022-02-14,sold
9301,2022-02-14,sold
9302,2022-02-14,sold
9303,2022-02-14,sold
9304,2022-02-15,sold
9305,2022-02-15,sold
9306,2022-02-15,sold
9307,2022-02-15,sold
9308,2022-02-15,sold
9309,2022-02-15,sold
9310,2022-02-15,sold
9311,2022-02-15,sold
9312,2022-02-15,sold
9313,2022-02-15,sold
9314,2022-02-15,sold
9315,2022-02-15,sold
9316,2022-02-16,sold
9317,2022-02-16,sold
9318,2022-02-16,sold
9319,2022-02-16,sold
9320,2022-02-16,sold
9321,2022-02-16,defective
9322,2022-02-16,sold
9323,2022-02-16,sold
9324,2022-02-16,sold
9325,2022-02-16,sold
9326,2022-02-16,sold
9327,2022-02-16,sold
9328,2022-02-17,sold
9329,2022-02-17,sold
9330,2022-02-17,sold
9331,2022-02-17,sold
9332,2022-02-17,sold
9333,2022-02-17,sold
9334,2022-02-17,sold
9335,2022-02-17,sold
9336,2022-02-17,sold
9337,2022-02-17,sold
9338,2022-02-17,sold
9339,2022-02-17,sold
9340,2022-02-18,sold
9341,2022-02-18,sold
9342,2022-02-18,sold
9343,2022-02-18,sold
9344,2022-02-18,sold
9345,2022-02-18,sold
9346,2022-02-18,sold
9347,2022-02-18,sold
9348,2022-02-18,sold
9349,2022-02-18,sold
9350,2022-02-18,sold
9351,2022-02-18,sold
9352,2022-02-19,sold
9353,2022-02-19,sold
9354,2022-02-19,defective
9355,2022-02-19,sold
9356,2022-02-19,sold
9357,2022-02-19,sold
9358,2022-02-19,sold
9359,2022-02-19,sold
9360,2022-02-19,sold
9361,2022-02-19,sold
9362,2022-02-19,sold
9363,2022-02-19,sold
9364,2022-02-20,sold
9365,2022-02-20,sold
9366,2022-02-20,sold
9367,2022-02-20,sold
9368,2022-02-20,sold
9369,2022-02-20,sold
9370,2022-02-20,sold
9371,2022-02-20,sold
9372,2022-02-20,sold
9373,2022-02-20,sold
9374,2022-02-20,sold
9375,2022-02-20,sold
9376,2022-02-21,sold
9377,2022-02-21,defective
9378,2022-02-21,sold
9379,2022-02-21,sold
9380,2022-02-21,sold
9381,2022-02-21,sold
9382,2022-02-21,sold
9383,2022-02-21,sold
9384,2022-02-21,sold
9385,2022-02-21,sold
9386,2022-02-21,sold
9387,2022-02-21,sold
9388,2022-02-22,sold
9389,2022-02-22,sold
9390,2022-02-22,sold
9391,2022-02-22,sold
9392,2022-02-22,sold
9393,2022-02-22,sold
9394,2022-02-22,sold
9395,2022-02-22,sold
9396,2022-02-22,sold
9397,2022-02-22,sold
9398,2022-02-22,sold
9399,2022-02-22,sold
9400,2022-02-23,sold
9401,2022-02-23,sold
9402,2022-02-23,sold
9403,2022-02-23,sold
9404,2022-02-23,sold
9405,2022-02-23,sold
9406,2022-02-23,sold
9407,2022-02-23,sold
9408,2022-02-23,sold
9409,2022-02-23,sold
9410,2022-02-23,sold
9411,2022-02-23,sold
9412,2022-02-24,sold
9413,2022-02-24,sold
9414,2022-02-24,sold
9415,2022-02-24,sold
9416,2022-02-24,sold
9417,2022-02-24,sold
9418,2022-02-24,sold
9419,2022-02-24,sold
9420,2022-02-24,sold
9421,2022-02-24,sold
9422,2022-02-24,sold
9423,2022-02-24,sold
9424,2022-02-25,sold
9425,2022-02-25,sold
9426,2022-02-25,defective
9427,2022-02-25,sold
9428,2022-02-25,sold
9429,2022-02-25,sold
9430,2022-02-25,sold
9431,2022-02-25,sold
9432,2022-02-25,sold
9433,2022-02-25,sold
9434,2022-02-25,sold
9435,2022-02-25,sold
9436,2022-02-26,sold
9437,2022-02-26,sold
9438,2022-02-26,sold
9439,2022-02-26,sold
9440,2022-02-26,sold
9441,2022-02-26,sold
9442,2022-02-26,sold
9443,2022-02-26,sold
9444,2022-02-26,sold
9445,2022-02-26,sold
9446,2022-02-26,defective
9447,2022-02-26,defective
9448,2022-02-27,sold
9449,2022-02-27,sold
9450,2022-02-27,sold
9451,2022-02-27,sold
9452,2022-02-27,sold
9453,2022-02-27,sold
9454,2022-02-27,sold
9455,2022-02-27,sold
9456,2022-02-27,sold
9457,2022-02-27,sold
9458,2022-02-27,sold
9459,2022-02-27,sold
9460,2022-02-28,sold
9461,2022-02-28,sold
9462,2022-02-28,sold
9463,2022-02-28,sold
9464,2022-02-28,sold
9465,2022-02-28,sold
9466,2022-02-28,sold
9467,2022-02-28,sold
9468,2022-02-28,sold
9469,2022-02-28,sold
9470,2022-02-28,sold
9471,2022-02-28,sold
9472,2022-03-01,sold
9473,2022-03-01,sold
9474,2022-03-01,sold
9475,2022-03-01,sold
9476,2022-03-01,sold
9477,2022-03-01,sold
9478,2022-03-01,sold
9479,2022-03-01,sold
9480,2022-03-01,sold
9481,2022-03-01,sold
9482,2022-03-01,sold
9483,2022-03-01,sold
9484,2022-03-02,sold
9485,2022-03-02,sold
9486,2022-03-02,sold
9487,2022-03-02,sold
9488,2022-03-02,sold
9489,2022-03-02,sold
9490,2022-03-02,sold
9491,2022-03-02,sold
9492,2022-03-02,sold
9493,2022-03-02,sold
9494,2022-03-02,sold
9495,2022-03-02,sold
9496,2022-03-03,sold
9497,2022-03-03,sold
9498,2022-03-03,sold
9499,2022-03-03,sold
9500,2022-03-03,sold
9501,2022-03-03,sold
9502,2022-03-03,sold
9503,2022-03-03,sold
9504,2022-03-03,sold
9505,2022-03-03,sold
9506,2022-03-03,sold
9507,2022-03-03,sold
9508,2022-03-04,sold
9509,2022-03-04,sold
9510,2022-03-04,sold
9511,2022-03-04,sold
9512,2022-03-04,sold
9513,2022-03-04,sold
9514,2022-03-04,sold
9515,2022-03-04,sold
9516,2022-03-04,sold
9517,2022-03-04,sold
9518,2022-03-04,sold
9519,2022-03-04,sold
9520,2022-03-05,sold
9521,2022-03-05,sold
9522,2022-03-05,sold
9523,2022-03-05,sold
9524,2022-03-05,sold
9525,2022-03-05,sold
9526,2022-03-05,sold
9527,2022-03-05,sold
9528,2022-03-05,sold
9529,2022-03-05,sold
9530,2022-03-05,sold
9531,2022-03-05,sold
9532,2022-03-06,sold
9533,2022-03-06,sold
9534,2022-03-06,sold
9535,2022-03-06,defective
9536,2022-03-06,sold
9537,2022-03-06,sold
9538,2022-03-06,sold
9539,2022-03-06,sold
9540,2022-03-06,sold
9541,2022-03-06,sold
9542,2022-03-06,sold
9543,2022-03-06,sold
9544,2022-03-07,sold
9545,2022-03-07,sold
9546,2022-03-07,sold
9547,2022-03-07,sold
9548,2022-03-07,sold
9549,2022-03-07,sold
9550,2022-03-07,sold
9551,2022-03-07,sold
9552,2022-03-07,sold
9553,2022-03-07,sold
9554,2022-03-07,sold
9555,2022-03-07,sold
9556,2022-03-08,sold
9557,2022-03-08,sold
9558,2022-03-08,sold
9559,2022-03-08,sold
9560,2022-03-08,sold
9561,2022-03-08,sold
9562,2022-03-08,sold
9563,2022-03-08,sold
9564,2022-03-08,sold
9565,2022-03-08,sold
9566,2022-03-08,sold
9567,2022-03-08,sold
9568,2022-03-09,sold
9569,2022-03-09,sold
9570,2022-03-09,sold
9571,2022-03-09,sold
9572,2022-03-09,sold
9573,2022-03-09,sold
9574,2022-03-09,sold
9575,2022-03-09,sold
9576,2022-03-09,sold
9577,2022-03-09,sold
9578,2022-03-09,sold
9579,2022-03-09,defective
9580,2022-03-10,sold
9581,2022-03-10,sold
9582,2022-03-10,sold
9583,2022-03-10,sold
9584,2022-03-10,sold
9585,2022-03-10,sold
9586,2022-03-10,sold
9587,2022-03-10,sold
9588,2022-03-10,sold
9589,2022-03-10,sold
9590,2022-03-10,sold
9591,2022-03-10,sold
9592,2022-03-11,sold
9593,2022-03-11,sold
9594,2022-03-11,sold
9595,2022-03-11,sold
9596,2022-03-11,sold
9597,2022-03-11,sold
9598,2022-03-11,sold
9599,2022-03-11,sold
9600,2022-03-11,sold
9601,2022-03-11,sold
9602,2022-03-11,sold
9603,2022-03-11,sold
9604,2022-03-12,sold
9605,2022-03-12,sold
9606,2022-03-12,sold
9607,2022-03-12,sold
9608,2022-03-12,sold
9609,2022-03-12,defective
9610,2022-03-12,sold
9611,2022-03-12,sold
9612,2022-03-12,defective
9613,2022-03-12,sold
9614,2022-03-12,sold
9615,2022-03-12,sold
9616,2022-03-13,sold
9617,2022-03-13,sold
9618,2022-03-13,sold
9619,2022-03-13,sold
9620,2022-03-13,sold
9621,2022-03-13,sold
9622,2022-03-13,sold
9623,2022-03-13,defective
9624,2022-03-13,sold
9625,2022-03-13,sold
9626,2022-03-13,sold
9627,2022-03-13,sold
9628,2022-03-14,sold
9629,2022-03-14,sold
9630,2022-03-14,sold
9631,2022-03-14,sold
9632,2022-03-14,sold
9633,2022-03-14,sold
9634,2022-03-14,sold
9635,2022-03-14,sold
9636,2022-03-14,sold
9637,2022-03-14,sold
9638,2022-03-14,sold
9639,2022-03-14,sold
9640,2022-03-15,sold
9641,2022-03-15,sold
9642,2022-03-15,sold
9643,2022-03-15,sold
9644,2022-03-15,defective
9645,2022-03-15,sold
9646,2022-03-15,sold
9647,2022-03-15,sold
9648,2022-03-15,sold
9649,2022-03-15,sold
9650,2022-03-15,sold
9651,2022-03-15,sold
9652,2022-03-16,sold
9653,2022-03-16,sold
9654,2022-03-16,sold
9655,2022-03-16,sold
9656,2022-03-16,sold
9657,2022-03-16,sold
9658,2022-03-16,sold
9659,2022-03-16,sold
9660,2022-03-16,sold
9661,2022-03-16,sold
9662,2022-03-16,sold
9663,2022-03-16,sold
9664,2022-03-17,defective
9665,2022-03-17,sold
9666,2022-03-17,sold
9667,2022-03-17,sold
9668,2022-03-17,sold
9669,2022-03-17,sold
9670,2022-03-17,sold
9671,2022-03-17,sold
9672,2022-03-17,sold
9673,2022-03-17,sold
9674,2022-03-17,sold
9675,2022-03-17,sold
9676,2022-03-18,sold
9677,2022-03-18,sold
9678,2022-03-18,sold
9679,2022-03-18,sold
9680,2022-03-18,sold
9681,2022-03-18,sold
9682,2022-03-18,sold
9683,2022-03-18,defective
9684,2022-03-18,sold
9685,2022-03-18,sold
9686,2022-03-18,sold
9687,2022-03-18,sold
9688,2022-03-19,sold
9689,2022-03-19,sold
9690,2022-03-19,sold
9691,2022-03-19,sold
9692,2022-03-19,sold
9693,2022-03-19,sold
9694,2022-03-19,sold
9695,2022-03-19,sold
9696,2022-03-19,sold
9697,2022-03-19,sold
9698,2022-03-19,sold
9699,2022-03-19,sold
9700,2022-03-20,sold
9701,2022-03-20,sold
9702,2022-03-20,sold
9703,2022-03-20,sold
9704,2022-03-20,sold
9705,2022-03-20,sold
9706,2022-03-20,sold
9707,2022-03-20,sold
9708,2022-03-20,sold
9709,2022-03-20,sold
9710,2022-03-20,sold
9711,2022-03-20,sold
9712,2022-03-21,sold
9713,2022-03-21,sold
9714,2022-03-21,sold
9715,2022-03-21,sold
9716,2022-03-21,sold
9717,2022-03-21,sold
9718,2022-03-21,sold
9719,2022-03-21,sold
9720,2022-03-21,sold
9721,2022-03-21,defective
9722,2022-03-21,sold
9723,2022-03-21,sold
9724,2022-03-22,sold
9725,2022-03-22,sold
9726,2022-03-22,sold
9727,2022-03-22,sold
9728,2022-03-22,sold
9729,2022-03-22,sold
9730,2022-03-22,sold
9731,2022-03-22,sold
9732,2022-03-22,sold
9733,2022-03-22,defective
9734,2022-03-22,sold
9735,2022-03-22,sold
9736,2022-03-23,sold
9737,2022-03-23,sold
9738,2022-03-23,sold
9739,2022-03-23,defective
9740,2022-03-23,sold
9741,2022-03-23,sold
9742,2022-03-23,sold
9743,2022-03-23,sold
9744,2022-03-23,sold
9745,2022-03-23,sold
9746,2022-03-23,sold
9747,2022-03-23,sold
9748,2022-03-24,sold
9749,2022-03-24,sold
9750,2022-03-24,sold
9751,2022-03-24,sold
9752,2022-03-24,sold
9753,2022-03-24,sold
9754,2022-03-24,sold
9755,2022-03-24,defective
9756,2022-03-24,sold
9757,2022-03-24,sold
9758,2022-03-24,sold
9759,2022-03-24,sold
9760,2022-03-25,sold
9761,2022-03-25,sold
9762,2022-03-25,sold
9763,2022-03-25,sold
9764,2022-03-25,sold
9765,2022-03-25,sold
9766,2022-03-25,sold
9767,2022-03-25,sold
9768,2022-03-25,sold
9769,2022-03-25,sold
9770,2022-03-25,sold
9771,2022-03-25,sold
9772,2022-03-26,sold
9773,2022-03-26,sold
9774,2022-03-26,sold
9775,2022-03-26,defective
9776,2022-03-26,sold
9777,2022-03-26,sold
9778,2022-03-26,sold
9779,2022-03-26,sold
9780,2022-03-26,sold
9781,2022-03-26,sold
9782,2022-03-26,sold
9783,2022-03-26,sold
9784,2022-03-27,defective
9785,2022-03-27,sold
9786,2022-03-27,defective
9787,2022-03-27,sold
9788,2022-03-27,sold
9789,2022-03-27,sold
9790,2022-03-27,sold
9791,2022-03-27,sold
9792,2022-03-27,sold
9793,2022-03-27,sold
9794,2022-03-27,defective
9795,2022-03-27,sold
9796,2022-03-28,sold
9797,2022-03-28,sold
9798,2022-03-28,sold
9799,2022-03-28,sold
9800,2022-03-28,sold
9801,2022-03-28,sold
9802,2022-03-28,sold
9803,2022-03-28,sold
9804,2022-03-28,sold
9805,2022-03-28,sold
9806,2022-03-28,sold
9807,2022-03-28,sold
9808,2022-03-29,sold
9809,2022-03-29,sold
9810,2022-03-29,sold
9811,2022-03-29,sold
9812,2022-03-29,sold
9813,2022-03-29,sold
9814,2022-03-29,sold
9815,2022-03-29,sold
9816,2022-03-29,sold
9817,2022-03-29,sold
9818,2022-03-29,sold
9819,2022-03-29,sold
9820,2022-03-30,sold
9821,2022-03-30,sold
9822,2022-03-30,sold
9823,2022-03-30,sold
9824,2022-03-30,sold
9825,2022-03-30,sold
9826,2022-03-30,sold
9827,2022-03-30,sold
9828,2022-03-30,sold
9829,2022-03-30,sold
9830,2022-03-30,sold
9831,2022-03-30,sold
9832,2022-03-31,sold
9833,2022-03-31,sold
9834,2022-03-31,sold
9835,2022-03-31,sold
9836,2022-03-31,defective
9837,2022-03-31,sold
9838,2022-03-31,sold
9839,2022-03-31,defective
9840,2022-03-31,sold
9841,2022-03-31,sold
9842,2022-03-31,sold
9843,2022-03-31,sold
9844,2022-04-01,sold
9845,2022-04-01,sold
9846,2022-04-01,sold
9847,2022-04-01,sold
9848,2022-04-01,sold
9849,2022-04-01,sold
9850,2022-04-01,sold
9851,2022-04-01,sold
9852,2022-04-01,sold
9853,2022-04-01,sold
9854,2022-04-01,sold
9855,2022-04-01,sold
9856,2022-04-02,sold
9857,2022-04-02,sold
9858,2022-04-02,sold
9859,2022-04-02,sold
9860,2022-04-02,sold
9861,2022-04-02,sold
9862,2022-04-02,sold
9863,2022-04-02,sold
9864,2022-04-02,sold
9865,2022-04-02,sold
9866,2022-04-02,sold
9867,2022-04-02,sold
9868,2022-04-03,sold
9869,2022-04-03,sold
9870,2022-04-03,sold
9871,2022-04-03,sold
9872,2022-04-03,sold
9873,2022-04-03,sold
9874,2022-04-03,sold
9875,2022-04-03,sold
9876,2022-04-03,sold
9877,2022-04-03,sold
9878,2022-04-03,sold
9879,2022-04-03,sold
9880,2022-04-04,sold
9881,2022-04-04,sold
9882,2022-04-04,sold
9883,2022-04-04,sold
9884,2022-04-04,sold
9885,2022-04-04,sold
9886,2022-04-04,sold
9887,2022-04-04,sold
9888,2022-04-04,sold
9889,2022-04-04,sold
9890,2022-04-04,sold
9891,2022-04-04,sold
9892,2022-04-05,sold
9893,2022-04-05,sold
9894,2022-04-05,sold
9895,2022-04-05,sold
9896,2022-04-05,sold
9897,2022-04-05,sold
9898,2022-04-05,sold
9899,2022-04-05,sold
9900,2022-04-05,defective
9901,2022-04-05,sold
9902,2022-04-05,sold
9903,2022-04-05,sold
9904,2022-04-06,sold
9905,2022-04-06,sold
9906,2022-04-06,sold
9907,2022-04-06,sold
9908,2022-04-06,sold
9909,2022-04-06,defective
9910,2022-04-06,sold
9911,2022-04-06,sold
9912,2022-04-06,defective
9913,2022-04-06,sold
9914,2022-04-06,sold
9915,2022-04-06,sold
9916,2022-04-07,sold
9917,2022-04-07,sold
9918,2022-04-07,sold
9919,2022-04-07,sold
9920,2022-04-07,sold
9921,2022-04-07,sold
9922,2022-04-07,sold
9923,2022-04-07,sold
9924,2022-04-07,sold
9925,2022-04-07,sold
9926,2022-04-07,sold
9927,2022-04-07,sold
9928,2022-04-08,sold
9929,2022-04-08,sold
9930,2022-04-08,sold
9931,2022-04-08,sold
9932,2022-04-08,defective
9933,2022-04-08,sold
9934,2022-04-08,sold
9935,2022-04-08,sold
9936,2022-04-08,sold
9937,2022-04-08,sold
9938,2022-04-08,sold
9939,2022-04-08,sold
9940,2022-04-09,sold
9941,2022-04-09,sold
9942,2022-04-09,sold
9943,2022-04-09,sold
9944,2022-04-09,defective
9945,2022-04-09,sold
9946,2022-04-09,sold
9947,2022-04-09,defective
9948,2022-04-09,sold
9949,2022-04-09,sold
9950,2022-04-09,sold
9951,2022-04-09,sold
9952,2022-04-10,sold
9953,2022-04-10,sold
9954,2022-04-10,sold
9955,2022-04-10,sold
9956,2022-04-10,sold
9957,2022-04-10,sold
9958,2022-04-10,sold
9959,2022-04-10,sold
9960,2022-04-10,sold
9961,2022-04-10,defective
9962,2022-04-10,sold
9963,2022-04-10,defective
9964,2022-04-11,sold
9965,2022-04-11,sold
9966,2022-04-11,sold
9967,2022-04-11,sold
9968,2022-04-11,sold
9969,2022-04-11,sold
9970,2022-04-11,sold
9971,2022-04-11,sold
9972,2022-04-11,sold
9973,2022-04-11,sold
9974,2022-04-11,sold
9975,2022-04-11,sold
9976,2022-04-12,sold
9977,2022-04-12,sold
9978,2022-04-12,sold
9979,2022-04-12,sold
9980,2022-04-12,sold
9981,2022-04-12,sold
9982,2022-04-12,sold
9983,2022-04-12,sold
9984,2022-04-12,sold
9985,2022-04-12,sold
9986,2022-04-12,sold
9987,2022-04-12,sold
9988,2022-04-13,sold
9989,2022-04-13,sold
9990,2022-04-13,sold
9991,2022-04-13,sold
9992,2022-04-13,sold
9993,2022-04-13,sold
9994,2022-04-13,sold
9995,2022-04-13,sold
9996,2022-04-13,sold
9997,2022-04-13,sold
9998,2022-04-13,sold
9999,2022-04-13,sold
10000,2022-04-14,sold
10001,2022-04-14,sold
10002,2022-04-14,sold
10003,2022-04-14,sold
10004,2022-04-14,sold
10005,2022-04-14,sold
10006,2022-04-14,sold
10007,2022-04-14,sold
10008,2022-04-14,sold
10009,2022-04-14,sold
10010,2022-04-14,sold
10011,2022-04-14,sold
10012,2022-04-15,sold
10013,2022-04-15,sold
10014,2022-04-15,sold
10015,2022-04-15,sold
10016,2022-04-15,sold
10017,2022-04-15,sold
10018,2022-04-15,defective
10019,2022-04-15,sold
10020,2022-04-15,sold
10021,2022-04-15,sold
10022,2022-04-15,sold
10023,2022-04-15,sold
10024,2022-04-16,sold
10025,2022-04-16,sold
10026,2022-04-16,sold
10027,2022-04-16,sold
10028,2022-04-16,sold
10029,2022-04-16,sold
10030,2022-04-16,sold
10031,2022-04-16,sold
10032,2022-04-16,sold
10033,2022-04-16,sold
10034,2022-04-16,sold
10035,2022-04-16,sold
10036,2022-04-17,sold
10037,2022-04-17,sold
10038,2022-04-17,sold
10039,2022-04-17,sold
10040,2022-04-17,sold
10041,2022-04-17,sold
10042,2022-04-17,sold
10043,2022-04-17,sold
10044,2022-04-17,sold
10045,2022-04-17,sold
10046,2022-04-17,sold
10047,2022-04-17,sold
10048,2022-04-18,sold
10049,2022-04-18,sold
10050,2022-04-18,sold
10051,2022-04-18,sold
10052,2022-04-18,sold
10053,2022-04-18,sold
10054,2022-04-18,sold
10055,2022-04-18,sold
10056,2022-04-18,sold
10057,2022-04-18,sold
10058,2022-04-18,sold
10059,2022-04-18,sold
10060,2022-04-19,sold
10061,2022-04-19,sold
10062,2022-04-19,sold
10063,2022-04-19,sold
10064,2022-04-19,sold
10065,2022-04-19,sold
10066,2022-04-19,sold
10067,2022-04-19,sold
10068,2022-04-19,sold
10069,2022-04-19,sold
10070,2022-04-19,sold
10071,2022-04-19,sold
10072,2022-04-20,sold
10073,2022-04-20,sold
10074,2022-04-20,sold
10075,2022-04-20,sold
10076,2022-04-20,sold
10077,2022-04-20,sold
10078,2022-04-20,sold
10079,2022-04-20,sold
10080,2022-04-20,sold
10081,2022-04-20,sold
10082,2022-04-20,sold
10083,2022-04-20,sold
10084,2022-04-21,sold
10085,2022-04-21,sold
10086,2022-04-21,sold
10087,2022-04-21,sold
10088,2022-04-21,sold
10089,2022-04-21,sold
10090,2022-04-21,sold
10091,2022-04-21,sold
10092,2022-04-21,sold
10093,2022-04-21,sold
10094,2022-04-21,sold
10095,2022-04-21,sold
10096,2022-04-22,sold
10097,2022-04-22,sold
10098,2022-04-22,sold
10099,2022-04-22,sold
10100,2022-04-22,defective
10101,2022-04-22,sold
10102,2022-04-22,sold
10103,2022-04-22,sold
10104,2022-04-22,sold
10105,2022-04-22,sold
10106,2022-04-22,sold
10107,2022-04-22,sold
10108,2022-04-23,sold
10109,2022-04-23,defective
10110,2022-04-23,sold
10111,2022-04-23,sold
10112,2022-04-23,sold
10113,2022-04-23,sold
10114,2022-04-23,sold
10115,2022-04-23,sold
10116,2022-04-23,sold
10117,2022-04-23,sold
10118,2022-04-23,sold
10119,2022-04-23,sold
10120,2022-04-24,defective
10121,2022-04-24,sold
10122,2022-04-24,sold
10123,2022-04-24,sold
10124,2022-04-24,sold
10125,2022-04-24,sold
10126,2022-04-24,sold
10127,2022-04-24,sold
10128,2022-04-24,sold
10129,2022-04-24,sold
10130,2022-04-24,sold
10131,2022-04-24,sold
10132,2022-04-25,sold
10133,2022-04-25,sold
10134,2022-04-25,sold
10135,2022-04-25,defective
10136,2022-04-25,sold
10137,2022-04-25,sold
10138,2022-04-25,sold
10139,2022-04-25,sold
10140,2022-04-25,sold
10141,2022-04-25,sold
10142,2022-04-25,sold
10143,2022-04-25,sold
10144,2022-04-26,sold
10145,2022-04-26,sold
10146,2022-04-26,sold
10147,2022-04-26,sold
10148,2022-04-26,sold
10149,2022-04-26,sold
10150,2022-04-26,sold
10151,2022-04-26,sold
10152,2022-04-26,sold
10153,2022-04-26,sold
10154,2022-04-26,sold
10155,2022-04-26,sold
10156,2022-04-27,sold
10157,2022-04-27,sold
10158,2022-04-27,sold
10159,2022-04-27,sold
10160,2022-04-27,sold
10161,2022-04-27,sold
10162,2022-04-27,sold
10163,2022-04-27,sold
10164,2022-04-27,sold
10165,2022-04-27,sold
10166,2022-04-27,sold
10167,2022-04-27,sold
10168,2022-04-28,sold
10169,2022-04-28,sold
10170,2022-04-28,sold
10171,2022-04-28,sold
10172,2022-04-28,sold
10173,2022-04-28,sold
10174,2022-04-28,sold
10175,2022-04-28,sold
10176,2022-04-28,sold
10177,2022-04-28,sold
10178,2022-04-28,sold
10179,2022-04-28,sold
10180,2022-04-29,sold
10181,2022-04-29,sold
10182,2022-04-29,sold
10183,2022-04-29,sold
10184,2022-04-29,defective
10185,2022-04-29,sold
10186,2022-04-29,sold
10187,2022-04-29,sold
10188,2022-04-29,sold
10189,2022-04-29,sold
10190,2022-04-29,sold
10191,2022-04-29,defective
10192,2022-04-30,sold
10193,2022-04-30,sold
10194,2022-04-30,sold
10195,2022-04-30,sold
10196,2022-04-30,sold
10197,2022-04-30,sold
10198,2022-04-30,sold
10199,2022-04-30,sold
10200,2022-04-30,sold
10201,2022-04-30,sold
10202,2022-04-30,sold
10203,2022-04-30,sold
10204,2022-05-01,sold
10205,2022-05-01,sold
10206,2022-05-01,sold
10207,2022-05-01,sold
10208,2022-05-01,defective
10209,2022-05-01,sold
10210,2022-05-01,sold
10211,2022-05-01,sold
10212,2022-05-01,sold
10213,2022-05-01,sold
10214,2022-05-01,sold
10215,2022-05-01,sold
10216,2022-05-02,sold
10217,2022-05-02,sold
10218,2022-05-02,sold
10219,2022-05-02,sold
10220,2022-05-02,sold
10221,2022-05-02,sold
10222,2022-05-02,sold
10223,2022-05-02,sold
10224,2022-05-02,sold
10225,2022-05-02,sold
10226,2022-05-02,sold
10227,2022-05-02,sold
10228,2022-05-03,sold
10229,2022-05-03,sold
10230,2022-05-03,sold
10231,2022-05-03,sold
10232,2022-05-03,sold
10233,2022-05-03,sold
10234,2022-05-03,sold
10235,2022-05-03,sold
10236,2022-05-03,sold
10237,2022-05-03,sold
10238,2022-05-03,sold
10239,2022-05-03,sold
10240,2022-05-04,sold
10241,2022-05-04,sold
10242,2022-05-04,sold
10243,2022-05-04,sold
10244,2022-05-04,sold
10245,2022-05-04,defective
10246,2022-05-04,sold
10247,2022-05-04,sold
10248,2022-05-04,defective
10249,2022-05-04,sold
10250,2022-05-04,sold
10251,2022-05-04,sold
10252,2022-05-05,sold
10253,2022-05-05,sold
10254,2022-05-05,sold
10255,2022-05-05,sold
10256,2022-05-05,defective
10257,2022-05-05,sold
10258,2022-05-05,sold
10259,2022-05-05,sold
10260,2022-05-05,sold
10261,2022-05-05,sold
10262,2022-05-05,sold
10263,2022-05-05,sold
10264,2022-05-06,sold
10265,2022-05-06,sold
10266,2022-05-06,defective
10267,2022-05-06,sold
10268,2022-05-06,sold
10269,2022-05-06,sold
10270,2022-05-06,sold
10271,2022-05-06,sold
10272,2022-05-06,sold
10273,2022-05-06,sold
10274,2022-05-06,sold
10275,2022-05-06,sold
10276,2022-05-07,sold
10277,2022-05-07,defective
10278,2022-05-07,sold
10279,2022-05-07,sold
10280,2022-05-07,sold
10281,2022-05-07,sold
10282,2022-05-07,sold
10283,2022-05-07,sold
10284,2022-05-07,sold
10285,2022-05-07,sold
10286,2022-05-07,sold
10287,2022-05-07,sold
10288,2022-05-08,sold
10289,2022-05-08,sold
10290,2022-05-08,sold
10291,2022-05-08,sold
10292,2022-05-08,sold
10293,2022-05-08,sold
10294,2022-05-08,sold
10295,2022-05-08,sold
10296,2022-05-08,defective
10297,2022-05-08,sold
10298,2022-05-08,sold
10299,2022-05-08,sold
10300,2022-05-09,sold
10301,2022-05-09,sold
10302,2022-05-09,sold
10303,2022-05-09,sold
10304,2022-05-09,sold
10305,2022-05-09,sold
10306,2022-05-09,sold
10307,2022-05-09,sold
10308,2022-05-09,sold
10309,2022-05-09,sold
10310,2022-05-09,sold
10311,2022-05-09,sold
10312,2022-05-10,defective
10313,2022-05-10,sold
10314,2022-05-10,sold
10315,2022-05-10,sold
10316,2022-05-10,sold
10317,2022-05-10,sold
10318,2022-05-10,sold
10319,2022-05-10,sold
10320,2022-05-10,sold
10321,2022-05-10,sold
10322,2022-05-10,sold
10323,2022-05-10,sold
10324,2022-05-11,sold
10325,2022-05-11,sold
10326,2022-05-11,sold
10327,2022-05-11,sold
10328,2022-05-11,sold
10329,2022-05-11,sold
10330,2022-05-11,sold
10331,2022-05-11,sold
10332,2022-05-11,defective
10333,2022-05-11,sold
10334,2022-05-11,sold
10335,2022-05-11,sold
10336,2022-05-12,sold
10337,2022-05-12,sold
10338,2022-05-12,sold
10339,2022-05-12,sold
10340,2022-05-12,sold
10341,2022-05-12,sold
10342,2022-05-12,sold
10343,2022-05-12,defective
10344,2022-05-12,sold
10345,2022-05-12,sold
10346,2022-05-12,sold
10347,2022-05-12,sold
10348,2022-05-13,defective
10349,2022-05-13,sold
10350,2022-05-13,sold
10351,2022-05-13,sold
10352,2022-05-13,sold
10353,2022-05-13,sold
10354,2022-05-13,sold
10355,2022-05-13,sold
10356,2022-05-13,sold
10357,2022-05-13,sold
10358,2022-05-13,sold
10359,2022-05-13,sold
10360,2022-05-14,sold
10361,2022-05-14,sold
10362,2022-05-14,sold
10363,2022-05-14,sold
10364,2022-05-14,sold
10365,2022-05-14,sold
10366,2022-05-14,sold
10367,2022-05-14,sold
10368,2022-05-14,sold
10369,2022-05-14,sold
10370,2022-05-14,sold
10371,2022-05-14,sold
10372,2022-05-15,sold
10373,2022-05-15,sold
10374,2022-05-15,sold
10375,2022-05-15,sold
10376,2022-05-15,sold
10377,2022-05-15,sold
10378,2022-05-15,sold
10379,2022-05-15,sold
10380,2022-05-15,defective
10381,2022-05-15,sold
10382,2022-05-15,sold
10383,2022-05-15,sold
10384,2022-05-16,sold
10385,2022-05-16,defective
10386,2022-05-16,sold
10387,2022-05-16,sold
10388,2022-05-16,sold
10389,2022-05-16,sold
10390,2022-05-16,sold
10391,2022-05-16,sold
10392,2022-05-16,sold
10393,2022-05-16,sold
10394,2022-05-16,sold
10395,2022-05-16,sold
10396,2022-05-17,sold
10397,2022-05-17,sold
10398,2022-05-17,sold
10399,2022-05-17,sold
10400,2022-05-17,sold
10401,2022-05-17,sold
10402,2022-05-17,sold
10403,2022-05-17,sold
10404,2022-05-17,sold
10405,2022-05-17,sold
10406,2022-05-17,sold
10407,2022-05-17,sold
10408,2022-05-18,sold
10409,2022-05-18,sold
10410,2022-05-18,sold
10411,2022-05-18,sold
10412,2022-05-18,sold
10413,2022-05-18,sold
10414,2022-05-18,sold
10415,2022-05-18,sold
10416,2022-05-18,sold
10417,2022-05-18,sold
10418,2022-05-18,sold
10419,2022-05-18,sold
10420,2022-05-19,sold
10421,2022-05-19,sold
10422,2022-05-19,sold
10423,2022-05-19,sold
10424,2022-05-19,sold
10425,2022-05-19,sold
10426,2022-05-19,sold
10427,2022-05-19,sold
10428,2022-05-19,sold
10429,2022-05-19,sold
10430,2022-05-19,sold
10431,2022-05-19,defective
10432,2022-05-20,sold
10433,2022-05-20,sold
10434,2022-05-20,sold
10435,2022-05-20,sold
10436,2022-05-20,sold
10437,2022-05-20,sold
10438,2022-05-20,sold
10439,2022-05-20,sold
10440,2022-05-20,sold
10441,2022-05-20,sold
10442,2022-05-20,defective
10443,2022-05-20,sold
10444,2022-05-21,sold
10445,2022-05-21,sold
10446,2022-05-21,sold
10447,2022-05-21,sold
10448,2022-05-21,sold
10449,2022-05-21,sold
10450,2022-05-21,sold
10451,2022-05-21,sold
10452,2022-05-21,sold
10453,2022-05-21,sold
10454,2022-05-21,sold
10455,2022-05-21,sold
10456,2022-05-22,sold
10457,2022-05-22,sold
10458,2022-05-22,sold
10459,2022-05-22,sold
10460,2022-05-22,sold
10461,2022-05-22,sold
10462,2022-05-22,sold
10463,2022-05-22,sold
10464,2022-05-22,sold
10465,2022-05-22,sold
10466,2022-05-22,sold
10467,2022-05-22,sold
10468,2022-05-23,sold
10469,2022-05-23,sold
10470,2022-05-23,sold
10471,2022-05-23,sold
10472,2022-05-23,sold
10473,2022-05-23,sold
10474,2022-05-23,sold
10475,2022-05-23,sold
10476,2022-05-23,sold
10477,2022-05-23,sold
10478,2022-05-23,sold
10479,2022-05-23,sold
10480,2022-05-24,sold
10481,2022-05-24,sold
10482,2022-05-24,sold
10483,2022-05-24,sold
10484,2022-05-24,sold
10485,2022-05-24,sold
10486,2022-05-24,sold
10487,2022-05-24,sold
10488,2022-05-24,sold
10489,2022-05-24,sold
10490,2022-05-24,sold
10491,2022-05-24,sold
10492,2022-05-25,sold
10493,2022-05-25,sold
10494,2022-05-25,sold
10495,2022-05-25,sold
10496,2022-05-25,sold
10497,2022-05-25,sold
10498,2022-05-25,sold
10499,2022-05-25,sold
10500,2022-05-25,sold
10501,2022-05-25,sold
10502,2022-05-25,sold
10503,2022-05-25,defective
10504,2022-05-26,sold
10505,2022-05-26,sold
10506,2022-05-26,sold
10507,2022-05-26,sold
10508,2022-05-26,sold
10509,2022-05-26,sold
10510,2022-05-26,sold
10511,2022-05-26,defective
10512,2022-05-26,sold
10513,2022-05-26,sold
10514,2022-05-26,sold
10515,2022-05-26,sold
10516,2022-05-27,sold
10517,2022-05-27,sold
10518,2022-05-27,sold
10519,2022-05-27,sold
10520,2022-05-27,sold
10521,2022-05-27,sold
10522,2022-05-27,defective
10523,2022-05-27,sold
10524,2022-05-27,defective
10525,2022-05-27,sold
10526,2022-05-27,sold
10527,2022-05-27,sold
10528,2022-05-28,sold
10529,2022-05-28,sold
10530,2022-05-28,sold
10531,2022-05-28,sold
10532,2022-05-28,sold
10533,2022-05-28,sold
10534,2022-05-28,sold
10535,2022-05-28,sold
10536,2022-05-28,sold
10537,2022-05-28,sold
10538,2022-05-28,sold
10539,2022-05-28,sold
10540,2022-05-29,sold
10541,2022-05-29,sold
10542,2022-05-29,sold
10543,2022-05-29,sold
10544,2022-05-29,sold
10545,2022-05-29,sold
10546,2022-05-29,sold
10547,2022-05-29,sold
10548,2022-05-29,sold
10549,2022-05-29,sold
10550,2022-05-29,sold
10551,2022-05-29,sold
10552,2022-05-30,sold
10553,2022-05-30,sold
10554,2022-05-30,sold
10555,2022-05-30,sold
10556,2022-05-30,sold
10557,2022-05-30,sold
10558,2022-05-30,sold
10559,2022-05-30,sold
10560,2022-05-30,sold
10561,2022-05-30,sold
10562,2022-05-30,sold
10563,2022-05-30,sold
10564,2022-05-31,sold
10565,2022-05-31,sold
10566,2022-05-31,sold
10567,2022-05-31,sold
10568,2022-05-31,sold
10569,2022-05-31,sold
10570,2022-05-31,sold
10571,2022-05-31,sold
10572,2022-05-31,sold
10573,2022-05-31,sold
10574,2022-05-31,sold
10575,2022-05-31,sold
10576,2022-06-01,sold
10577,2022-06-01,sold
10578,2022-06-01,sold
10579,2022-06-01,sold
10580,2022-06-01,sold
10581,2022-06-01,sold
10582,2022-06-01,sold
10583,2022-06-01,sold
10584,2022-06-01,sold
10585,2022-06-01,sold
10586,2022-06-01,sold
10587,2022-06-01,sold
10588,2022-06-02,sold
10589,2022-06-02,sold
10590,2022-06-02,sold
10591,2022-06-02,sold
10592,2022-06-02,sold
10593,2022-06-02,sold
10594,2022-06-02,sold
10595,2022-06-02,defective
10596,2022-06-02,sold
10597,2022-06-02,sold
10598,2022-06-02,sold
10599,2022-06-02,sold
10600,2022-06-03,sold
10601,2022-06-03,sold
10602,2022-06-03,sold
10603,2022-06-03,sold
10604,2022-06-03,sold
10605,2022-06-03,sold
10606,2022-06-03,sold
10607,2022-06-03,sold
10608,2022-06-03,sold
10609,2022-06-03,sold
10610,2022-06-03,sold
10611,2022-06-03,sold
10612,2022-06-04,sold
10613,2022-06-04,sold
10614,2022-06-04,sold
10615,2022-06-04,sold
10616,2022-06-04,defective
10617,2022-06-04,sold
10618,2022-06-04,defective
10619,2022-06-04,sold
10620,2022-06-04,sold
10621,2022-06-04,sold
10622,2022-06-04,defective
10623,2022-06-04,sold
10624,2022-06-05,sold
10625,2022-06-05,sold
10626,2022-06-05,sold
10627,2022-06-05,sold
10628,2022-06-05,sold
10629,2022-06-05,sold
10630,2022-06-05,sold
10631,2022-06-05,sold
10632,2022-06-05,sold
10633,2022-06-05,sold
10634,2022-06-05,sold
10635,2022-06-05,sold
10636,2022-06-06,sold
10637,2022-06-06,sold
10638,2022-06-06,sold
10639,2022-06-06,sold
10640,2022-06-06,sold
10641,2022-06-06,sold
10642,2022-06-06,sold
10643,2022-06-06,sold
10644,2022-06-06,sold
10645,2022-06-06,sold
10646,2022-06-06,sold
10647,2022-06-06,sold
10648,2022-06-07,sold
10649,2022-06-07,sold
10650,2022-06-07,sold
10651,2022-06-07,sold
10652,2022-06-07,sold
10653,2022-06-07,sold
10654,2022-06-07,sold
10655,2022-06-07,sold
10656,2022-06-07,sold
10657,2022-06-07,sold
10658,2022-06-07,sold
10659,2022-06-07,sold
10660,2022-06-08,sold
10661,2022-06-08,sold
10662,2022-06-08,sold
10663,2022-06-08,sold
10664,2022-06-08,sold
10665,2022-06-08,sold
10666,2022-06-08,sold
10667,2022-06-08,sold
10668,2022-06-08,sold
10669,2022-06-08,sold
10670,2022-06-08,sold
10671,2022-06-08,sold
10672,2022-06-09,sold
10673,2022-06-09,sold
10674,2022-06-09,sold
10675,2022-06-09,sold
10676,2022-06-09,sold
10677,2022-06-09,defective
10678,2022-06-09,sold
10679,2022-06-09,sold
10680,2022-06-09,sold
10681,2022-06-09,defective
10682,2022-06-09,sold
10683,2022-06-09,sold
10684,2022-06-10,sold
10685,2022-06-10,sold
10686,2022-06-10,sold
10687,2022-06-10,sold
10688,2022-06-10,sold
10689,2022-06-10,sold
10690,2022-06-10,sold
10691,2022-06-10,sold
10692,2022-06-10,sold
10693,2022-06-10,sold
10694,2022-06-10,sold
10695,2022-06-10,defective
10696,2022-06-11,sold
10697,2022-06-11,sold
10698,2022-06-11,sold
10699,2022-06-11,sold
10700,2022-06-11,sold
10701,2022-06-11,sold
10702,2022-06-11,sold
10703,2022-06-11,sold
10704,2022-06-11,sold
10705,2022-06-11,sold
10706,2022-06-11,sold
10707,2022-06-11,sold
10708,2022-06-12,sold
10709,2022-06-12,sold
10710,2022-06-12,sold
10711,2022-06-12,sold
10712,2022-06-12,sold
10713,2022-06-12,sold
10714,2022-06-12,sold
10715,2022-06-12,defective
10716,2022-06-12,sold
10717,2022-06-12,sold
10718,2022-06-12,sold
10719,2022-06-12,sold
10720,2022-06-13,sold
10721,2022-06-13,sold
10722,2022-06-13,sold
10723,2022-06-13,sold
10724,2022-06-13,sold
10725,2022-06-13,sold
10726,2022-06-13,sold
10727,2022-06-13,sold
10728,2022-06-13,sold
10729,2022-06-13,sold
10730,2022-06-13,sold
10731,2022-06-13,sold
10732,2022-06-14,sold
10733,2022-06-14,sold
10734,2022-06-14,sold
10735,2022-06-14,sold
10736,2022-06-14,sold
10737,2022-06-14,sold
10738,2022-06-14,sold
10739,2022-06-14,sold
10740,2022-06-14,sold
10741,2022-06-14,sold
10742,2022-06-14,sold
10743,2022-06-14,sold
10744,2022-06-15,sold
10745,2022-06-15,sold
10746,2022-06-15,defective
10747,2022-06-15,defective
10748,2022-06-15,sold
10749,2022-06-15,sold
10750,2022-06-15,sold
10751,2022-06-15,sold
10752,2022-06-15,sold
10753,2022-06-15,sold
10754,2022-06-15,sold
10755,2022-06-15,sold
10756,2022-06-16,sold
10757,2022-06-16,sold
10758,2022-06-16,sold
10759,2022-06-16,sold
10760,2022-06-16,sold
10761,2022-06-16,sold
10762,2022-06-16,sold
10763,2022-06-16,sold
10764,2022-06-16,sold
10765,2022-06-16,sold
10766,2022-06-16,sold
10767,2022-06-16,sold
10768,2022-06-17,sold
10769,2022-06-17,sold
10770,2022-06-17,sold
10771,2022-06-17,sold
10772,2022-06-17,sold
10773,2022-06-17,defective
10774,2022-06-17,sold
10775,2022-06-17,sold
10776,2022-06-17,sold
10777,2022-06-17,sold
10778,2022-06-17,sold
10779,2022-06-17,sold
10780,2022-06-18,sold
10781,2022-06-18,sold
10782,2022-06-18,sold
10783,2022-06-18,sold
10784,2022-06-18,sold
10785,2022-06-18,sold
10786,2022-06-18,sold
10787,2022-06-18,defective
10788,2022-06-18,sold
10789,2022-06-18,sold
10790,2022-06-18,sold
10791,2022-06-18,defective
10792,2022-06-19,sold
10793,2022-06-19,sold
10794,2022-06-19,sold
10795,2022-06-19,sold
10796,2022-06-19,sold
10797,2022-06-19,sold
10798,2022-06-19,sold
10799,2022-06-19,sold
10800,2022-06-19,sold
10801,2022-06-19,sold
10802,2022-06-19,sold
10803,2022-06-19,sold
10804,2022-06-20,sold
10805,2022-06-20,sold
10806,2022-06-20,sold
10807,2022-06-20,sold
10808,2022-06-20,sold
10809,2022-06-20,sold
10810,2022-06-20,sold
10811,2022-06-20,sold
10812,2022-06-20,sold
10813,2022-06-20,sold
10814,2022-06-20,sold
10815,2022-06-20,sold
10816,2022-06-21,sold
10817,2022-06-21,sold
10818,2022-06-21,sold
10819,2022-06-21,sold
10820,2022-06-21,sold
10821,2022-06-21,sold
10822,2022-06-21,sold
10823,2022-06-21,sold
10824,2022-06-21,defective
10825,2022-06-21,sold
10826,2022-06-21,sold
10827,2022-06-21,sold
10828,2022-06-22,sold
10829,2022-06-22,sold
10830,2022-06-22,sold
10831,2022-06-22,sold
10832,2022-06-22,sold
10833,2022-06-22,sold
10834,2022-06-22,sold
10835,2022-06-22,sold
10836,2022-06-22,defective
10837,2022-06-22,defective
10838,2022-06-22,sold
10839,2022-06-22,sold
10840,2022-06-23,sold
10841,2022-06-23,sold
10842,2022-06-23,sold
10843,2022-06-23,sold
10844,2022-06-23,sold
10845,2022-06-23,sold
10846,2022-06-23,sold
10847,2022-06-23,sold
10848,2022-06-23,sold
10849,2022-06-23,sold
10850,2022-06-23,sold
10851,2022-06-23,sold
10852,2022-06-24,sold
10853,2022-06-24,sold
10854,2022-06-24,sold
10855,2022-06-24,sold
10856,2022-06-24,sold
10857,2022-06-24,sold
10858,2022-06-24,sold
10859,2022-06-24,sold
10860,2022-06-24,sold
10861,2022-06-24,sold
10862,2022-06-24,sold
10863,2022-06-24,sold
10864,2022-06-25,sold
10865,2022-06-25,sold
10866,2022-06-25,sold
10867,2022-06-25,sold
10868,2022-06-25,sold
10869,2022-06-25,defective
10870,2022-06-25,defective
10871,2022-06-25,sold
10872,2022-06-25,sold
10873,2022-06-25,sold
10874,2022-06-25,sold
10875,2022-06-25,sold
10876,2022-06-26,sold
10877,2022-06-26,sold
10878,2022-06-26,sold
10879,2022-06-26,sold
10880,2022-06-26,sold
10881,2022-06-26,sold
10882,2022-06-26,sold
10883,2022-06-26,sold
10884,2022-06-26,sold
10885,2022-06-26,sold
10886,2022-06-26,sold
10887,2022-06-26,sold
10888,2022-06-27,sold
10889,2022-06-27,sold
10890,2022-06-27,sold
10891,2022-06-27,sold
10892,2022-06-27,sold
10893,2022-06-27,sold
10894,2022-06-27,sold
10895,2022-06-27,sold
10896,2022-06-27,sold
10897,2022-06-27,sold
10898,2022-06-27,sold
10899,2022-06-27,sold
10900,2022-06-28,sold
10901,2022-06-28,sold
10902,2022-06-28,sold
10903,2022-06-28,sold
10904,2022-06-28,sold
10905,2022-06-28,sold
10906,2022-06-28,sold
10907,2022-06-28,sold
10908,2022-06-28,sold
10909,2022-06-28,sold
10910,2022-06-28,defective
10911,2022-06-28,sold
10912,2022-06-29,sold
10913,2022-06-29,sold
10914,2022-06-29,sold
10915,2022-06-29,sold
10916,2022-06-29,sold
10917,2022-06-29,sold
10918,2022-06-29,sold
10919,2022-06-29,sold
10920,2022-06-29,defective
10921,2022-06-29,sold
10922,2022-06-29,sold
10923,2022-06-29,sold
10924,2022-06-30,sold
10925,2022-06-30,sold
10926,2022-06-30,sold
10927,2022-06-30,sold
10928,2022-06-30,sold
10929,2022-06-30,defective
10930,2022-06-30,sold
10931,2022-06-30,sold
10932,2022-06-30,sold
10933,2022-06-30,sold
10934,2022-06-30,sold
10935,2022-06-30,sold
10936,2022-07-01,sold
10937,2022-07-01,sold
10938,2022-07-01,sold
10939,2022-07-01,sold
10940,2022-07-01,sold
10941,2022-07-01,sold
10942,2022-07-01,sold
10943,2022-07-01,sold
10944,2022-07-01,sold
10945,2022-07-01,sold
10946,2022-07-01,sold
10947,2022-07-01,sold
10948,2022-07-02,sold
10949,2022-07-02,sold
10950,2022-07-02,sold
10951,2022-07-02,sold
10952,2022-07-02,sold
10953,2022-07-02,sold
10954,2022-07-02,sold
10955,2022-07-02,sold
10956,2022-07-02,sold
10957,2022-07-02,sold
10958,2022-07-02,sold
10959,2022-07-02,sold
10960,2022-07-03,sold
10961,2022-07-03,sold
10962,2022-07-03,sold
10963,2022-07-03,sold
10964,2022-07-03,sold
10965,2022-07-03,sold
10966,2022-07-03,sold
10967,2022-07-03,sold
10968,2022-07-03,sold
10969,2022-07-03,sold
10970,2022-07-03,sold
10971,2022-07-03,sold
10972,2022-07-04,sold
10973,2022-07-04,sold
10974,2022-07-04,sold
10975,2022-07-04,sold
10976,2022-07-04,sold
10977,2022-07-04,sold
10978,2022-07-04,sold
10979,2022-07-04,sold
10980,2022-07-04,sold
10981,2022-07-04,sold
10982,2022-07-04,sold
10983,2022-07-04,defective
10984,2022-07-05,sold
10985,2022-07-05,sold
10986,2022-07-05,defective
10987,2022-07-05,sold
10988,2022-07-05,sold
10989,2022-07-05,sold
10990,2022-07-05,sold
10991,2022-07-05,defective
10992,2022-07-05,sold
10993,2022-07-05,sold
10994,2022-07-05,sold
10995,2022-07-05,sold
10996,2022-07-06,sold
10997,2022-07-06,sold
10998,2022-07-06,sold
10999,2022-07-06,sold
11000,2022-07-06,sold
11001,2022-07-06,sold
11002,2022-07-06,sold
11003,2022-07-06,sold
11004,2022-07-06,sold
11005,2022-07-06,sold
11006,2022-07-06,sold
11007,2022-07-06,sold
11008,2022-07-07,sold
11009,2022-07-07,sold
11010,2022-07-07,sold
11011,2022-07-07,sold
11012,2022-07-07,sold
11013,2022-07-07,sold
11014,2022-07-07,sold
11015,2022-07-07,sold
11016,2022-07-07,sold
11017,2022-07-07,sold
11018,2022-07-07,sold
11019,2022-07-07,sold
11020,2022-07-08,defective
11021,2022-07-08,sold
11022,2022-07-08,defective
11023,2022-07-08,sold
11024,2022-07-08,sold
11025,2022-07-08,sold
11026,2022-07-08,sold
11027,2022-07-08,sold
11028,2022-07-08,sold
11029,2022-07-08,sold
11030,2022-07-08,sold
11031,2022-07-08,sold
11032,2022-07-09,sold
11033,2022-07-09,sold
11034,2022-07-09,sold
11035,2022-07-09,sold
11036,2022-07-09,sold
11037,2022-07-09,sold
11038,2022-07-09,sold
11039,2022-07-09,sold
11040,2022-07-09,sold
11041,2022-07-09,sold
11042,2022-07-09,sold
11043,2022-07-09,sold
11044,2022-07-10,sold
11045,2022-07-10,sold
11046,2022-07-10,sold
11047,2022-07-10,sold
11048,2022-07-10,sold
11049,2022-07-10,sold
11050,2022-07-10,defective
11051,2022-07-10,sold
11052,2022-07-10,sold
11053,2022-07-10,sold
11054,2022-07-10,sold
11055,2022-07-10,sold
11056,2022-07-11,sold
11057,2022-07-11,sold
11058,2022-07-11,sold
11059,2022-07-11,sold
11060,2022-07-11,sold
11061,2022-07-11,sold
11062,2022-07-11,defective
11063,2022-07-11,sold
11064,2022-07-11,sold
11065,2022-07-11,sold
11066,2022-07-11,sold
11067,2022-07-11,sold
11068,2022-07-12,sold
11069,2022-07-12,sold
11070,2022-07-12,sold
11071,2022-07-12,sold
11072,2022-07-12,sold
11073,2022-07-12,sold
11074,2022-07-12,sold
11075,2022-07-12,sold
11076,2022-07-12,sold
11077,2022-07-12,sold
11078,2022-07-12,sold
11079,2022-07-12,sold
11080,2022-07-13,sold
11081,2022-07-13,sold
11082,2022-07-13,sold
11083,2022-07-13,sold
11084,2022-07-13,sold
11085,2022-07-13,sold
11086,2022-07-13,sold
11087,2022-07-13,sold
11088,2022-07-13,sold
11089,2022-07-13,sold
11090,2022-07-13,sold
11091,2022-07-13,sold
11092,2022-07-14,sold
11093,2022-07-14,sold
11094,2022-07-14,sold
11095,2022-07-14,sold
11096,2022-07-14,sold
11097,2022-07-14,sold
11098,2022-07-14,sold
11099,2022-07-14,sold
11100,2022-07-14,sold
11101,2022-07-14,sold
11102,2022-07-14,sold
11103,2022-07-14,sold
11104,2022-07-15,sold
11105,2022-07-15,sold
11106,2022-07-15,sold
11107,2022-07-15,sold
11108,2022-07-15,sold
11109,2022-07-15,sold
11110,2022-07-15,sold
11111,2022-07-15,sold
11112,2022-07-15,sold
11113,2022-07-15,sold
11114,2022-07-15,sold
11115,2022-07-15,sold
11116,2022-07-16,sold
11117,2022-07-16,sold
11118,2022-07-16,sold
11119,2022-07-16,sold
11120,2022-07-16,defective
11121,2022-07-16,sold
11122,2022-07-16,sold
11123,2022-07-16,sold
11124,2022-07-16,sold
11125,2022-07-16,sold
11126,2022-07-16,sold
11127,2022-07-16,sold
11128,2022-07-17,sold
11129,2022-07-17,sold
11130,2022-07-17,sold
11131,2022-07-17,sold
11132,2022-07-17,sold
11133,2022-07-17,sold
11134,2022-07-17,sold
11135,2022-07-17,sold
11136,2022-07-17,sold
11137,2022-07-17,sold
11138,2022-07-17,sold
11139,2022-07-17,sold
11140,2022-07-18,sold
11141,2022-07-18,sold
11142,2022-07-18,sold
11143,2022-07-18,sold
11144,2022-07-18,sold
11145,2022-07-18,sold
11146,2022-07-18,sold
11147,2022-07-18,sold
11148,2022-07-18,sold
11149,2022-07-18,sold
11150,2022-07-18,sold
11151,2022-07-18,defective
11152,2022-07-19,sold
11153,2022-07-19,sold
11154,2022-07-19,sold
11155,2022-07-19,defective
11156,2022-07-19,sold
11157,2022-07-19,sold
11158,2022-07-19,sold
11159,2022-07-19,sold
11160,2022-07-19,sold
11161,2022-07-19,sold
11162,2022-07-19,sold
11163,2022-07-19,sold
11164,2022-07-20,sold
11165,2022-07-20,sold
11166,2022-07-20,sold
11167,2022-07-20,sold
11168,2022-07-20,sold
11169,2022-07-20,sold
11170,2022-07-20,sold
11171,2022-07-20,sold
11172,2022-07-20,sold
11173,2022-07-20,sold
11174,2022-07-20,sold
11175,2022-07-20,sold
11176,2022-07-21,sold
11177,2022-07-21,sold
11178,2022-07-21,sold
11179,2022-07-21,defective
11180,2022-07-21,sold
11181,2022-07-21,sold
11182,2022-07-21,sold
11183,2022-07-21,defective
11184,2022-07-21,sold
11185,2022-07-21,sold
11186,2022-07-21,sold
11187,2022-07-21,defective
11188,2022-07-22,sold
11189,2022-07-22,sold
11190,2022-07-22,sold
11191,2022-07-22,sold
11192,2022-07-22,sold
11193,2022-07-22,sold
11194,2022-07-22,sold
11195,2022-07-22,sold
11196,2022-07-22,sold
11197,2022-07-22,sold
11198,2022-07-22,sold
11199,2022-07-22,sold
11200,2022-07-23,sold
11201,2022-07-23,sold
11202,2022-07-23,sold
11203,2022-07-23,sold
11204,2022-07-23,sold
11205,2022-07-23,sold
11206,2022-07-23,defective
11207,2022-07-23,sold
11208,2022-07-23,sold
11209,2022-07-23,sold
11210,2022-07-23,sold
11211,2022-07-23,defective
11212,2022-07-24,sold
11213,2022-07-24,defective
11214,2022-07-24,sold
11215,2022-07-24,sold
11216,2022-07-24,sold
11217,2022-07-24,sold
11218,2022-07-24,sold
11219,2022-07-24,sold
11220,2022-07-24,sold
11221,2022-07-24,sold
11222,2022-07-24,sold
11223,2022-07-24,sold
11224,2022-07-25,sold
11225,2022-07-25,defective
11226,2022-07-25,sold
11227,2022-07-25,sold
11228,2022-07-25,sold
11229,2022-07-25,sold
11230,2022-07-25,sold
11231,2022-07-25,sold
11232,2022-07-25,sold
11233,2022-07-25,sold
11234,2022-07-25,sold
11235,2022-07-25,sold
11236,2022-07-26,sold
11237,2022-07-26,defective
11238,2022-07-26,sold
11239,2022-07-26,sold
11240,2022-07-26,sold
11241,2022-07-26,sold
11242,2022-07-26,sold
11243,2022-07-26,sold
11244,2022-07-26,sold
11245,2022-07-26,sold
11246,2022-07-26,sold
11247,2022-07-26,sold
11248,2022-07-27,sold
11249,2022-07-27,sold
11250,2022-07-27,sold
11251,2022-07-27,sold
11252,2022-07-27,sold
11253,2022-07-27,sold
11254,2022-07-27,sold
11255,2022-07-27,sold
11256,2022-07-27,sold
11257,2022-07-27,sold
11258,2022-07-27,sold
11259,2022-07-27,sold
11260,2022-07-28,sold
11261,2022-07-28,sold
11262,2022-07-28,sold
11263,2022-07-28,sold
11264,2022-07-28,sold
11265,2022-07-28,defective
11266,2022-07-28,sold
11267,2022-07-28,sold
11268,2022-07-28,sold
11269,2022-07-28,defective
11270,2022-07-28,sold
11271,2022-07-28,sold
11272,2022-07-29,sold
11273,2022-07-29,sold
11274,2022-07-29,sold
11275,2022-07-29,sold
11276,2022-07-29,sold
11277,2022-07-29,sold
11278,2022-07-29,sold
11279,2022-07-29,sold
11280,2022-07-29,sold
11281,2022-07-29,defective
11282,2022-07-29,sold
11283,2022-07-29,sold
11284,2022-07-30,sold
11285,2022-07-30,sold
11286,2022-07-30,sold
11287,2022-07-30,sold
11288,2022-07-30,sold
11289,2022-07-30,sold
11290,2022-07-30,sold
11291,2022-07-30,sold
11292,2022-07-30,sold
11293,2022-07-30,sold
11294,2022-07-30,sold
11295,2022-07-30,sold
11296,2022-07-31,sold
11297,2022-07-31,defective
11298,2022-07-31,sold
11299,2022-07-31,sold
11300,2022-07-31,sold
11301,2022-07-31,sold
11302,2022-07-31,sold
11303,2022-07-31,sold
11304,2022-07-31,sold
11305,2022-07-31,sold
11306,2022-07-31,sold
11307,2022-07-31,sold
11308,2022-08-01,sold
11309,2022-08-01,sold
11310,2022-08-01,sold
11311,2022-08-01,sold
11312,2022-08-01,sold
11313,2022-08-01,sold
11314,2022-08-01,sold
11315,2022-08-01,sold
11316,2022-08-01,sold
11317,2022-08-01,sold
11318,2022-08-01,sold
11319,2022-08-01,sold
11320,2022-08-02,sold
11321,2022-08-02,sold
11322,2022-08-02,sold
11323,2022-08-02,sold
11324,2022-08-02,sold
11325,2022-08-02,sold
11326,2022-08-02,sold
11327,2022-08-02,sold
11328,2022-08-02,sold
11329,2022-08-02,sold
11330,2022-08-02,sold
11331,2022-08-02,sold
11332,2022-08-03,sold
11333,2022-08-03,sold
11334,2022-08-03,sold
11335,2022-08-03,sold
11336,2022-08-03,sold
11337,2022-08-03,sold
11338,2022-08-03,sold
11339,2022-08-03,sold
11340,2022-08-03,sold
11341,2022-08-03,sold
11342,2022-08-03,sold
11343,2022-08-03,sold
11344,2022-08-04,sold
11345,2022-08-04,sold
11346,2022-08-04,sold
11347,2022-08-04,sold
11348,2022-08-04,sold
11349,2022-08-04,sold
11350,2022-08-04,sold
11351,2022-08-04,sold
11352,2022-08-04,sold
11353,2022-08-04,sold
11354,2022-08-04,defective
11355,2022-08-04,sold
11356,2022-08-05,sold
11357,2022-08-05,sold
11358,2022-08-05,defective
11359,2022-08-05,sold
11360,2022-08-05,sold
11361,2022-08-05,sold
11362,2022-08-05,sold
11363,2022-08-05,sold
11364,2022-08-05,sold
11365,2022-08-05,sold
11366,2022-08-05,sold
11367,2022-08-05,sold
11368,2022-08-06,sold
11369,2022-08-06,sold
11370,2022-08-06,sold
11371,2022-08-06,sold
11372,2022-08-06,sold
11373,2022-08-06,sold
11374,2022-08-06,defective
11375,2022-08-06,defective
11376,2022-08-06,sold
11377,2022-08-06,sold
11378,2022-08-06,sold
11379,2022-08-06,sold
11380,2022-08-07,sold
11381,2022-08-07,sold
11382,2022-08-07,sold
11383,2022-08-07,sold
11384,2022-08-07,sold
11385,2022-08-07,sold
11386,2022-08-07,sold
11387,2022-08-07,sold
11388,2022-08-07,sold
11389,2022-08-07,sold
11390,2022-08-07,sold
11391,2022-08-07,sold
11392,2022-08-08,sold
11393,2022-08-08,sold
11394,2022-08-08,sold
11395,2022-08-08,sold
11396,2022-08-08,sold
11397,2022-08-08,sold
11398,2022-08-08,sold
11399,2022-08-08,sold
11400,2022-08-08,sold
11401,2022-08-08,sold
11402,2022-08-08,sold
11403,2022-08-08,sold
11404,2022-08-09,sold
11405,2022-08-09,sold
11406,2022-08-09,defective
11407,2022-08-09,sold
11408,2022-08-09,sold
11409,2022-08-09,sold
11410,2022-08-09,defective
11411,2022-08-09,sold
11412,2022-08-09,sold
11413,2022-08-09,sold
11414,2022-08-09,sold
11415,2022-08-09,sold
11416,2022-08-10,sold
11417,2022-08-10,sold
11418,2022-08-10,sold
11419,2022-08-10,sold
11420,2022-08-10,sold
11421,2022-08-10,sold
11422,2022-08-10,sold
11423,2022-08-10,sold
11424,2022-08-10,sold
11425,2022-08-10,sold
11426,2022-08-10,sold
11427,2022-08-10,sold
11428,2022-08-11,sold
11429,2022-08-11,sold
11430,2022-08-11,sold
11431,2022-08-11,sold
11432,2022-08-11,sold
11433,2022-08-11,sold
11434,2022-08-11,sold
11435,2022-08-11,sold
11436,2022-08-11,sold
11437,2022-08-11,sold
11438,2022-08-11,sold
11439,2022-08-11,sold
11440,2022-08-12,sold
11441,2022-08-12,sold
11442,2022-08-12,sold
11443,2022-08-12,sold
11444,2022-08-12,sold
11445,2022-08-12,sold
11446,2022-08-12,sold
11447,2022-08-12,defective
11448,2022-08-12,sold
11449,2022-08-12,sold
11450,2022-08-12,sold
11451,2022-08-12,sold
11452,2022-08-13,sold
11453,2022-08-13,sold
11454,2022-08-13,sold
11455,2022-08-13,sold
11456,2022-08-13,sold
11457,2022-08-13,sold
11458,2022-08-13,sold
11459,2022-08-13,sold
11460,2022-08-13,sold
11461,2022-08-13,sold
11462,2022-08-13,sold
11463,2022-08-13,sold
11464,2022-08-14,sold
11465,2022-08-14,sold
11466,2022-08-14,sold
11467,2022-08-14,sold
11468,2022-08-14,sold
11469,2022-08-14,sold
11470,2022-08-14,sold
11471,2022-08-14,sold
11472,2022-08-14,sold
11473,2022-08-14,sold
11474,2022-08-14,sold
11475,2022-08-14,sold
11476,2022-08-15,sold
11477,2022-08-15,sold
11478,2022-08-15,sold
11479,2022-08-15,defective
11480,2022-08-15,sold
11481,2022-08-15,sold
11482,2022-08-15,sold
11483,2022-08-15,sold
11484,2022-08-15,sold
11485,2022-08-15,sold
11486,2022-08-15,sold
11487,2022-08-15,sold
11488,2022-08-16,sold
11489,2022-08-16,sold
11490,2022-08-16,sold
11491,2022-08-16,sold
11492,2022-08-16,sold
11493,2022-08-16,sold
11494,2022-08-16,sold
11495,2022-08-16,sold
11496,2022-08-16,sold
11497,2022-08-16,sold
11498,2022-08-16,sold
11499,2022-08-16,defective
11500,2022-08-17,sold
11501,2022-08-17,sold
11502,2022-08-17,sold
11503,2022-08-17,sold
11504,2022-08-17,sold
11505,2022-08-17,sold
11506,2022-08-17,sold
11507,2022-08-17,sold
11508,2022-08-17,sold
11509,2022-08-17,sold
11510,2022-08-17,sold
11511,2022-08-17,sold
11512,2022-08-18,sold
11513,2022-08-18,sold
11514,2022-08-18,sold
11515,2022-08-18,defective
11516,2022-08-18,sold
11517,2022-08-18,sold
11518,2022-08-18,sold
11519,2022-08-18,sold
11520,2022-08-18,defective
11521,2022-08-18,sold
11522,2022-08-18,defective
11523,2022-08-18,defective
11524,2022-08-19,sold
11525,2022-08-19,sold
11526,2022-08-19,sold
11527,2022-08-19,sold
11528,2022-08-19,sold
11529,2022-08-19,sold
11530,2022-08-19,sold
11531,2022-08-19,sold
11532,2022-08-19,sold
11533,2022-08-19,sold
11534,2022-08-19,defective
11535,2022-08-19,sold
11536,2022-08-20,sold
11537,2022-08-20,sold
11538,2022-08-20,defective
11539,2022-08-20,sold
11540,2022-08-20,sold
11541,2022-08-20,sold
11542,2022-08-20,sold
11543,2022-08-20,sold
11544,2022-08-20,defective
11545,2022-08-20,defective
11546,2022-08-20,sold
11547,2022-08-20,sold
11548,2022-08-21,sold
11549,2022-08-21,sold
11550,2022-08-21,sold
11551,2022-08-21,sold
11552,2022-08-21,sold
11553,2022-08-21,sold
11554,2022-08-21,sold
11555,2022-08-21,defective
11556,2022-08-21,sold
11557,2022-08-21,sold
11558,2022-08-21,sold
11559,2022-08-21,sold
11560,2022-08-22,sold
11561,2022-08-22,sold
11562,2022-08-22,sold
11563,2022-08-22,defective
11564,2022-08-22,sold
11565,2022-08-22,sold
11566,2022-08-22,sold
11567,2022-08-22,sold
11568,2022-08-22,sold
11569,2022-08-22,defective
11570,2022-08-22,sold
11571,2022-08-22,sold
11572,2022-08-23,sold
11573,2022-08-23,sold
11574,2022-08-23,defective
11575,2022-08-23,sold
11576,2022-08-23,sold
11577,2022-08-23,sold
11578,2022-08-23,sold
11579,2022-08-23,sold
11580,2022-08-23,sold
11581,2022-08-23,sold
11582,2022-08-23,sold
11583,2022-08-23,sold
11584,2022-08-24,sold
11585,2022-08-24,sold
11586,2022-08-24,defective
11587,2022-08-24,sold
11588,2022-08-24,sold
11589,2022-08-24,sold
11590,2022-08-24,sold
11591,2022-08-24,sold
11592,2022-08-24,sold
11593,2022-08-24,sold
11594,2022-08-24,sold
11595,2022-08-24,sold
11596,2022-08-25,sold
11597,2022-08-25,sold
11598,2022-08-25,sold
11599,2022-08-25,sold
11600,2022-08-25,sold
11601,2022-08-25,sold
11602,2022-08-25,sold
11603,2022-08-25,sold
11604,2022-08-25,sold
11605,2022-08-25,sold
11606,2022-08-25,sold
11607,2022-08-25,sold
11608,2022-08-26,sold
11609,2022-08-26,sold
11610,2022-08-26,defective
11611,2022-08-26,sold
11612,2022-08-26,sold
11613,2022-08-26,sold
11614,2022-08-26,sold
11615,2022-08-26,sold
11616,2022-08-26,sold
11617,2022-08-26,sold
11618,2022-08-26,sold
11619,2022-08-26,sold
11620,2022-08-27,sold
11621,2022-08-27,sold
11622,2022-08-27,sold
11623,2022-08-27,sold
11624,2022-08-27,sold
11625,2022-08-27,sold
11626,2022-08-27,sold
11627,2022-08-27,sold
11628,2022-08-27,sold
11629,2022-08-27,defective
11630,2022-08-27,sold
11631,2022-08-27,sold
11632,2022-08-28,sold
11633,2022-08-28,sold
11634,2022-08-28,sold
11635,2022-08-28,sold
11636,2022-08-28,sold
11637,2022-08-28,sold
11638,2022-08-28,sold
11639,2022-08-28,sold
11640,2022-08-28,sold
11641,2022-08-28,sold
11642,2022-08-28,sold
11643,2022-08-28,sold
11644,2022-08-29,sold
11645,2022-08-29,sold
11646,2022-08-29,sold
11647,2022-08-29,sold
11648,2022-08-29,sold
11649,2022-08-29,sold
11650,2022-08-29,sold
11651,2022-08-29,sold
11652,2022-08-29,sold
11653,2022-08-29,sold
11654,2022-08-29,sold
11655,2022-08-29,sold
11656,2022-08-30,sold
11657,2022-08-30,sold
11658,2022-08-30,sold
11659,2022-08-30,sold
11660,2022-08-30,sold
11661,2022-08-30,sold
11662,2022-08-30,sold
11663,2022-08-30,sold
11664,2022-08-30,sold
11665,2022-08-30,sold
11666,2022-08-30,sold
11667,2022-08-30,sold
11668,2022-08-31,sold
11669,2022-08-31,sold
11670,2022-08-31,sold
11671,2022-08-31,sold
11672,2022-08-31,sold
11673,2022-08-31,sold
11674,2022-08-31,sold
11675,2022-08-31,sold
11676,2022-08-31,sold
11677,2022-08-31,sold
11678,2022-08-31,sold
11679,2022-08-31,sold
11680,2022-09-01,sold
11681,2022-09-01,sold
11682,2022-09-01,sold
11683,2022-09-01,sold
11684,2022-09-01,sold
11685,2022-09-01,sold
11686,2022-09-01,sold
11687,2022-09-01,sold
11688,2022-09-01,sold
11689,2022-09-01,sold
11690,2022-09-01,sold
11691,2022-09-01,sold
11692,2022-09-02,sold
11693,2022-09-02,sold
11694,2022-09-02,sold
11695,2022-09-02,sold
11696,2022-09-02,defective
11697,2022-09-02,sold
11698,2022-09-02,sold
11699,2022-09-02,sold
11700,2022-09-02,sold
11701,2022-09-02,sold
11702,2022-09-02,sold
11703,2022-09-02,sold
11704,2022-09-03,sold
11705,2022-09-03,sold
11706,2022-09-03,sold
11707,2022-09-03,sold
11708,2022-09-03,sold
11709,2022-09-03,sold
11710,2022-09-03,sold
11711,2022-09-03,sold
11712,2022-09-03,sold
11713,2022-09-03,sold
11714,2022-09-03,sold
11715,2022-09-03,sold
11716,2022-09-04,sold
11717,2022-09-04,sold
11718,2022-09-04,sold
11719,2022-09-04,sold
11720,2022-09-04,sold
11721,2022-09-04,sold
11722,2022-09-04,sold
11723,2022-09-04,sold
11724,2022-09-04,sold
11725,2022-09-04,sold
11726,2022-09-04,sold
11727,2022-09-04,sold
11728,2022-09-05,sold
11729,2022-09-05,sold
11730,2022-09-05,sold
11731,2022-09-05,defective
11732,2022-09-05,sold
11733,2022-09-05,sold
11734,2022-09-05,sold
11735,2022-09-05,sold
11736,2022-09-05,sold
11737,2022-09-05,sold
11738,2022-09-05,sold
11739,2022-09-05,sold
11740,2022-09-06,sold
11741,2022-09-06,sold
11742,2022-09-06,sold
11743,2022-09-06,sold
11744,2022-09-06,sold
11745,2022-09-06,sold
11746,2022-09-06,sold
11747,2022-09-06,sold
11748,2022-09-06,sold
11749,2022-09-06,sold
11750,2022-09-06,sold
11751,2022-09-06,sold
11752,2022-09-07,sold
11753,2022-09-07,sold
11754,2022-09-07,sold
11755,2022-09-07,sold
11756,2022-09-07,sold
11757,2022-09-07,sold
11758,2022-09-07,sold
11759,2022-09-07,sold
11760,2022-09-07,sold
11761,2022-09-07,sold
11762,2022-09-07,sold
11763,2022-09-07,sold
11764,2022-09-08,sold
11765,2022-09-08,sold
11766,2022-09-08,sold
11767,2022-09-08,sold
11768,2022-09-08,sold
11769,2022-09-08,sold
11770,2022-09-08,sold
11771,2022-09-08,sold
11772,2022-09-08,sold
11773,2022-09-08,sold
11774,2022-09-08,sold
11775,2022-09-08,sold
11776,2022-09-09,sold
11777,2022-09-09,sold
11778,2022-09-09,sold
11779,2022-09-09,defective
11780,2022-09-09,sold
11781,2022-09-09,sold
11782,2022-09-09,sold
11783,2022-09-09,sold
11784,2022-09-09,sold
11785,2022-09-09,sold
11786,2022-09-09,sold
11787,2022-09-09,sold
11788,2022-09-10,sold
11789,2022-09-10,sold
11790,2022-09-10,sold
11791,2022-09-10,sold
11792,2022-09-10,sold
11793,2022-09-10,sold
11794,2022-09-10,sold
11795,2022-09-10,sold
11796,2022-09-10,sold
11797,2022-09-10,sold
11798,2022-09-10,sold
11799,2022-09-10,sold
11800,2022-09-11,defective
11801,2022-09-11,sold
11802,2022-09-11,sold
11803,2022-09-11,sold
11804,2022-09-11,sold
11805,2022-09-11,sold
11806,2022-09-11,sold
11807,2022-09-11,sold
11808,2022-09-11,sold
11809,2022-09-11,sold
11810,2022-09-11,sold
11811,2022-09-11,sold
11812,2022-09-12,sold
11813,2022-09-12,sold
11814,2022-09-12,sold
11815,2022-09-12,defective
11816,2022-09-12,sold
11817,2022-09-12,sold
11818,2022-09-12,sold
11819,2022-09-12,sold
11820,2022-09-12,defective
11821,2022-09-12,sold
11822,2022-09-12,sold
11823,2022-09-12,sold
11824,2022-09-13,sold
11825,2022-09-13,sold
11826,2022-09-13,sold
11827,2022-09-13,sold
11828,2022-09-13,sold
11829,2022-09-13,sold
11830,2022-09-13,sold
11831,2022-09-13,sold
11832,2022-09-13,sold
11833,2022-09-13,sold
11834,2022-09-13,sold
11835,2022-09-13,sold
11836,2022-09-14,sold
11837,2022-09-14,sold
11838,2022-09-14,sold
11839,2022-09-14,sold
11840,2022-09-14,sold
11841,2022-09-14,sold
11842,2022-09-14,sold
11843,2022-09-14,sold
11844,2022-09-14,sold
11845,2022-09-14,sold
11846,2022-09-14,sold
11847,2022-09-14,sold
11848,2022-09-15,sold
11849,2022-09-15,sold
11850,2022-09-15,sold
11851,2022-09-15,sold
11852,2022-09-15,sold
11853,2022-09-15,sold
11854,2022-09-15,sold
11855,2022-09-15,sold
11856,2022-09-15,sold
11857,2022-09-15,sold
11858,2022-09-15,sold
11859,2022-09-15,sold
11860,2022-09-16,sold
11861,2022-09-16,sold
11862,2022-09-16,sold
11863,2022-09-16,sold
11864,2022-09-16,sold
11865,2022-09-16,sold
11866,2022-09-16,sold
11867,2022-09-16,sold
11868,2022-09-16,sold
11869,2022-09-16,sold
11870,2022-09-16,sold
11871,2022-09-16,sold
11872,2022-09-17,sold
11873,2022-09-17,sold
11874,2022-09-17,sold
11875,2022-09-17,sold
11876,2022-09-17,sold
11877,2022-09-17,sold
11878,2022-09-17,sold
11879,2022-09-17,sold
11880,2022-09-17,sold
11881,2022-09-17,sold
11882,2022-09-17,sold
11883,2022-09-17,sold
11884,2022-09-18,sold
11885,2022-09-18,sold
11886,2022-09-18,sold
11887,2022-09-18,sold
11888,2022-09-18,sold
11889,2022-09-18,sold
11890,2022-09-18,sold
11891,2022-09-18,sold
11892,2022-09-18,sold
11893,2022-09-18,sold
11894,2022-09-18,sold
11895,2022-09-18,sold
11896,2022-09-19,sold
11897,2022-09-19,sold
11898,2022-09-19,sold
11899,2022-09-19,sold
11900,2022-09-19,sold
11901,2022-09-19,sold
11902,2022-09-19,sold
11903,2022-09-19,sold
11904,2022-09-19,sold
11905,2022-09-19,sold
11906,2022-09-19,sold
11907,2022-09-19,sold
11908,2022-09-20,sold
11909,2022-09-20,sold
11910,2022-09-20,sold
11911,2022-09-20,sold
11912,2022-09-20,sold
11913,2022-09-20,sold
11914,2022-09-20,sold
11915,2022-09-20,defective
11916,2022-09-20,sold
11917,2022-09-20,sold
11918,2022-09-20,sold
11919,2022-09-20,sold
11920,2022-09-21,sold
11921,2022-09-21,sold
11922,2022-09-21,sold
11923,2022-09-21,sold
11924,2022-09-21,sold
11925,2022-09-21,sold
11926,2022-09-21,sold
11927,2022-09-21,sold
11928,2022-09-21,sold
11929,2022-09-21,sold
11930,2022-09-21,sold
11931,2022-09-21,sold
11932,2022-09-22,sold
11933,2022-09-22,sold
11934,2022-09-22,sold
11935,2022-09-22,sold
11936,2022-09-22,sold
11937,2022-09-22,sold
11938,2022-09-22,sold
11939,2022-09-22,sold
11940,2022-09-22,sold
11941,2022-09-22,sold
11942,2022-09-22,sold
11943,2022-09-22,sold
11944,2022-09-23,sold
11945,2022-09-23,sold
11946,2022-09-23,sold
11947,2022-09-23,sold
11948,2022-09-23,sold
11949,2022-09-23,sold
11950,2022-09-23,sold
11951,2022-09-23,sold
11952,2022-09-23,sold
11953,2022-09-23,defective
11954,2022-09-23,sold
11955,2022-09-23,sold
11956,2022-09-24,sold
11957,2022-09-24,sold
11958,2022-09-24,sold
11959,2022-09-24,sold
11960,2022-09-24,sold
11961,2022-09-24,sold
11962,2022-09-24,sold
11963,2022-09-24,sold
11964,2022-09-24,sold
11965,2022-09-24,sold
11966,2022-09-24,sold
11967,2022-09-24,sold
11968,2022-09-25,defective
11969,2022-09-25,sold
11970,2022-09-25,sold
11971,2022-09-25,sold
11972,2022-09-25,sold
11973,2022-09-25,sold
11974,2022-09-25,sold
11975,2022-09-25,sold
11976,2022-09-25,sold
11977,2022-09-25,sold
11978,2022-09-25,sold
11979,2022-09-25,sold
11980,2022-09-26,sold
11981,2022-09-26,sold
11982,2022-09-26,sold
11983,2022-09-26,sold
11984,2022-09-26,sold
11985,2022-09-26,sold
11986,2022-09-26,sold
11987,2022-09-26,sold
11988,2022-09-26,sold
11989,2022-09-26,sold
11990,2022-09-26,sold
11991,2022-09-26,defective
11992,2022-09-27,sold
11993,2022-09-27,sold
11994,2022-09-27,sold
11995,2022-09-27,sold
11996,2022-09-27,sold
11997,2022-09-27,sold
11998,2022-09-27,sold
11999,2022-09-27,sold
12000,2022-09-27,defective
12001,2022-09-27,sold
12002,2022-09-27,defective
12003,2022-09-27,sold
12004,2022-09-28,sold
12005,2022-09-28,sold
12006,2022-09-28,sold
12007,2022-09-28,sold
12008,2022-09-28,sold
12009,2022-09-28,sold
12010,2022-09-28,sold
12011,2022-09-28,sold
12012,2022-09-28,sold
12013,2022-09-28,sold
12014,2022-09-28,sold
12015,2022-09-28,sold
12016,2022-09-29,sold
12017,2022-09-29,sold
12018,2022-09-29,sold
12019,2022-09-29,sold
12020,2022-09-29,sold
12021,2022-09-29,sold
12022,2022-09-29,sold
12023,2022-09-29,sold
12024,2022-09-29,sold
12025,2022-09-29,sold
12026,2022-09-29,sold
12027,2022-09-29,sold
12028,2022-09-30,sold
12029,2022-09-30,sold
12030,2022-09-30,defective
12031,2022-09-30,sold
12032,2022-09-30,sold
12033,2022-09-30,sold
12034,2022-09-30,sold
12035,2022-09-30,sold
12036,2022-09-30,sold
12037,2022-09-30,sold
12038,2022-09-30,defective
12039,2022-09-30,sold
12040,2022-10-01,sold
12041,2022-10-01,sold
12042,2022-10-01,sold
12043,2022-10-01,sold
12044,2022-10-01,sold
12045,2022-10-01,sold
12046,2022-10-01,sold
12047,2022-10-01,defective
12048,2022-10-01,sold
12049,2022-10-01,sold
12050,2022-10-01,sold
12051,2022-10-01,sold
12052,2022-10-02,sold
12053,2022-10-02,sold
12054,2022-10-02,sold
12055,2022-10-02,sold
12056,2022-10-02,sold
12057,2022-10-02,sold
12058,2022-10-02,sold
12059,2022-10-02,sold
12060,2022-10-02,sold
12061,2022-10-02,sold
12062,2022-10-02,sold
12063,2022-10-02,sold
12064,2022-10-03,sold
12065,2022-10-03,sold
12066,2022-10-03,sold
12067,2022-10-03,sold
12068,2022-10-03,sold
12069,2022-10-03,sold
12070,2022-10-03,sold
12071,2022-10-03,sold
12072,2022-10-03,sold
12073,2022-10-03,sold
12074,2022-10-03,sold
12075,2022-10-03,sold
12076,2022-10-04,sold
12077,2022-10-04,sold
12078,2022-10-04,defective
12079,2022-10-04,sold
12080,2022-10-04,sold
12081,2022-10-04,sold
12082,2022-10-04,defective
12083,2022-10-04,sold
12084,2022-10-04,sold
12085,2022-10-04,sold
12086,2022-10-04,sold
12087,2022-10-04,sold
12088,2022-10-05,sold
12089,2022-10-05,sold
12090,2022-10-05,sold
12091,2022-10-05,sold
12092,2022-10-05,sold
12093,2022-10-05,sold
12094,2022-10-05,sold
12095,2022-10-05,sold
12096,2022-10-05,sold
12097,2022-10-05,sold
12098,2022-10-05,sold
12099,2022-10-05,sold
12100,2022-10-06,sold
12101,2022-10-06,sold
12102,2022-10-06,sold
12103,2022-10-06,sold
12104,2022-10-06,sold
12105,2022-10-06,sold
12106,2022-10-06,sold
12107,2022-10-06,sold
12108,2022-10-06,sold
12109,2022-10-06,sold
12110,2022-10-06,sold
12111,2022-10-06,sold
12112,2022-10-07,defective
12113,2022-10-07,sold
12114,2022-10-07,sold
12115,2022-10-07,sold
12116,2022-10-07,sold
12117,2022-10-07,sold
12118,2022-10-07,sold
12119,2022-10-07,sold
12120,2022-10-07,sold
12121,2022-10-07,sold
12122,2022-10-07,sold
12123,2022-10-07,sold
12124,2022-10-08,defective
12125,2022-10-08,sold
12126,2022-10-08,sold
12127,2022-10-08,sold
12128,2022-10-08,sold
12129,2022-10-08,sold
12130,2022-10-08,sold
12131,2022-10-08,sold
12132,2022-10-08,sold
12133,2022-10-08,sold
12134,2022-10-08,sold
12135,2022-10-08,sold
12136,2022-10-09,sold
12137,2022-10-09,sold
12138,2022-10-09,defective
12139,2022-10-09,sold
12140,2022-10-09,sold
12141,2022-10-09,sold
12142,2022-10-09,sold
12143,2022-10-09,sold
12144,2022-10-09,sold
12145,2022-10-09,sold
12146,2022-10-09,sold
12147,2022-10-09,sold
12148,2022-10-10,sold
12149,2022-10-10,sold
12150,2022-10-10,sold
12151,2022-10-10,sold
12152,2022-10-10,sold
12153,2022-10-10,defective
12154,2022-10-10,sold
12155,2022-10-10,sold
12156,2022-10-10,sold
12157,2022-10-10,sold
12158,2022-10-10,sold
12159,2022-10-10,sold
12160,2022-10-11,sold
12161,2022-10-11,sold
12162,2022-10-11,sold
12163,2022-10-11,sold
12164,2022-10-11,sold
12165,2022-10-11,sold
12166,2022-10-11,sold
12167,2022-10-11,sold
12168,2022-10-11,sold
12169,2022-10-11,sold
12170,2022-10-11,sold
12171,2022-10-11,sold
12172,2022-10-12,sold
12173,2022-10-12,defective
12174,2022-10-12,sold
12175,2022-10-12,sold
12176,2022-10-12,sold
12177,2022-10-12,sold
12178,2022-10-12,sold
12179,2022-10-12,sold
12180,2022-10-12,sold
12181,2022-10-12,sold
12182,2022-10-12,defective
12183,2022-10-12,sold
12184,2022-10-13,sold
12185,2022-10-13,sold
12186,2022-10-13,defective
12187,2022-10-13,sold
12188,2022-10-13,sold
12189,2022-10-13,sold
12190,2022-10-13,sold
12191,2022-10-13,sold
12192,2022-10-13,sold
12193,2022-10-13,sold
12194,2022-10-13,sold
12195,2022-10-13,sold
12196,2022-10-14,sold
12197,2022-10-14,sold
12198,2022-10-14,sold
12199,2022-10-14,sold
12200,2022-10-14,sold
12201,2022-10-14,sold
12202,2022-10-14,sold
12203,2022-10-14,defective
12204,2022-10-14,sold
12205,2022-10-14,sold
12206,2022-10-14,sold
12207,2022-10-14,sold
12208,2022-10-15,sold
12209,2022-10-15,sold
12210,2022-10-15,sold
12211,2022-10-15,sold
12212,2022-10-15,sold
12213,2022-10-15,sold
12214,2022-10-15,sold
12215,2022-10-15,sold
12216,2022-10-15,sold
12217,2022-10-15,sold
12218,2022-10-15,sold
12219,2022-10-15,sold
12220,2022-10-16,sold
12221,2022-10-16,sold
12222,2022-10-16,sold
12223,2022-10-16,sold
12224,2022-10-16,defective
12225,2022-10-16,sold
12226,2022-10-16,sold
12227,2022-10-16,sold
12228,2022-10-16,sold
12229,2022-10-16,sold
12230,2022-10-16,defective
12231,2022-10-16,sold
12232,2022-10-17,sold
12233,2022-10-17,sold
12234,2022-10-17,sold
12235,2022-10-17,sold
12236,2022-10-17,sold
12237,2022-10-17,sold
12238,2022-10-17,sold
12239,2022-10-17,sold
12240,2022-10-17,sold
12241,2022-10-17,sold
12242,2022-10-17,sold
12243,2022-10-17,sold
12244,2022-10-18,sold
12245,2022-10-18,sold
12246,2022-10-18,sold
12247,2022-10-18,sold
12248,2022-10-18,sold
12249,2022-10-18,sold
12250,2022-10-18,sold
12251,2022-10-18,sold
12252,2022-10-18,sold
12253,2022-10-18,sold
12254,2022-10-18,sold
12255,2022-10-18,sold
12256,2022-10-19,sold
12257,2022-10-19,sold
12258,2022-10-19,sold
12259,2022-10-19,sold
12260,2022-10-19,sold
12261,2022-10-19,sold
12262,2022-10-19,sold
12263,2022-10-19,sold
12264,2022-10-19,sold
12265,2022-10-19,sold
12266,2022-10-19,sold
12267,2022-10-19,sold
12268,2022-10-20,sold
12269,2022-10-20,sold
12270,2022-10-20,sold
12271,2022-10-20,sold
12272,2022-10-20,sold
12273,2022-10-20,sold
12274,2022-10-20,sold
12275,2022-10-20,sold
12276,2022-10-20,sold
12277,2022-10-20,sold
12278,2022-10-20,sold
12279,2022-10-20,sold
12280,2022-10-21,sold
12281,2022-10-21,sold
12282,2022-10-21,sold
12283,2022-10-21,sold
12284,2022-10-21,sold
12285,2022-10-21,sold
12286,2022-10-21,sold
12287,2022-10-21,sold
12288,2022-10-21,sold
12289,2022-10-21,sold
12290,2022-10-21,sold
12291,2022-10-21,sold
12292,2022-10-22,sold
12293,2022-10-22,sold
12294,2022-10-22,sold
12295,2022-10-22,sold
12296,2022-10-22,sold
12297,2022-10-22,sold
12298,2022-10-22,sold
12299,2022-10-22,sold
12300,2022-10-22,sold
12301,2022-10-22,sold
12302,2022-10-22,sold
12303,2022-10-22,sold
12304,2022-10-23,sold
12305,2022-10-23,sold
12306,2022-10-23,sold
12307,2022-10-23,sold
12308,2022-10-23,sold
12309,2022-10-23,sold
12310,2022-10-23,sold
12311,2022-10-23,sold
12312,2022-10-23,sold
12313,2022-10-23,sold
12314,2022-10-23,sold
12315,2022-10-23,sold
12316,2022-10-24,sold
12317,2022-10-24,defective
12318,2022-10-24,sold
12319,2022-10-24,sold
12320,2022-10-24,sold
12321,2022-10-24,sold
12322,2022-10-24,sold
12323,2022-10-24,sold
12324,2022-10-24,sold
12325,2022-10-24,sold
12326,2022-10-24,sold
12327,2022-10-24,sold
12328,2022-10-25,sold
12329,2022-10-25,sold
12330,2022-10-25,defective
12331,2022-10-25,sold
12332,2022-10-25,sold
12333,2022-10-25,sold
12334,2022-10-25,sold
12335,2022-10-25,sold
12336,2022-10-25,sold
12337,2022-10-25,sold
12338,2022-10-25,sold
12339,2022-10-25,sold
12340,2022-10-26,sold
12341,2022-10-26,sold
12342,2022-10-26,sold
12343,2022-10-26,sold
12344,2022-10-26,sold
12345,2022-10-26,sold
12346,2022-10-26,sold
12347,2022-10-26,sold
12348,2022-10-26,sold
12349,2022-10-26,sold
12350,2022-10-26,sold
12351,2022-10-26,sold
12352,2022-10-27,sold
12353,2022-10-27,sold
12354,2022-10-27,sold
12355,2022-10-27,sold
12356,2022-10-27,sold
12357,2022-10-27,sold
12358,2022-10-27,sold
12359,2022-10-27,sold
12360,2022-10-27,sold
12361,2022-10-27,sold
12362,2022-10-27,sold
12363,2022-10-27,sold
12364,2022-10-28,sold
12365,2022-10-28,sold
12366,2022-10-28,sold
12367,2022-10-28,sold
12368,2022-10-28,sold
12369,2022-10-28,sold
12370,2022-10-28,sold
12371,2022-10-28,sold
12372,2022-10-28,sold
12373,2022-10-28,sold
12374,2022-10-28,sold
12375,2022-10-28,sold
12376,2022-10-29,sold
12377,2022-10-29,sold
12378,2022-10-29,sold
12379,2022-10-29,sold
12380,2022-10-29,sold
12381,2022-10-29,sold
12382,2022-10-29,sold
12383,2022-10-29,sold
12384,2022-10-29,sold
12385,2022-10-29,sold
12386,2022-10-29,sold
12387,2022-10-29,sold
12388,2022-10-30,sold
12389,2022-10-30,sold
12390,2022-10-30,sold
12391,2022-10-30,sold
12392,2022-10-30,sold
12393,2022-10-30,sold
12394,2022-10-30,sold
12395,2022-10-30,sold
12396,2022-10-30,sold
12397,2022-10-30,sold
12398,2022-10-30,sold
12399,2022-10-30,sold
12400,2022-10-31,sold
12401,2022-10-31,sold
12402,2022-10-31,sold
12403,2022-10-31,sold
12404,2022-10-31,sold
12405,2022-10-31,sold
12406,2022-10-31,sold
12407,2022-10-31,sold
12408,2022-10-31,sold
12409,2022-10-31,sold
12410,2022-10-31,sold
12411,2022-10-31,sold
12412,2022-11-01,sold
12413,2022-11-01,defective
12414,2022-11-01,sold
12415,2022-11-01,sold
12416,2022-11-01,sold
12417,2022-11-01,sold
12418,2022-11-01,sold
12419,2022-11-01,sold
12420,2022-11-01,sold
12421,2022-11-01,sold
12422,2022-11-01,sold
12423,2022-11-01,sold
12424,2022-11-02,sold
12425,2022-11-02,sold
12426,2022-11-02,sold
12427,2022-11-02,sold
12428,2022-11-02,sold
12429,2022-11-02,sold
12430,2022-11-02,sold
12431,2022-11-02,sold
12432,2022-11-02,defective
12433,2022-11-02,sold
12434,2022-11-02,sold
12435,2022-11-02,sold
12436,2022-11-03,sold
12437,2022-11-03,sold
12438,2022-11-03,sold
12439,2022-11-03,sold
12440,2022-11-03,sold
12441,2022-11-03,sold
12442,2022-11-03,sold
12443,2022-11-03,sold
12444,2022-11-03,sold
12445,2022-11-03,sold
12446,2022-11-03,sold
12447,2022-11-03,sold
12448,2022-11-04,sold
12449,2022-11-04,sold
12450,2022-11-04,sold
12451,2022-11-04,sold
12452,2022-11-04,sold
12453,2022-11-04,sold
12454,2022-11-04,sold
12455,2022-11-04,defective
12456,2022-11-04,sold
12457,2022-11-04,sold
12458,2022-11-04,sold
12459,2022-11-04,sold
12460,2022-11-05,sold
12461,2022-11-05,sold
12462,2022-11-05,sold
12463,2022-11-05,sold
12464,2022-11-05,sold
12465,2022-11-05,sold
12466,2022-11-05,sold
12467,2022-11-05,sold
12468,2022-11-05,sold
12469,2022-11-05,sold
12470,2022-11-05,sold
12471,2022-11-05,sold
12472,2022-11-06,sold
12473,2022-11-06,sold
12474,2022-11-06,sold
12475,2022-11-06,sold
12476,2022-11-06,sold
12477,2022-11-06,defective
12478,2022-11-06,sold
12479,2022-11-06,sold
12480,2022-11-06,sold
12481,2022-11-06,sold
12482,2022-11-06,sold
12483,2022-11-06,sold
12484,2022-11-07,sold
12485,2022-11-07,sold
12486,2022-11-07,sold
12487,2022-11-07,sold
12488,2022-11-07,sold
12489,2022-11-07,sold
12490,2022-11-07,sold
12491,2022-11-07,sold
12492,2022-11-07,sold
12493,2022-11-07,sold
12494,2022-11-07,sold
12495,2022-11-07,sold
12496,2022-11-08,sold
12497,2022-11-08,sold
12498,2022-11-08,sold
12499,2022-11-08,sold
12500,2022-11-08,sold
12501,2022-11-08,sold
12502,2022-11-08,sold
12503,2022-11-08,sold
12504,2022-11-08,sold
12505,2022-11-08,sold
12506,2022-11-08,sold
12507,2022-11-08,sold
12508,2022-11-09,sold
12509,2022-11-09,sold
12510,2022-11-09,sold
12511,2022-11-09,sold
12512,2022-11-09,sold
12513,2022-11-09,sold
12514,2022-11-09,sold
12515,2022-11-09,sold
12516,2022-11-09,sold
12517,2022-11-09,sold
12518,2022-11-09,sold
12519,2022-11-09,defective
12520,2022-11-10,sold
12521,2022-11-10,sold
12522,2022-11-10,sold
12523,2022-11-10,sold
12524,2022-11-10,sold
12525,2022-11-10,sold
12526,2022-11-10,sold
12527,2022-11-10,sold
12528,2022-11-10,sold
12529,2022-11-10,sold
12530,2022-11-10,sold
12531,2022-11-10,sold
12532,2022-11-11,sold
12533,2022-11-11,sold
12534,2022-11-11,sold
12535,2022-11-11,sold
12536,2022-11-11,sold
12537,2022-11-11,sold
12538,2022-11-11,sold
12539,2022-11-11,sold
12540,2022-11-11,sold
12541,2022-11-11,sold
12542,2022-11-11,defective
12543,2022-11-11,sold
12544,2022-11-12,sold
12545,2022-11-12,sold
12546,2022-11-12,sold
12547,2022-11-12,sold
12548,2022-11-12,sold
12549,2022-11-12,sold
12550,2022-11-12,sold
12551,2022-11-12,sold
12552,2022-11-12,sold
12553,2022-11-12,sold
12554,2022-11-12,sold
12555,2022-11-12,defective
12556,2022-11-13,defective
12557,2022-11-13,sold
12558,2022-11-13,sold
12559,2022-11-13,sold
12560,2022-11-13,sold
12561,2022-11-13,sold
12562,2022-11-13,sold
12563,2022-11-13,sold
12564,2022-11-13,sold
12565,2022-11-13,sold
12566,2022-11-13,sold
12567,2022-11-13,sold
12568,2022-11-14,defective
12569,2022-11-14,sold
12570,2022-11-14,sold
12571,2022-11-14,sold
12572,2022-11-14,sold
12573,2022-11-14,sold
12574,2022-11-14,sold
12575,2022-11-14,sold
12576,2022-11-14,sold
12577,2022-11-14,sold
12578,2022-11-14,sold
12579,2022-11-14,sold
12580,2022-11-15,sold
12581,2022-11-15,sold
12582,2022-11-15,sold
12583,2022-11-15,sold
12584,2022-11-15,sold
12585,2022-11-15,sold
12586,2022-11-15,sold
12587,2022-11-15,sold
12588,2022-11-15,sold
12589,2022-11-15,sold
12590,2022-11-15,defective
12591,2022-11-15,sold
12592,2022-11-16,sold
12593,2022-11-16,sold
12594,2022-11-16,sold
12595,2022-11-16,sold
12596,2022-11-16,sold
12597,2022-11-16,sold
12598,2022-11-16,sold
12599,2022-11-16,sold
12600,2022-11-16,sold
12601,2022-11-16,defective
12602,2022-11-16,sold
12603,2022-11-16,sold
12604,2022-11-17,sold
12605,2022-11-17,sold
12606,2022-11-17,sold
12607,2022-11-17,sold
12608,2022-11-17,sold
12609,2022-11-17,sold
12610,2022-11-17,sold
12611,2022-11-17,sold
12612,2022-11-17,sold
12613,2022-11-17,sold
12614,2022-11-17,sold
12615,2022-11-17,sold
12616,2022-11-18,sold
12617,2022-11-18,sold
12618,2022-11-18,sold
12619,2022-11-18,sold
12620,2022-11-18,sold
12621,2022-11-18,sold
12622,2022-11-18,sold
12623,2022-11-18,defective
12624,2022-11-18,sold
12625,2022-11-18,defective
12626,2022-11-18,sold
12627,2022-11-18,sold
12628,2022-11-19,sold
12629,2022-11-19,sold
12630,2022-11-19,sold
12631,2022-11-19,sold
12632,2022-11-19,sold
12633,2022-11-19,sold
12634,2022-11-19,sold
12635,2022-11-19,sold
12636,2022-11-19,sold
12637,2022-11-19,sold
12638,2022-11-19,sold
12639,2022-11-19,sold
12640,2022-11-20,sold
12641,2022-11-20,sold
12642,2022-11-20,sold
12643,2022-11-20,sold
12644,2022-11-20,sold
12645,2022-11-20,sold
12646,2022-11-20,sold
12647,2022-11-20,sold
12648,2022-11-20,sold
12649,2022-11-20,sold
12650,2022-11-20,sold
12651,2022-11-20,sold
12652,2022-11-21,sold
12653,2022-11-21,sold
12654,2022-11-21,sold
12655,2022-11-21,sold
12656,2022-11-21,sold
12657,2022-11-21,sold
12658,2022-11-21,sold
12659,2022-11-21,sold
12660,2022-11-21,sold
12661,2022-11-21,sold
12662,2022-11-21,sold
12663,2022-11-21,sold
12664,2022-11-22,sold
12665,2022-11-22,sold
12666,2022-11-22,defective
12667,2022-11-22,sold
12668,2022-11-22,sold
12669,2022-11-22,sold
12670,2022-11-22,sold
12671,2022-11-22,sold
12672,2022-11-22,sold
12673,2022-11-22,sold
12674,2022-11-22,sold
12675,2022-11-22,sold
12676,2022-11-23,sold
12677,2022-11-23,sold
12678,2022-11-23,sold
12679,2022-11-23,sold
12680,2022-11-23,defective
12681,2022-11-23,sold
12682,2022-11-23,sold
12683,2022-11-23,sold
12684,2022-11-23,sold
12685,2022-11-23,sold
12686,2022-11-23,sold
12687,2022-11-23,sold
12688,2022-11-24,sold
12689,2022-11-24,sold
12690,2022-11-24,sold
12691,2022-11-24,sold
12692,2022-11-24,sold
12693,2022-11-24,sold
12694,2022-11-24,sold
12695,2022-11-24,sold
12696,2022-11-24,sold
12697,2022-11-24,sold
12698,2022-11-24,sold
12699,2022-11-24,sold
12700,2022-11-25,sold
12701,2022-11-25,sold
12702,2022-11-25,sold
12703,2022-11-25,sold
12704,2022-11-25,sold
12705,2022-11-25,sold
12706,2022-11-25,sold
12707,2022-11-25,sold
12708,2022-11-25,sold
12709,2022-11-25,sold
12710,2022-11-25,sold
12711,2022-11-25,sold
12712,2022-11-26,sold
12713,2022-11-26,sold
12714,2022-11-26,sold
12715,2022-11-26,sold
12716,2022-11-26,sold
12717,2022-11-26,sold
12718,2022-11-26,sold
12719,2022-11-26,sold
12720,2022-11-26,sold
12721,2022-11-26,sold
12722,2022-11-26,sold
12723,2022-11-26,defective
12724,2022-11-27,sold
12725,2022-11-27,sold
12726,2022-11-27,sold
12727,2022-11-27,sold
12728,2022-11-27,sold
12729,2022-11-27,sold
12730,2022-11-27,sold
12731,2022-11-27,sold
12732,2022-11-27,sold
12733,2022-11-27,sold
12734,2022-11-27,sold
12735,2022-11-27,sold
12736,2022-11-28,sold
12737,2022-11-28,sold
12738,2022-11-28,sold
12739,2022-11-28,sold
12740,2022-11-28,sold
12741,2022-11-28,sold
12742,2022-11-28,sold
12743,2022-11-28,sold
12744,2022-11-28,sold
12745,2022-11-28,sold
12746,2022-11-28,sold
12747,2022-11-28,defective
12748,2022-11-29,sold
12749,2022-11-29,sold
12750,2022-11-29,sold
12751,2022-11-29,sold
12752,2022-11-29,sold
12753,2022-11-29,sold
12754,2022-11-29,sold
12755,2022-11-29,sold
12756,2022-11-29,sold
12757,2022-11-29,sold
12758,2022-11-29,sold
12759,2022-11-29,sold
12760,2022-11-30,sold
12761,2022-11-30,sold
12762,2022-11-30,sold
12763,2022-11-30,sold
12764,2022-11-30,sold
12765,2022-11-30,sold
12766,2022-11-30,sold
12767,2022-11-30,sold
12768,2022-11-30,sold
12769,2022-11-30,sold
12770,2022-11-30,sold
12771,2022-11-30,sold
12772,2022-12-01,sold
12773,2022-12-01,sold
12774,2022-12-01,sold
12775,2022-12-01,sold
12776,2022-12-01,defective
12777,2022-12-01,sold
12778,2022-12-01,sold
12779,2022-12-01,sold
12780,2022-12-01,sold
12781,2022-12-01,sold
12782,2022-12-01,sold
12783,2022-12-01,sold
12784,2022-12-02,sold
12785,2022-12-02,sold
12786,2022-12-02,sold
12787,2022-12-02,sold
12788,2022-12-02,sold
12789,2022-12-02,sold
12790,2022-12-02,sold
12791,2022-12-02,sold
12792,2022-12-02,sold
12793,2022-12-02,sold
12794,2022-12-02,sold
12795,2022-12-02,sold
12796,2022-12-03,sold
12797,2022-12-03,sold
12798,2022-12-03,sold
12799,2022-12-03,sold
12800,2022-12-03,sold
12801,2022-12-03,sold
12802,2022-12-03,sold
12803,2022-12-03,sold
12804,2022-12-03,sold
12805,2022-12-03,sold
12806,2022-12-03,sold
12807,2022-12-03,sold
12808,2022-12-04,sold
12809,2022-12-04,sold
12810,2022-12-04,sold
12811,2022-12-04,sold
12812,2022-12-04,defective
12813,2022-12-04,defective
12814,2022-12-04,sold
12815,2022-12-04,sold
12816,2022-12-04,sold
12817,2022-12-04,sold
12818,2022-12-04,sold
12819,2022-12-04,sold
12820,2022-12-05,sold
12821,2022-12-05,sold
12822,2022-12-05,defective
12823,2022-12-05,sold
12824,2022-12-05,sold
12825,2022-12-05,sold
12826,2022-12-05,sold
12827,2022-12-05,sold
12828,2022-12-05,sold
12829,2022-12-05,sold
12830,2022-12-05,sold
12831,2022-12-05,sold
12832,2022-12-06,sold
12833,2022-12-06,sold
12834,2022-12-06,sold
12835,2022-12-06,sold
12836,2022-12-06,sold
12837,2022-12-06,sold
12838,2022-12-06,sold
12839,2022-12-06,sold
12840,2022-12-06,sold
12841,2022-12-06,sold
12842,2022-12-06,sold
12843,2022-12-06,sold
12844,2022-12-07,sold
12845,2022-12-07,sold
12846,2022-12-07,sold
12847,2022-12-07,sold
12848,2022-12-07,defective
12849,2022-12-07,sold
12850,2022-12-07,sold
12851,2022-12-07,sold
12852,2022-12-07,sold
12853,2022-12-07,sold
12854,2022-12-07,sold
12855,2022-12-07,defective
12856,2022-12-08,sold
12857,2022-12-08,sold
12858,2022-12-08,sold
12859,2022-12-08,sold
12860,2022-12-08,sold
12861,2022-12-08,sold
12862,2022-12-08,sold
12863,2022-12-08,sold
12864,2022-12-08,sold
12865,2022-12-08,sold
12866,2022-12-08,sold
12867,2022-12-08,sold
12868,2022-12-09,sold
12869,2022-12-09,sold
12870,2022-12-09,sold
12871,2022-12-09,sold
12872,2022-12-09,sold
12873,2022-12-09,sold
12874,2022-12-09,sold
12875,2022-12-09,sold
12876,2022-12-09,sold
12877,2022-12-09,sold
12878,2022-12-09,sold
12879,2022-12-09,sold
12880,2022-12-10,sold
12881,2022-12-10,sold
12882,2022-12-10,sold
12883,2022-12-10,sold
12884,2022-12-10,sold
12885,2022-12-10,sold
12886,2022-12-10,sold
12887,2022-12-10,defective
12888,2022-12-10,sold
12889,2022-12-10,sold
12890,2022-12-10,sold
12891,2022-12-10,sold
12892,2022-12-11,sold
12893,2022-12-11,sold
12894,2022-12-11,sold
12895,2022-12-11,defective
12896,2022-12-11,sold
12897,2022-12-11,sold
12898,2022-12-11,sold
12899,2022-12-11,sold
12900,2022-12-11,sold
12901,2022-12-11,sold
12902,2022-12-11,sold
12903,2022-12-11,sold
12904,2022-12-12,sold
12905,2022-12-12,sold
12906,2022-12-12,sold
12907,2022-12-12,defective
12908,2022-12-12,sold
12909,2022-12-12,sold
12910,2022-12-12,sold
12911,2022-12-12,sold
12912,2022-12-12,sold
12913,2022-12-12,sold
12914,2022-12-12,sold
12915,2022-12-12,sold
12916,2022-12-13,sold
12917,2022-12-13,sold
12918,2022-12-13,sold
12919,2022-12-13,sold
12920,2022-12-13,sold
12921,2022-12-13,sold
12922,2022-12-13,sold
12923,2022-12-13,defective
12924,2022-12-13,sold
12925,2022-12-13,sold
12926,2022-12-13,sold
12927,2022-12-13,sold
12928,2022-12-14,sold
12929,2022-12-14,sold
12930,2022-12-14,sold
12931,2022-12-14,sold
12932,2022-12-14,sold
12933,2022-12-14,sold
12934,2022-12-14,sold
12935,2022-12-14,sold
12936,2022-12-14,sold
12937,2022-12-14,sold
12938,2022-12-14,sold
12939,2022-12-14,sold
12940,2022-12-15,sold
12941,2022-12-15,sold
12942,2022-12-15,sold
12943,2022-12-15,sold
12944,2022-12-15,defective
12945,2022-12-15,sold
12946,2022-12-15,sold
12947,2022-12-15,sold
12948,2022-12-15,sold
12949,2022-12-15,sold
12950,2022-12-15,sold
12951,2022-12-15,sold
12952,2022-12-16,sold
12953,2022-12-16,sold
12954,2022-12-16,sold
12955,2022-12-16,sold
12956,2022-12-16,sold
12957,2022-12-16,sold
12958,2022-12-16,sold
12959,2022-12-16,sold
12960,2022-12-16,sold
12961,2022-12-16,sold
12962,2022-12-16,sold
12963,2022-12-16,sold
12964,2022-12-17,sold
12965,2022-12-17,sold
12966,2022-12-17,sold
12967,2022-12-17,sold
12968,2022-12-17,sold
12969,2022-12-17,sold
12970,2022-12-17,sold
12971,2022-12-17,sold
12972,2022-12-17,sold
12973,2022-12-17,sold
12974,2022-12-17,sold
12975,2022-12-17,sold
12976,2022-12-18,sold
12977,2022-12-18,sold
12978,2022-12-18,sold
12979,2022-12-18,sold
12980,2022-12-18,sold
12981,2022-12-18,sold
12982,2022-12-18,sold
12983,2022-12-18,sold
12984,2022-12-18,sold
12985,2022-12-18,sold
12986,2022-12-18,sold
12987,2022-12-18,sold
12988,2022-12-19,sold
12989,2022-12-19,sold
12990,2022-12-19,sold
12991,2022-12-19,sold
12992,2022-12-19,sold
12993,2022-12-19,sold
12994,2022-12-19,sold
12995,2022-12-19,sold
12996,2022-12-19,sold
12997,2022-12-19,defective
12998,2022-12-19,sold
12999,2022-12-19,sold
13000,2022-12-20,sold
13001,2022-12-20,sold
13002,2022-12-20,sold
13003,2022-12-20,sold
13004,2022-12-20,sold
13005,2022-12-20,sold
13006,2022-12-20,sold
13007,2022-12-20,defective
13008,2022-12-20,sold
13009,2022-12-20,sold
13010,2022-12-20,sold
13011,2022-12-20,sold
13012,2022-12-21,sold
13013,2022-12-21,sold
13014,2022-12-21,sold
13015,2022-12-21,sold
13016,2022-12-21,sold
13017,2022-12-21,sold
13018,2022-12-21,defective
13019,2022-12-21,sold
13020,2022-12-21,sold
13021,2022-12-21,sold
13022,2022-12-21,sold
13023,2022-12-21,sold
13024,2022-12-22,sold
13025,2022-12-22,sold
13026,2022-12-22,sold
13027,2022-12-22,sold
13028,2022-12-22,sold
13029,2022-12-22,sold
13030,2022-12-22,sold
13031,2022-12-22,sold
13032,2022-12-22,sold
13033,2022-12-22,sold
13034,2022-12-22,sold
13035,2022-12-22,sold
13036,2022-12-23,sold
13037,2022-12-23,sold
13038,2022-12-23,sold
13039,2022-12-23,sold
13040,2022-12-23,sold
13041,2022-12-23,sold
13042,2022-12-23,sold
13043,2022-12-23,sold
13044,2022-12-23,sold
13045,2022-12-23,defective
13046,2022-12-23,sold
13047,2022-12-23,sold
13048,2022-12-24,sold
13049,2022-12-24,sold
13050,2022-12-24,sold
13051,2022-12-24,sold
13052,2022-12-24,sold
13053,2022-12-24,sold
13054,2022-12-24,sold
13055,2022-12-24,sold
13056,2022-12-24,sold
13057,2022-12-24,sold
13058,2022-12-24,sold
13059,2022-12-24,sold
13060,2022-12-25,sold
13061,2022-12-25,sold
13062,2022-12-25,sold
13063,2022-12-25,sold
13064,2022-12-25,sold
13065,2022-12-25,sold
13066,2022-12-25,sold
13067,2022-12-25,sold
13068,2022-12-25,sold
13069,2022-12-25,sold
13070,2022-12-25,sold
13071,2022-12-25,sold
13072,2022-12-26,sold
13073,2022-12-26,sold
13074,2022-12-26,sold
13075,2022-12-26,sold
13076,2022-12-26,sold
13077,2022-12-26,sold
13078,2022-12-26,sold
13079,2022-12-26,sold
13080,2022-12-26,sold
13081,2022-12-26,sold
13082,2022-12-26,sold
13083,2022-12-26,sold
13084,2022-12-27,sold
13085,2022-12-27,sold
13086,2022-12-27,sold
13087,2022-12-27,sold
13088,2022-12-27,sold
13089,2022-12-27,sold
13090,2022-12-27,sold
13091,2022-12-27,defective
13092,2022-12-27,sold
13093,2022-12-27,sold
13094,2022-12-27,sold
13095,2022-12-27,sold
13096,2022-12-28,sold
13097,2022-12-28,sold
13098,2022-12-28,sold
13099,2022-12-28,sold
13100,2022-12-28,sold
13101,2022-12-28,sold
13102,2022-12-28,sold
13103,2022-12-28,sold
13104,2022-12-28,sold
13105,2022-12-28,sold
13106,2022-12-28,sold
13107,2022-12-28,sold
13108,2022-12-29,sold
13109,2022-12-29,sold
13110,2022-12-29,sold
13111,2022-12-29,sold
13112,2022-12-29,sold
13113,2022-12-29,sold
13114,2022-12-29,sold
13115,2022-12-29,sold
13116,2022-12-29,sold
13117,2022-12-29,sold
13118,2022-12-29,sold
13119,2022-12-29,sold
13120,2022-12-30,sold
13121,2022-12-30,sold
13122,2022-12-30,sold
13123,2022-12-30,sold
13124,2022-12-30,sold
13125,2022-12-30,sold
13126,2022-12-30,sold
13127,2022-12-30,sold
13128,2022-12-30,sold
13129,2022-12-30,sold
13130,2022-12-30,sold
13131,2022-12-30,sold
13132,2022-12-31,sold
13133,2022-12-31,sold
13134,2022-12-31,defective
13135,2022-12-31,sold
13136,2022-12-31,sold
13137,2022-12-31,sold
13138,2022-12-31,sold
13139,2022-12-31,sold
13140,2022-12-31,sold
13141,2022-12-31,sold
13142,2022-12-31,sold
13143,2022-12-31,sold
13144,2023-01-01,sold
13145,2023-01-01,defective
13146,2023-01-01,sold
13147,2023-01-01,sold
13148,2023-01-01,sold
13149,2023-01-01,defective
13150,2023-01-01,sold
13151,2023-01-01,sold
13152,2023-01-01,sold
13153,2023-01-01,sold
13154,2023-01-01,sold
13155,2023-01-01,defective
13156,2023-01-02,sold
13157,2023-01-02,sold
13158,2023-01-02,sold
13159,2023-01-02,sold
13160,2023-01-02,sold
13161,2023-01-02,sold
13162,2023-01-02,sold
13163,2023-01-02,sold
13164,2023-01-02,sold
13165,2023-01-02,sold
13166,2023-01-02,sold
13167,2023-01-02,sold
13168,2023-01-03,sold
13169,2023-01-03,defective
13170,2023-01-03,sold
13171,2023-01-03,sold
13172,2023-01-03,sold
13173,2023-01-03,sold
13174,2023-01-03,sold
13175,2023-01-03,sold
13176,2023-01-03,sold
13177,2023-01-03,sold
13178,2023-01-03,sold
13179,2023-01-03,sold
13180,2023-01-04,sold
13181,2023-01-04,defective
13182,2023-01-04,sold
13183,2023-01-04,sold
13184,2023-01-04,sold
13185,2023-01-04,sold
13186,2023-01-04,sold
13187,2023-01-04,sold
13188,2023-01-04,sold
13189,2023-01-04,sold
13190,2023-01-04,sold
13191,2023-01-04,sold
13192,2023-01-05,sold
13193,2023-01-05,sold
13194,2023-01-05,sold
13195,2023-01-05,sold
13196,2023-01-05,sold
13197,2023-01-05,sold
13198,2023-01-05,sold
13199,2023-01-05,sold
13200,2023-01-05,defective
13201,2023-01-05,sold
13202,2023-01-05,sold
13203,2023-01-05,sold
13204,2023-01-06,sold
13205,2023-01-06,sold
13206,2023-01-06,sold
13207,2023-01-06,sold
13208,2023-01-06,sold
13209,2023-01-06,sold
13210,2023-01-06,sold
13211,2023-01-06,sold
13212,2023-01-06,sold
13213,2023-01-06,sold
13214,2023-01-06,sold
13215,2023-01-06,sold
13216,2023-01-07,sold
13217,2023-01-07,sold
13218,2023-01-07,sold
13219,2023-01-07,sold
13220,2023-01-07,sold
13221,2023-01-07,sold
13222,2023-01-07,sold
13223,2023-01-07,sold
13224,2023-01-07,sold
13225,2023-01-07,sold
13226,2023-01-07,sold
13227,2023-01-07,defective
13228,2023-01-08,sold
13229,2023-01-08,sold
13230,2023-01-08,sold
13231,2023-01-08,sold
13232,2023-01-08,sold
13233,2023-01-08,defective
13234,2023-01-08,sold
13235,2023-01-08,sold
13236,2023-01-08,sold
13237,2023-01-08,sold
13238,2023-01-08,sold
13239,2023-01-08,defective
13240,2023-01-09,sold
13241,2023-01-09,sold
13242,2023-01-09,sold
13243,2023-01-09,sold
13244,2023-01-09,sold
13245,2023-01-09,sold
13246,2023-01-09,sold
13247,2023-01-09,sold
13248,2023-01-09,sold
13249,2023-01-09,sold
13250,2023-01-09,sold
13251,2023-01-09,sold
13252,2023-01-10,sold
13253,2023-01-10,sold
13254,2023-01-10,defective
13255,2023-01-10,sold
13256,2023-01-10,sold
13257,2023-01-10,sold
13258,2023-01-10,sold
13259,2023-01-10,sold
13260,2023-01-10,sold
13261,2023-01-10,sold
13262,2023-01-10,sold
13263,2023-01-10,sold
13264,2023-01-11,sold
13265,2023-01-11,sold
13266,2023-01-11,sold
13267,2023-01-11,sold
13268,2023-01-11,sold
13269,2023-01-11,sold
13270,2023-01-11,sold
13271,2023-01-11,sold
13272,2023-01-11,defective
13273,2023-01-11,sold
13274,2023-01-11,sold
13275,2023-01-11,sold
13276,2023-01-12,sold
13277,2023-01-12,sold
13278,2023-01-12,sold
13279,2023-01-12,sold
13280,2023-01-12,sold
13281,2023-01-12,sold
13282,2023-01-12,sold
13283,2023-01-12,sold
13284,2023-01-12,sold
13285,2023-01-12,defective
13286,2023-01-12,sold
13287,2023-01-12,sold
13288,2023-01-13,sold
13289,2023-01-13,sold
13290,2023-01-13,sold
13291,2023-01-13,sold
13292,2023-01-13,sold
13293,2023-01-13,defective
13294,2023-01-13,sold
13295,2023-01-13,sold
13296,2023-01-13,sold
13297,2023-01-13,sold
13298,2023-01-13,sold
13299,2023-01-13,sold
13300,2023-01-14,sold
13301,2023-01-14,sold
13302,2023-01-14,sold
13303,2023-01-14,sold
13304,2023-01-14,sold
13305,2023-01-14,sold
13306,2023-01-14,sold
13307,2023-01-14,sold
13308,2023-01-14,sold
13309,2023-01-14,sold
13310,2023-01-14,sold
13311,2023-01-14,sold
13312,2023-01-15,sold
13313,2023-01-15,sold
13314,2023-01-15,defective
13315,2023-01-15,sold
13316,2023-01-15,sold
13317,2023-01-15,sold
13318,2023-01-15,sold
13319,2023-01-15,sold
13320,2023-01-15,sold
13321,2023-01-15,sold
13322,2023-01-15,sold
13323,2023-01-15,sold
13324,2023-01-16,sold
13325,2023-01-16,sold
13326,2023-01-16,sold
13327,2023-01-16,sold
13328,2023-01-16,sold
13329,2023-01-16,sold
13330,2023-01-16,sold
13331,2023-01-16,sold
13332,2023-01-16,sold
13333,2023-01-16,sold
13334,2023-01-16,sold
13335,2023-01-16,sold
13336,2023-01-17,sold
13337,2023-01-17,sold
13338,2023-01-17,sold
13339,2023-01-17,sold
13340,2023-01-17,sold
13341,2023-01-17,sold
13342,2023-01-17,sold
13343,2023-01-17,sold
13344,2023-01-17,sold
13345,2023-01-17,sold
13346,2023-01-17,sold
13347,2023-01-17,sold
13348,2023-01-18,sold
13349,2023-01-18,sold
13350,2023-01-18,sold
13351,2023-01-18,sold
13352,2023-01-18,sold
13353,2023-01-18,defective
13354,2023-01-18,sold
13355,2023-01-18,sold
13356,2023-01-18,sold
13357,2023-01-18,sold
13358,2023-01-18,sold
13359,2023-01-18,sold
13360,2023-01-19,defective
13361,2023-01-19,sold
13362,2023-01-19,sold
13363,2023-01-19,sold
13364,2023-01-19,sold
13365,2023-01-19,sold
13366,2023-01-19,sold
13367,2023-01-19,sold
13368,2023-01-19,sold
13369,2023-01-19,sold
13370,2023-01-19,sold
13371,2023-01-19,sold
13372,2023-01-20,sold
13373,2023-01-20,sold
13374,2023-01-20,sold
13375,2023-01-20,sold
13376,2023-01-20,sold
13377,2023-01-20,sold
13378,2023-01-20,sold
13379,2023-01-20,sold
13380,2023-01-20,sold
13381,2023-01-20,sold
13382,2023-01-20,sold
13383,2023-01-20,sold
13384,2023-01-21,sold
13385,2023-01-21,sold
13386,2023-01-21,sold
13387,2023-01-21,defective
13388,2023-01-21,defective
13389,2023-01-21,sold
13390,2023-01-21,sold
13391,2023-01-21,sold
13392,2023-01-21,sold
13393,2023-01-21,sold
13394,2023-01-21,sold
13395,2023-01-21,sold
13396,2023-01-22,sold
13397,2023-01-22,sold
13398,2023-01-22,sold
13399,2023-01-22,sold
13400,2023-01-22,sold
13401,2023-01-22,sold
13402,2023-01-22,sold
13403,2023-01-22,sold
13404,2023-01-22,defective
13405,2023-01-22,sold
13406,2023-01-22,sold
13407,2023-01-22,sold
13408,2023-01-23,sold
13409,2023-01-23,sold
13410,2023-01-23,sold
13411,2023-01-23,sold
13412,2023-01-23,sold
13413,2023-01-23,sold
13414,2023-01-23,sold
13415,2023-01-23,sold
13416,2023-01-23,sold
13417,2023-01-23,sold
13418,2023-01-23,sold
13419,2023-01-23,sold
13420,2023-01-24,sold
13421,2023-01-24,sold
13422,2023-01-24,sold
13423,2023-01-24,sold
13424,2023-01-24,sold
13425,2023-01-24,sold
13426,2023-01-24,defective
13427,2023-01-24,sold
13428,2023-01-24,sold
13429,2023-01-24,sold
13430,2023-01-24,sold
13431,2023-01-24,sold
13432,2023-01-25,sold
13433,2023-01-25,sold
13434,2023-01-25,sold
13435,2023-01-25,sold
13436,2023-01-25,sold
13437,2023-01-25,sold
13438,2023-01-25,sold
13439,2023-01-25,sold
13440,2023-01-25,sold
13441,2023-01-25,defective
13442,2023-01-25,sold
13443,2023-01-25,sold
13444,2023-01-26,sold
13445,2023-01-26,sold
13446,2023-01-26,sold
13447,2023-01-26,sold
13448,2023-01-26,sold
13449,2023-01-26,sold
13450,2023-01-26,sold
13451,2023-01-26,sold
13452,2023-01-26,sold
13453,2023-01-26,sold
13454,2023-01-26,sold
13455,2023-01-26,sold
13456,2023-01-27,sold
13457,2023-01-27,sold
13458,2023-01-27,sold
13459,2023-01-27,sold
13460,2023-01-27,defective
13461,2023-01-27,sold
13462,2023-01-27,sold
13463,2023-01-27,sold
13464,2023-01-27,sold
13465,2023-01-27,sold
13466,2023-01-27,sold
13467,2023-01-27,sold
13468,2023-01-28,sold
13469,2023-01-28,sold
13470,2023-01-28,sold
13471,2023-01-28,sold
13472,2023-01-28,sold
13473,2023-01-28,sold
13474,2023-01-28,sold
13475,2023-01-28,sold
13476,2023-01-28,sold
13477,2023-01-28,sold
13478,2023-01-28,sold
13479,2023-01-28,sold
13480,2023-01-29,sold
13481,2023-01-29,sold
13482,2023-01-29,sold
13483,2023-01-29,sold
13484,2023-01-29,sold
13485,2023-01-29,sold
13486,2023-01-29,defective
13487,2023-01-29,sold
13488,2023-01-29,sold
13489,2023-01-29,sold
13490,2023-01-29,sold
13491,2023-01-29,defective
13492,2023-01-30,sold
13493,2023-01-30,sold
13494,2023-01-30,sold
13495,2023-01-30,sold
13496,2023-01-30,sold
13497,2023-01-30,sold
13498,2023-01-30,sold
13499,2023-01-30,defective
13500,2023-01-30,sold
13501,2023-01-30,defective
13502,2023-01-30,sold
13503,2023-01-30,sold
13504,2023-01-31,sold
13505,2023-01-31,sold
13506,2023-01-31,sold
13507,2023-01-31,defective
13508,2023-01-31,sold
13509,2023-01-31,sold
13510,2023-01-31,sold
13511,2023-01-31,sold
13512,2023-01-31,sold
13513,2023-01-31,sold
13514,2023-01-31,sold
13515,2023-01-31,sold
13516,2023-02-01,sold
13517,2023-02-01,sold
13518,2023-02-01,sold
13519,2023-02-01,sold
13520,2023-02-01,sold
13521,2023-02-01,sold
13522,2023-02-01,sold
13523,2023-02-01,sold
13524,2023-02-01,sold
13525,2023-02-01,sold
13526,2023-02-01,sold
13527,2023-02-01,sold
13528,2023-02-02,sold
13529,2023-02-02,sold
13530,2023-02-02,sold
13531,2023-02-02,sold
13532,2023-02-02,sold
13533,2023-02-02,sold
13534,2023-02-02,sold
13535,2023-02-02,sold
13536,2023-02-02,sold
13537,2023-02-02,sold
13538,2023-02-02,sold
13539,2023-02-02,sold
13540,2023-02-03,sold
13541,2023-02-03,sold
13542,2023-02-03,sold
13543,2023-02-03,sold
13544,2023-02-03,sold
13545,2023-02-03,sold
13546,2023-02-03,sold
13547,2023-02-03,sold
13548,2023-02-03,sold
13549,2023-02-03,sold
13550,2023-02-03,sold
13551,2023-02-03,sold
13552,2023-02-04,sold
13553,2023-02-04,sold
13554,2023-02-04,sold
13555,2023-02-04,sold
13556,2023-02-04,sold
13557,2023-02-04,sold
13558,2023-02-04,sold
13559,2023-02-04,sold
13560,2023-02-04,sold
13561,2023-02-04,sold
13562,2023-02-04,sold
13563,2023-02-04,sold
13564,2023-02-05,sold
13565,2023-02-05,sold
13566,2023-02-05,sold
13567,2023-02-05,defective
13568,2023-02-05,sold
13569,2023-02-05,sold
13570,2023-02-05,sold
13571,2023-02-05,sold
13572,2023-02-05,sold
13573,2023-02-05,sold
13574,2023-02-05,sold
13575,2023-02-05,sold
13576,2023-02-06,sold
13577,2023-02-06,sold
13578,2023-02-06,defective
13579,2023-02-06,sold
13580,2023-02-06,sold
13581,2023-02-06,sold
13582,2023-02-06,sold
13583,2023-02-06,defective
13584,2023-02-06,sold
13585,2023-02-06,sold
13586,2023-02-06,sold
13587,2023-02-06,sold
13588,2023-02-07,sold
13589,2023-02-07,sold
13590,2023-02-07,sold
13591,2023-02-07,sold
13592,2023-02-07,sold
13593,2023-02-07,sold
13594,2023-02-07,sold
13595,2023-02-07,sold
13596,2023-02-07,sold
13597,2023-02-07,sold
13598,2023-02-07,sold
13599,2023-02-07,sold
13600,2023-02-08,sold
13601,2023-02-08,sold
13602,2023-02-08,sold
13603,2023-02-08,sold
13604,2023-02-08,sold
13605,2023-02-08,sold
13606,2023-02-08,sold
13607,2023-02-08,sold
13608,2023-02-08,defective
13609,2023-02-08,sold
13610,2023-02-08,sold
13611,2023-02-08,sold
13612,2023-02-09,sold
13613,2023-02-09,sold
13614,2023-02-09,sold
13615,2023-02-09,sold
13616,2023-02-09,sold
13617,2023-02-09,sold
13618,2023-02-09,sold
13619,2023-02-09,sold
13620,2023-02-09,sold
13621,2023-02-09,sold
13622,2023-02-09,sold
13623,2023-02-09,sold
13624,2023-02-10,sold
13625,2023-02-10,sold
13626,2023-02-10,sold
13627,2023-02-10,sold
13628,2023-02-10,sold
13629,2023-02-10,sold
13630,2023-02-10,sold
13631,2023-02-10,sold
13632,2023-02-10,sold
13633,2023-02-10,sold
13634,2023-02-10,sold
13635,2023-02-10,sold
13636,2023-02-11,sold
13637,2023-02-11,sold
13638,2023-02-11,sold
13639,2023-02-11,sold
13640,2023-02-11,sold
13641,2023-02-11,sold
13642,2023-02-11,sold
13643,2023-02-11,sold
13644,2023-02-11,sold
13645,2023-02-11,sold
13646,2023-02-11,sold
13647,2023-02-11,sold
13648,2023-02-12,sold
13649,2023-02-12,sold
13650,2023-02-12,sold
13651,2023-02-12,sold
13652,2023-02-12,sold
13653,2023-02-12,sold
13654,2023-02-12,sold
13655,2023-02-12,sold
13656,2023-02-12,sold
13657,2023-02-12,sold
13658,2023-02-12,sold
13659,2023-02-12,sold
13660,2023-02-13,sold
13661,2023-02-13,sold
13662,2023-02-13,sold
13663,2023-02-13,sold
13664,2023-02-13,sold
13665,2023-02-13,sold
13666,2023-02-13,sold
13667,2023-02-13,sold
13668,2023-02-13,sold
13669,2023-02-13,sold
13670,2023-02-13,sold
13671,2023-02-13,sold
13672,2023-02-14,sold
13673,2023-02-14,sold
13674,2023-02-14,defective
13675,2023-02-14,sold
13676,2023-02-14,sold
13677,2023-02-14,sold
13678,2023-02-14,sold
13679,2023-02-14,sold
13680,2023-02-14,sold
13681,2023-02-14,sold
13682,2023-02-14,sold
13683,2023-02-14,sold
13684,2023-02-15,sold
13685,2023-02-15,sold
13686,2023-02-15,sold
13687,2023-02-15,sold
13688,2023-02-15,sold
13689,2023-02-15,sold
13690,2023-02-15,sold
13691,2023-02-15,sold
13692,2023-02-15,sold
13693,2023-02-15,sold
13694,2023-02-15,sold
13695,2023-02-15,sold
13696,2023-02-16,sold
13697,2023-02-16,sold
13698,2023-02-16,sold
13699,2023-02-16,sold
13700,2023-02-16,sold
13701,2023-02-16,sold
13702,2023-02-16,sold
13703,2023-02-16,sold
13704,2023-02-16,sold
13705,2023-02-16,sold
13706,2023-02-16,sold
13707,2023-02-16,sold
13708,2023-02-17,sold
13709,2023-02-17,sold
13710,2023-02-17,sold
13711,2023-02-17,sold
13712,2023-02-17,defective
13713,2023-02-17,sold
13714,2023-02-17,sold
13715,2023-02-17,sold
13716,2023-02-17,sold
13717,2023-02-17,sold
13718,2023-02-17,sold
13719,2023-02-17,sold
13720,2023-02-18,sold
13721,2023-02-18,sold
13722,2023-02-18,sold
13723,2023-02-18,sold
13724,2023-02-18,sold
13725,2023-02-18,sold
13726,2023-02-18,sold
13727,2023-02-18,sold
13728,2023-02-18,sold
13729,2023-02-18,sold
13730,2023-02-18,sold
13731,2023-02-18,sold
13732,2023-02-19,sold
13733,2023-02-19,sold
13734,2023-02-19,sold
13735,2023-02-19,sold
13736,2023-02-19,sold
13737,2023-02-19,defective
13738,2023-02-19,sold
13739,2023-02-19,sold
13740,2023-02-19,sold
13741,2023-02-19,sold
13742,2023-02-19,sold
13743,2023-02-19,sold
13744,2023-02-20,sold
13745,2023-02-20,sold
13746,2023-02-20,sold
13747,2023-02-20,sold
13748,2023-02-20,sold
13749,2023-02-20,sold
13750,2023-02-20,sold
13751,2023-02-20,sold
13752,2023-02-20,sold
13753,2023-02-20,sold
13754,2023-02-20,sold
13755,2023-02-20,sold
13756,2023-02-21,sold
13757,2023-02-21,defective
13758,2023-02-21,sold
13759,2023-02-21,sold
13760,2023-02-21,sold
13761,2023-02-21,sold
13762,2023-02-21,sold
13763,2023-02-21,sold
13764,2023-02-21,sold
13765,2023-02-21,sold
13766,2023-02-21,sold
13767,2023-02-21,sold
13768,2023-02-22,sold
13769,2023-02-22,sold
13770,2023-02-22,sold
13771,2023-02-22,sold
13772,2023-02-22,sold
13773,2023-02-22,sold
13774,2023-02-22,sold
13775,2023-02-22,sold
13776,2023-02-22,sold
13777,2023-02-22,sold
13778,2023-02-22,sold
13779,2023-02-22,sold
13780,2023-02-23,sold
13781,2023-02-23,sold
13782,2023-02-23,sold
13783,2023-02-23,sold
13784,2023-02-23,sold
13785,2023-02-23,sold
13786,2023-02-23,sold
13787,2023-02-23,sold
13788,2023-02-23,sold
13789,2023-02-23,sold
13790,2023-02-23,sold
13791,2023-02-23,sold
13792,2023-02-24,sold
13793,2023-02-24,sold
13794,2023-02-24,sold
13795,2023-02-24,sold
13796,2023-02-24,sold
13797,2023-02-24,sold
13798,2023-02-24,sold
13799,2023-02-24,sold
13800,2023-02-24,sold
13801,2023-02-24,sold
13802,2023-02-24,sold
13803,2023-02-24,sold
13804,2023-02-25,sold
13805,2023-02-25,sold
13806,2023-02-25,sold
13807,2023-02-25,sold
13808,2023-02-25,sold
13809,2023-02-25,sold
13810,2023-02-25,sold
13811,2023-02-25,sold
13812,2023-02-25,sold
13813,2023-02-25,sold
13814,2023-02-25,sold
13815,2023-02-25,sold
13816,2023-02-26,sold
13817,2023-02-26,sold
13818,2023-02-26,sold
13819,2023-02-26,sold
13820,2023-02-26,sold
13821,2023-02-26,sold
13822,2023-02-26,sold
13823,2023-02-26,sold
13824,2023-02-26,sold
13825,2023-02-26,sold
13826,2023-02-26,sold
13827,2023-02-26,sold
13828,2023-02-27,sold
13829,2023-02-27,sold
13830,2023-02-27,sold
13831,2023-02-27,sold
13832,2023-02-27,sold
13833,2023-02-27,sold
13834,2023-02-27,sold
13835,2023-02-27,sold
13836,2023-02-27,sold
13837,2023-02-27,sold
13838,2023-02-27,sold
13839,2023-02-27,sold
13840,2023-02-28,sold
13841,2023-02-28,sold
13842,2023-02-28,sold
13843,2023-02-28,sold
13844,2023-02-28,defective
13845,2023-02-28,sold
13846,2023-02-28,sold
13847,2023-02-28,sold
13848,2023-02-28,sold
13849,2023-02-28,sold
13850,2023-02-28,sold
13851,2023-02-28,sold
13852,2023-03-01,sold
13853,2023-03-01,sold
13854,2023-03-01,sold
13855,2023-03-01,sold
13856,2023-03-01,sold
13857,2023-03-01,sold
13858,2023-03-01,defective
13859,2023-03-01,sold
13860,2023-03-01,sold
13861,2023-03-01,sold
13862,2023-03-01,sold
13863,2023-03-01,sold
13864,2023-03-02,defective
13865,2023-03-02,sold
13866,2023-03-02,sold
13867,2023-03-02,sold
13868,2023-03-02,sold
13869,2023-03-02,sold
13870,2023-03-02,sold
13871,2023-03-02,sold
13872,2023-03-02,sold
13873,2023-03-02,defective
13874,2023-03-02,sold
13875,2023-03-02,sold
13876,2023-03-03,sold
13877,2023-03-03,sold
13878,2023-03-03,sold
13879,2023-03-03,defective
13880,2023-03-03,sold
13881,2023-03-03,sold
13882,2023-03-03,sold
13883,2023-03-03,sold
13884,2023-03-03,sold
13885,2023-03-03,defective
13886,2023-03-03,sold
13887,2023-03-03,sold
13888,2023-03-04,sold
13889,2023-03-04,sold
13890,2023-03-04,sold
13891,2023-03-04,sold
13892,2023-03-04,sold
13893,2023-03-04,sold
13894,2023-03-04,sold
13895,2023-03-04,sold
13896,2023-03-04,sold
13897,2023-03-04,sold
13898,2023-03-04,sold
13899,2023-03-04,sold
13900,2023-03-05,sold
13901,2023-03-05,sold
13902,2023-03-05,sold
13903,2023-03-05,sold
13904,2023-03-05,sold
13905,2023-03-05,sold
13906,2023-03-05,sold
13907,2023-03-05,sold
13908,2023-03-05,sold
13909,2023-03-05,sold
13910,2023-03-05,sold
13911,2023-03-05,sold
13912,2023-03-06,sold
13913,2023-03-06,sold
13914,2023-03-06,sold
13915,2023-03-06,sold
13916,2023-03-06,sold
13917,2023-03-06,sold
13918,2023-03-06,sold
13919,2023-03-06,sold
13920,2023-03-06,sold
13921,2023-03-06,sold
13922,2023-03-06,sold
13923,2023-03-06,sold
13924,2023-03-07,sold
13925,2023-03-07,sold
13926,2023-03-07,sold
13927,2023-03-07,sold
13928,2023-03-07,sold
13929,2023-03-07,sold
13930,2023-03-07,sold
13931,2023-03-07,sold
13932,2023-03-07,sold
13933,2023-03-07,sold
13934,2023-03-07,sold
13935,2023-03-07,sold
13936,2023-03-08,sold
13937,2023-03-08,sold
13938,2023-03-08,sold
13939,2023-03-08,sold
13940,2023-03-08,sold
13941,2023-03-08,sold
13942,2023-03-08,sold
13943,2023-03-08,sold
13944,2023-03-08,sold
13945,2023-03-08,sold
13946,2023-03-08,sold
13947,2023-03-08,sold
13948,2023-03-09,sold
13949,2023-03-09,sold
13950,2023-03-09,sold
13951,2023-03-09,sold
13952,2023-03-09,sold
13953,2023-03-09,sold
13954,2023-03-09,sold
13955,2023-03-09,defective
13956,2023-03-09,defective
13957,2023-03-09,sold
13958,2023-03-09,sold
13959,2023-03-09,sold
13960,2023-03-10,sold
13961,2023-03-10,sold
13962,2023-03-10,sold
13963,2023-03-10,sold
13964,2023-03-10,sold
13965,2023-03-10,sold
13966,2023-03-10,sold
13967,2023-03-10,sold
13968,2023-03-10,sold
13969,2023-03-10,sold
13970,2023-03-10,sold
13971,2023-03-10,sold
13972,2023-03-11,sold
13973,2023-03-11,sold
13974,2023-03-11,sold
13975,2023-03-11,sold
13976,2023-03-11,sold
13977,2023-03-11,sold
13978,2023-03-11,sold
13979,2023-03-11,sold
13980,2023-03-11,sold
13981,2023-03-11,defective
13982,2023-03-11,sold
13983,2023-03-11,sold
13984,2023-03-12,sold
13985,2023-03-12,sold
13986,2023-03-12,sold
13987,2023-03-12,sold
13988,2023-03-12,sold
13989,2023-03-12,sold
13990,2023-03-12,sold
13991,2023-03-12,sold
13992,2023-03-12,sold
13993,2023-03-12,sold
13994,2023-03-12,sold
13995,2023-03-12,sold
13996,2023-03-13,sold
13997,2023-03-13,sold
13998,2023-03-13,sold
13999,2023-03-13,sold
14000,2023-03-13,sold
14001,2023-03-13,sold
14002,2023-03-13,defective
14003,2023-03-13,sold
14004,2023-03-13,sold
14005,2023-03-13,sold
14006,2023-03-13,sold
14007,2023-03-13,sold
14008,2023-03-14,sold
14009,2023-03-14,sold
14010,2023-03-14,sold
14011,2023-03-14,sold
14012,2023-03-14,sold
14013,2023-03-14,sold
14014,2023-03-14,sold
14015,2023-03-14,defective
14016,2023-03-14,sold
14017,2023-03-14,sold
14018,2023-03-14,sold
14019,2023-03-14,sold
14020,2023-03-15,sold
14021,2023-03-15,sold
14022,2023-03-15,sold
14023,2023-03-15,sold
14024,2023-03-15,sold
14025,2023-03-15,sold
14026,2023-03-15,sold
14027,2023-03-15,sold
14028,2023-03-15,sold
14029,2023-03-15,sold
14030,2023-03-15,sold
14031,2023-03-15,sold
14032,2023-03-16,sold
14033,2023-03-16,sold
14034,2023-03-16,sold
14035,2023-03-16,sold
14036,2023-03-16,sold
14037,2023-03-16,sold
14038,2023-03-16,sold
14039,2023-03-16,sold
14040,2023-03-16,sold
14041,2023-03-16,sold
14042,2023-03-16,sold
14043,2023-03-16,sold
14044,2023-03-17,sold
14045,2023-03-17,sold
14046,2023-03-17,defective
14047,2023-03-17,sold
14048,2023-03-17,sold
14049,2023-03-17,sold
14050,2023-03-17,sold
14051,2023-03-17,sold
14052,2023-03-17,sold
14053,2023-03-17,sold
14054,2023-03-17,sold
14055,2023-03-17,sold
14056,2023-03-18,sold
14057,2023-03-18,sold
14058,2023-03-18,sold
14059,2023-03-18,sold
14060,2023-03-18,sold
14061,2023-03-18,sold
14062,2023-03-18,sold
14063,2023-03-18,sold
14064,2023-03-18,sold
14065,2023-03-18,sold
14066,2023-03-18,sold
14067,2023-03-18,sold
14068,2023-03-19,sold
14069,2023-03-19,sold
14070,2023-03-19,defective
14071,2023-03-19,sold
14072,2023-03-19,sold
14073,2023-03-19,sold
14074,2023-03-19,sold
14075,2023-03-19,sold
14076,2023-03-19,sold
14077,2023-03-19,sold
14078,2023-03-19,sold
14079,2023-03-19,sold
14080,2023-03-20,sold
14081,2023-03-20,sold
14082,2023-03-20,sold
14083,2023-03-20,sold
14084,2023-03-20,sold
14085,2023-03-20,sold
14086,2023-03-20,sold
14087,2023-03-20,sold
14088,2023-03-20,sold
14089,2023-03-20,sold
14090,2023-03-20,sold
14091,2023-03-20,sold
14092,2023-03-21,sold
14093,2023-03-21,sold
14094,2023-03-21,defective
14095,2023-03-21,sold
14096,2023-03-21,sold
14097,2023-03-21,sold
14098,2023-03-21,sold
14099,2023-03-21,sold
14100,2023-03-21,sold
14101,2023-03-21,sold
14102,2023-03-21,sold
14103,2023-03-21,sold
14104,2023-03-22,sold
14105,2023-03-22,sold
14106,2023-03-22,sold
14107,2023-03-22,sold
14108,2023-03-22,sold
14109,2023-03-22,sold
14110,2023-03-22,sold
14111,2023-03-22,sold
14112,2023-03-22,sold
14113,2023-03-22,sold
14114,2023-03-22,sold
14115,2023-03-22,sold
14116,2023-03-23,sold
14117,2023-03-23,defective
14118,2023-03-23,sold
14119,2023-03-23,sold
14120,2023-03-23,sold
14121,2023-03-23,sold
14122,2023-03-23,sold
14123,2023-03-23,sold
14124,2023-03-23,sold
14125,2023-03-23,sold
14126,2023-03-23,sold
14127,2023-03-23,sold
14128,2023-03-24,sold
14129,2023-03-24,sold
14130,2023-03-24,sold
14131,2023-03-24,sold
14132,2023-03-24,sold
14133,2023-03-24,sold
14134,2023-03-24,sold
14135,2023-03-24,sold
14136,2023-03-24,sold
14137,2023-03-24,sold
14138,2023-03-24,sold
14139,2023-03-24,sold
14140,2023-03-25,sold
14141,2023-03-25,sold
14142,2023-03-25,sold
14143,2023-03-25,sold
14144,2023-03-25,sold
14145,2023-03-25,sold
14146,2023-03-25,defective
14147,2023-03-25,sold
14148,2023-03-25,sold
14149,2023-03-25,sold
14150,2023-03-25,sold
14151,2023-03-25,sold
14152,2023-03-26,sold
14153,2023-03-26,sold
14154,2023-03-26,sold
14155,2023-03-26,sold
14156,2023-03-26,sold
14157,2023-03-26,sold
14158,2023-03-26,sold
14159,2023-03-26,sold
14160,2023-03-26,sold
14161,2023-03-26,sold
14162,2023-03-26,sold
14163,2023-03-26,sold
14164,2023-03-27,defective
14165,2023-03-27,sold
14166,2023-03-27,sold
14167,2023-03-27,sold
14168,2023-03-27,sold
14169,2023-03-27,sold
14170,2023-03-27,sold
14171,2023-03-27,sold
14172,2023-03-27,sold
14173,2023-03-27,sold
14174,2023-03-27,sold
14175,2023-03-27,sold
14176,2023-03-28,sold
14177,2023-03-28,sold
14178,2023-03-28,sold
14179,2023-03-28,sold
14180,2023-03-28,sold
14181,2023-03-28,sold
14182,2023-03-28,sold
14183,2023-03-28,sold
14184,2023-03-28,defective
14185,2023-03-28,sold
14186,2023-03-28,sold
14187,2023-03-28,sold
14188,2023-03-29,sold
14189,2023-03-29,defective
14190,2023-03-29,sold
14191,2023-03-29,sold
14192,2023-03-29,sold
14193,2023-03-29,sold
14194,2023-03-29,sold
14195,2023-03-29,sold
14196,2023-03-29,sold
14197,2023-03-29,sold
14198,2023-03-29,sold
14199,2023-03-29,defective
14200,2023-03-30,defective
14201,2023-03-30,sold
14202,2023-03-30,sold
14203,2023-03-30,sold
14204,2023-03-30,sold
14205,2023-03-30,sold
14206,2023-03-30,sold
14207,2023-03-30,sold
14208,2023-03-30,sold
14209,2023-03-30,sold
14210,2023-03-30,sold
14211,2023-03-30,sold
14212,2023-03-31,sold
14213,2023-03-31,sold
14214,2023-03-31,sold
14215,2023-03-31,sold
14216,2023-03-31,sold
14217,2023-03-31,sold
14218,2023-03-31,sold
14219,2023-03-31,sold
14220,2023-03-31,sold
14221,2023-03-31,sold
14222,2023-03-31,sold
14223,2023-03-31,sold
14224,2023-04-01,sold
14225,2023-04-01,sold
14226,2023-04-01,sold
14227,2023-04-01,sold
14228,2023-04-01,sold
14229,2023-04-01,sold
14230,2023-04-01,sold
14231,2023-04-01,sold
14232,2023-04-01,sold
14233,2023-04-01,sold
14234,2023-04-01,sold
14235,2023-04-01,sold
14236,2023-04-02,sold
14237,2023-04-02,sold
14238,2023-04-02,sold
14239,2023-04-02,sold
14240,2023-04-02,sold
14241,2023-04-02,sold
14242,2023-04-02,sold
14243,2023-04-02,sold
14244,2023-04-02,sold
14245,2023-04-02,sold
14246,2023-04-02,sold
14247,2023-04-02,sold
14248,2023-04-03,sold
14249,2023-04-03,sold
14250,2023-04-03,sold
14251,2023-04-03,sold
14252,2023-04-03,sold
14253,2023-04-03,sold
14254,2023-04-03,sold
14255,2023-04-03,sold
14256,2023-04-03,sold
14257,2023-04-03,sold
14258,2023-04-03,sold
14259,2023-04-03,sold
14260,2023-04-04,sold
14261,2023-04-04,sold
14262,2023-04-04,sold
14263,2023-04-04,sold
14264,2023-04-04,sold
14265,2023-04-04,defective
14266,2023-04-04,sold
14267,2023-04-04,sold
14268,2023-04-04,sold
14269,2023-04-04,sold
14270,2023-04-04,sold
14271,2023-04-04,sold
14272,2023-04-05,sold
14273,2023-04-05,sold
14274,2023-04-05,sold
14275,2023-04-05,sold
14276,2023-04-05,sold
14277,2023-04-05,defective
14278,2023-04-05,sold
14279,2023-04-05,sold
14280,2023-04-05,sold
14281,2023-04-05,sold
14282,2023-04-05,sold
14283,2023-04-05,sold
14284,2023-04-06,sold
14285,2023-04-06,sold
14286,2023-04-06,sold
14287,2023-04-06,sold
14288,2023-04-06,sold
14289,2023-04-06,sold
14290,2023-04-06,sold
14291,2023-04-06,sold
14292,2023-04-06,sold
14293,2023-04-06,sold
14294,2023-04-06,sold
14295,2023-04-06,sold
14296,2023-04-07,sold
14297,2023-04-07,defective
14298,2023-04-07,sold
14299,2023-04-07,sold
14300,2023-04-07,sold
14301,2023-04-07,sold
14302,2023-04-07,sold
14303,2023-04-07,sold
14304,2023-04-07,sold
14305,2023-04-07,sold
14306,2023-04-07,sold
14307,2023-04-07,defective
14308,2023-04-08,sold
14309,2023-04-08,sold
14310,2023-04-08,sold
14311,2023-04-08,sold
14312,2023-04-08,sold
14313,2023-04-08,sold
14314,2023-04-08,defective
14315,2023-04-08,sold
14316,2023-04-08,sold
14317,2023-04-08,sold
14318,2023-04-08,sold
14319,2023-04-08,sold
14320,2023-04-09,sold
14321,2023-04-09,sold
14322,2023-04-09,sold
14323,2023-04-09,sold
14324,2023-04-09,sold
14325,2023-04-09,sold
14326,2023-04-09,sold
14327,2023-04-09,sold
14328,2023-04-09,sold
14329,2023-04-09,sold
14330,2023-04-09,sold
14331,2023-04-09,sold
14332,2023-04-10,sold
14333,2023-04-10,sold
14334,2023-04-10,sold
14335,2023-04-10,sold
14336,2023-04-10,sold
14337,2023-04-10,sold
14338,2023-04-10,sold
14339,2023-04-10,sold
14340,2023-04-10,sold
14341,2023-04-10,sold
14342,2023-04-10,sold
14343,2023-04-10,sold
14344,2023-04-11,sold
14345,2023-04-11,sold
14346,2023-04-11,sold
14347,2023-04-11,sold
14348,2023-04-11,sold
14349,2023-04-11,sold
14350,2023-04-11,sold
14351,2023-04-11,sold
14352,2023-04-11,sold
14353,2023-04-11,sold
14354,2023-04-11,sold
14355,2023-04-11,sold
14356,2023-04-12,sold
14357,2023-04-12,sold
14358,2023-04-12,sold
14359,2023-04-12,sold
14360,2023-04-12,defective
14361,2023-04-12,sold
14362,2023-04-12,sold
14363,2023-04-12,sold
14364,2023-04-12,sold
14365,2023-04-12,sold
14366,2023-04-12,sold
14367,2023-04-12,sold
14368,2023-04-13,sold
14369,2023-04-13,sold
14370,2023-04-13,sold
14371,2023-04-13,sold
14372,2023-04-13,sold
14373,2023-04-13,sold
14374,2023-04-13,sold
14375,2023-04-13,sold
14376,2023-04-13,sold
14377,2023-04-13,sold
14378,2023-04-13,sold
14379,2023-04-13,sold
14380,2023-04-14,sold
14381,2023-04-14,sold
14382,2023-04-14,sold
14383,2023-04-14,sold
14384,2023-04-14,sold
14385,2023-04-14,sold
14386,2023-04-14,sold
14387,2023-04-14,sold
14388,2023-04-14,sold
14389,2023-04-14,sold
14390,2023-04-14,sold
14391,2023-04-14,sold
14392,2023-04-15,sold
14393,2023-04-15,sold
14394,2023-04-15,sold
14395,2023-04-15,sold
14396,2023-04-15,sold
14397,2023-04-15,sold
14398,2023-04-15,sold
14399,2023-04-15,sold
14400,2023-04-15,sold
14401,2023-04-15,sold
14402,2023-04-15,sold
14403,2023-04-15,sold
14404,2023-04-16,sold
14405,2023-04-16,sold
14406,2023-04-16,sold
14407,2023-04-16,sold
14408,2023-04-16,sold
14409,2023-04-16,sold
14410,2023-04-16,sold
14411,2023-04-16,sold
14412,2023-04-16,sold
14413,2023-04-16,sold
14414,2023-04-16,sold
14415,2023-04-16,sold
14416,2023-04-17,sold
14417,2023-04-17,sold
14418,2023-04-17,sold
14419,2023-04-17,sold
14420,2023-04-17,sold
14421,2023-04-17,sold
14422,2023-04-17,sold
14423,2023-04-17,sold
14424,2023-04-17,sold
14425,2023-04-17,sold
14426,2023-04-17,sold
14427,2023-04-17,sold
14428,2023-04-18,sold
14429,2023-04-18,sold
14430,2023-04-18,sold
14431,2023-04-18,sold
14432,2023-04-18,sold
14433,2023-04-18,sold
14434,2023-04-18,sold
14435,2023-04-18,sold
14436,2023-04-18,sold
14437,2023-04-18,sold
14438,2023-04-18,sold
14439,2023-04-18,sold
14440,2023-04-19,sold
14441,2023-04-19,sold
14442,2023-04-19,sold
14443,2023-04-19,sold
14444,2023-04-19,defective
14445,2023-04-19,sold
14446,2023-04-19,sold
14447,2023-04-19,sold
14448,2023-04-19,sold
14449,2023-04-19,sold
14450,2023-04-19,sold
14451,2023-04-19,sold
14452,2023-04-20,sold
14453,2023-04-20,sold
14454,2023-04-20,sold
14455,2023-04-20,sold
14456,2023-04-20,sold
14457,2023-04-20,sold
14458,2023-04-20,sold
14459,2023-04-20,sold
14460,2023-04-20,sold
14461,2023-04-20,sold
14462,2023-04-20,sold
14463,2023-04-20,sold
14464,2023-04-21,sold
14465,2023-04-21,sold
14466,2023-04-21,sold
14467,2023-04-21,sold
14468,2023-04-21,sold
14469,2023-04-21,sold
14470,2023-04-21,sold
14471,2023-04-21,sold
14472,2023-04-21,sold
14473,2023-04-21,sold
14474,2023-04-21,sold
14475,2023-04-21,sold
14476,2023-04-22,sold
14477,2023-04-22,sold
14478,2023-04-22,sold
14479,2023-04-22,sold
14480,2023-04-22,sold
14481,2023-04-22,sold
14482,2023-04-22,sold
14483,2023-04-22,sold
14484,2023-04-22,sold
14485,2023-04-22,sold
14486,2023-04-22,sold
14487,2023-04-22,sold
14488,2023-04-23,sold
14489,2023-04-23,sold
14490,2023-04-23,sold
14491,2023-04-23,sold
14492,2023-04-23,sold
14493,2023-04-23,sold
14494,2023-04-23,sold
14495,2023-04-23,sold
14496,2023-04-23,sold
14497,2023-04-23,sold
14498,2023-04-23,sold
14499,2023-04-23,sold
14500,2023-04-24,defective
14501,2023-04-24,sold
14502,2023-04-24,sold
14503,2023-04-24,sold
14504,2023-04-24,sold
14505,2023-04-24,sold
14506,2023-04-24,sold
14507,2023-04-24,sold
14508,2023-04-24,sold
14509,2023-04-24,sold
14510,2023-04-24,sold
14511,2023-04-24,sold
14512,2023-04-25,sold
14513,2023-04-25,sold
14514,2023-04-25,sold
14515,2023-04-25,sold
14516,2023-04-25,sold
14517,2023-04-25,sold
14518,2023-04-25,sold
14519,2023-04-25,sold
14520,2023-04-25,sold
14521,2023-04-25,sold
14522,2023-04-25,sold
14523,2023-04-25,sold
14524,2023-04-26,sold
14525,2023-04-26,sold
14526,2023-04-26,sold
14527,2023-04-26,sold
14528,2023-04-26,sold
14529,2023-04-26,sold
14530,2023-04-26,sold
14531,2023-04-26,sold
14532,2023-04-26,sold
14533,2023-04-26,sold
14534,2023-04-26,sold
14535,2023-04-26,sold
14536,2023-04-27,sold
14537,2023-04-27,sold
14538,2023-04-27,sold
14539,2023-04-27,sold
14540,2023-04-27,sold
14541,2023-04-27,sold
14542,2023-04-27,sold
14543,2023-04-27,sold
14544,2023-04-27,sold
14545,2023-04-27,sold
14546,2023-04-27,sold
14547,2023-04-27,sold
14548,2023-04-28,sold
14549,2023-04-28,sold
14550,2023-04-28,sold
14551,2023-04-28,sold
14552,2023-04-28,sold
14553,2023-04-28,sold
14554,2023-04-28,sold
14555,2023-04-28,sold
14556,2023-04-28,sold
14557,2023-04-28,sold
14558,2023-04-28,sold
14559,2023-04-28,sold
14560,2023-04-29,sold
14561,2023-04-29,sold
14562,2023-04-29,sold
14563,2023-04-29,sold
14564,2023-04-29,sold
14565,2023-04-29,sold
14566,2023-04-29,sold
14567,2023-04-29,sold
14568,2023-04-29,sold
14569,2023-04-29,sold
14570,2023-04-29,sold
14571,2023-04-29,sold
14572,2023-04-30,defective
14573,2023-04-30,sold
14574,2023-04-30,sold
14575,2023-04-30,sold
14576,2023-04-30,sold
14577,2023-04-30,sold
14578,2023-04-30,sold
14579,2023-04-30,sold
14580,2023-04-30,sold
14581,2023-04-30,sold
14582,2023-04-30,sold
14583,2023-04-30,sold
14584,2023-05-01,sold
14585,2023-05-01,sold
14586,2023-05-01,sold
14587,2023-05-01,sold
14588,2023-05-01,sold
14589,2023-05-01,sold
14590,2023-05-01,sold
14591,2023-05-01,sold
14592,2023-05-01,sold
14593,2023-05-01,sold
14594,2023-05-01,sold
14595,2023-05-01,sold
14596,2023-05-02,sold
14597,2023-05-02,sold
14598,2023-05-02,sold
14599,2023-05-02,sold
14600,2023-05-02,sold
14601,2023-05-02,sold
14602,2023-05-02,sold
14603,2023-05-02,sold
14604,2023-05-02,sold
14605,2023-05-02,sold
14606,2023-05-02,sold
14607,2023-05-02,sold
14608,2023-05-03,sold
14609,2023-05-03,sold
14610,2023-05-03,sold
14611,2023-05-03,sold
14612,2023-05-03,sold
14613,2023-05-03,sold
14614,2023-05-03,sold
14615,2023-05-03,sold
14616,2023-05-03,sold
14617,2023-05-03,sold
14618,2023-05-03,sold
14619,2023-05-03,sold
14620,2023-05-04,sold
14621,2023-05-04,sold
14622,2023-05-04,sold
14623,2023-05-04,defective
14624,2023-05-04,sold
14625,2023-05-04,sold
14626,2023-05-04,sold
14627,2023-05-04,sold
14628,2023-05-04,sold
14629,2023-05-04,sold
14630,2023-05-04,sold
14631,2023-05-04,sold
14632,2023-05-05,sold
14633,2023-05-05,sold
14634,2023-05-05,sold
14635,2023-05-05,sold
14636,2023-05-05,sold
14637,2023-05-05,sold
14638,2023-05-05,sold
14639,2023-05-05,sold
14640,2023-05-05,sold
14641,2023-05-05,sold
14642,2023-05-05,sold
14643,2023-05-05,sold
14644,2023-05-06,sold
14645,2023-05-06,sold
14646,2023-05-06,sold
14647,2023-05-06,defective
14648,2023-05-06,sold
14649,2023-05-06,sold
14650,2023-05-06,sold
14651,2023-05-06,defective
14652,2023-05-06,sold
14653,2023-05-06,sold
14654,2023-05-06,sold
14655,2023-05-06,sold
14656,2023-05-07,sold
14657,2023-05-07,sold
14658,2023-05-07,sold
14659,2023-05-07,sold
14660,2023-05-07,sold
14661,2023-05-07,sold
14662,2023-05-07,sold
14663,2023-05-07,sold
14664,2023-05-07,sold
14665,2023-05-07,sold
14666,2023-05-07,sold
14667,2023-05-07,sold
14668,2023-05-08,sold
14669,2023-05-08,sold
14670,2023-05-08,sold
14671,2023-05-08,sold
14672,2023-05-08,defective
14673,2023-05-08,sold
14674,2023-05-08,sold
14675,2023-05-08,sold
14676,2023-05-08,sold
14677,2023-05-08,sold
14678,2023-05-08,sold
14679,2023-05-08,sold
14680,2023-05-09,sold
14681,2023-05-09,sold
14682,2023-05-09,sold
14683,2023-05-09,sold
14684,2023-05-09,sold
14685,2023-05-09,sold
14686,2023-05-09,sold
14687,2023-05-09,sold
14688,2023-05-09,sold
14689,2023-05-09,sold
14690,2023-05-09,sold
14691,2023-05-09,sold
14692,2023-05-10,sold
14693,2023-05-10,sold
14694,2023-05-10,sold
14695,2023-05-10,sold
14696,2023-05-10,sold
14697,2023-05-10,sold
14698,2023-05-10,sold
14699,2023-05-10,sold
14700,2023-05-10,sold
14701,2023-05-10,sold
14702,2023-05-10,sold
14703,2023-05-10,sold
14704,2023-05-11,sold
14705,2023-05-11,sold
14706,2023-05-11,sold
14707,2023-05-11,sold
14708,2023-05-11,sold
14709,2023-05-11,sold
14710,2023-05-11,sold
14711,2023-05-11,sold
14712,2023-05-11,sold
14713,2023-05-11,sold
14714,2023-05-11,sold
14715,2023-05-11,sold
14716,2023-05-12,sold
14717,2023-05-12,defective
14718,2023-05-12,sold
14719,2023-05-12,sold
14720,2023-05-12,sold
14721,2023-05-12,sold
14722,2023-05-12,defective
14723,2023-05-12,sold
14724,2023-05-12,sold
14725,2023-05-12,sold
14726,2023-05-12,sold
14727,2023-05-12,sold
14728,2023-05-13,sold
14729,2023-05-13,sold
14730,2023-05-13,sold
14731,2023-05-13,sold
14732,2023-05-13,sold
14733,2023-05-13,sold
14734,2023-05-13,sold
14735,2023-05-13,sold
14736,2023-05-13,sold
14737,2023-05-13,sold
14738,2023-05-13,sold
14739,2023-05-13,sold
14740,2023-05-14,sold
14741,2023-05-14,sold
14742,2023-05-14,sold
14743,2023-05-14,sold
14744,2023-05-14,sold
14745,2023-05-14,sold
14746,2023-05-14,defective
14747,2023-05-14,sold
14748,2023-05-14,sold
14749,2023-05-14,sold
14750,2023-05-14,sold
14751,2023-05-14,sold
14752,2023-05-15,sold
14753,2023-05-15,sold
14754,2023-05-15,sold
14755,2023-05-15,sold
14756,2023-05-15,defective
14757,2023-05-15,sold
14758,2023-05-15,sold
14759,2023-05-15,sold
14760,2023-05-15,sold
14761,2023-05-15,sold
14762,2023-05-15,sold
14763,2023-05-15,sold
14764,2023-05-16,sold
14765,2023-05-16,sold
14766,2023-05-16,sold
14767,2023-05-16,sold
14768,2023-05-16,sold
14769,2023-05-16,sold
14770,2023-05-16,sold
14771,2023-05-16,sold
14772,2023-05-16,sold
14773,2023-05-16,sold
14774,2023-05-16,sold
14775,2023-05-16,sold
14776,2023-05-17,sold
14777,2023-05-17,sold
14778,2023-05-17,sold
14779,2023-05-17,sold
14780,2023-05-17,sold
14781,2023-05-17,sold
14782,2023-05-17,sold
14783,2023-05-17,sold
14784,2023-05-17,sold
14785,2023-05-17,sold
14786,2023-05-17,sold
14787,2023-05-17,sold
14788,2023-05-18,sold
14789,2023-05-18,sold
14790,2023-05-18,sold
14791,2023-05-18,sold
14792,2023-05-18,sold
14793,2023-05-18,sold
14794,2023-05-18,sold
14795,2023-05-18,sold
14796,2023-05-18,sold
14797,2023-05-18,sold
14798,2023-05-18,sold
14799,2023-05-18,sold
14800,2023-05-19,sold
14801,2023-05-19,sold
14802,2023-05-19,sold
14803,2023-05-19,sold
14804,2023-05-19,sold
14805,2023-05-19,sold
14806,2023-05-19,sold
14807,2023-05-19,sold
14808,2023-05-19,sold
14809,2023-05-19,sold
14810,2023-05-19,sold
14811,2023-05-19,sold
14812,2023-05-20,sold
14813,2023-05-20,sold
14814,2023-05-20,sold
14815,2023-05-20,defective
14816,2023-05-20,sold
14817,2023-05-20,sold
14818,2023-05-20,sold
14819,2023-05-20,sold
14820,2023-05-20,sold
14821,2023-05-20,sold
14822,2023-05-20,sold
14823,2023-05-20,sold
14824,2023-05-21,sold
14825,2023-05-21,sold
14826,2023-05-21,sold
14827,2023-05-21,defective
14828,2023-05-21,sold
14829,2023-05-21,sold
14830,2023-05-21,sold
14831,2023-05-21,sold
14832,2023-05-21,sold
14833,2023-05-21,sold
14834,2023-05-21,sold
14835,2023-05-21,sold
14836,2023-05-22,sold
14837,2023-05-22,sold
14838,2023-05-22,sold
14839,2023-05-22,defective
14840,2023-05-22,sold
14841,2023-05-22,sold
14842,2023-05-22,sold
14843,2023-05-22,sold
14844,2023-05-22,sold
14845,2023-05-22,sold
14846,2023-05-22,sold
14847,2023-05-22,defective
14848,2023-05-23,sold
14849,2023-05-23,sold
14850,2023-05-23,sold
14851,2023-05-23,sold
14852,2023-05-23,sold
14853,2023-05-23,sold
14854,2023-05-23,sold
14855,2023-05-23,sold
14856,2023-05-23,sold
14857,2023-05-23,sold
14858,2023-05-23,sold
14859,2023-05-23,sold
14860,2023-05-24,sold
14861,2023-05-24,sold
14862,2023-05-24,sold
14863,2023-05-24,sold
14864,2023-05-24,sold
14865,2023-05-24,sold
14866,2023-05-24,sold
14867,2023-05-24,sold
14868,2023-05-24,sold
14869,2023-05-24,sold
14870,2023-05-24,sold
14871,2023-05-24,sold
14872,2023-05-25,sold
14873,2023-05-25,sold
14874,2023-05-25,sold
14875,2023-05-25,sold
14876,2023-05-25,sold
14877,2023-05-25,sold
14878,2023-05-25,defective
14879,2023-05-25,sold
14880,2023-05-25,sold
14881,2023-05-25,sold
14882,2023-05-25,sold
14883,2023-05-25,sold
14884,2023-05-26,defective
14885,2023-05-26,sold
14886,2023-05-26,sold
14887,2023-05-26,sold
14888,2023-05-26,sold
14889,2023-05-26,sold
14890,2023-05-26,sold
14891,2023-05-26,sold
14892,2023-05-26,sold
14893,2023-05-26,sold
14894,2023-05-26,sold
14895,2023-05-26,sold
14896,2023-05-27,sold
14897,2023-05-27,sold
14898,2023-05-27,sold
14899,2023-05-27,sold
14900,2023-05-27,sold
14901,2023-05-27,sold
14902,2023-05-27,sold
14903,2023-05-27,sold
14904,2023-05-27,sold
14905,2023-05-27,sold
14906,2023-05-27,sold
14907,2023-05-27,sold
14908,2023-05-28,sold
14909,2023-05-28,defective
14910,2023-05-28,defective
14911,2023-05-28,sold
14912,2023-05-28,sold
14913,2023-05-28,sold
14914,2023-05-28,sold
14915,2023-05-28,sold
14916,2023-05-28,sold
14917,2023-05-28,sold
14918,2023-05-28,sold
14919,2023-05-28,sold
14920,2023-05-29,defective
14921,2023-05-29,sold
14922,2023-05-29,sold
14923,2023-05-29,sold
14924,2023-05-29,sold
14925,2023-05-29,sold
14926,2023-05-29,sold
14927,2023-05-29,sold
14928,2023-05-29,sold
14929,2023-05-29,sold
14930,2023-05-29,sold
14931,2023-05-29,sold
14932,2023-05-30,defective
14933,2023-05-30,sold
14934,2023-05-30,sold
14935,2023-05-30,defective
14936,2023-05-30,sold
14937,2023-05-30,sold
14938,2023-05-30,sold
14939,2023-05-30,sold
14940,2023-05-30,sold
14941,2023-05-30,sold
14942,2023-05-30,sold
14943,2023-05-30,sold
14944,2023-05-31,sold
14945,2023-05-31,sold
14946,2023-05-31,sold
14947,2023-05-31,sold
14948,2023-05-31,sold
14949,2023-05-31,sold
14950,2023-05-31,sold
14951,2023-05-31,sold
14952,2023-05-31,sold
14953,2023-05-31,sold
14954,2023-05-31,sold
14955,2023-05-31,sold
14956,2023-06-01,sold
14957,2023-06-01,sold
14958,2023-06-01,sold
14959,2023-06-01,sold
14960,2023-06-01,sold
14961,2023-06-01,sold
14962,2023-06-01,sold
14963,2023-06-01,sold
14964,2023-06-01,sold
14965,2023-06-01,sold
14966,2023-06-01,sold
14967,2023-06-01,sold
14968,2023-06-02,sold
14969,2023-06-02,sold
14970,2023-06-02,sold
14971,2023-06-02,sold
14972,2023-06-02,sold
14973,2023-06-02,sold
14974,2023-06-02,sold
14975,2023-06-02,sold
14976,2023-06-02,defective
14977,2023-06-02,sold
14978,2023-06-02,sold
14979,2023-06-02,sold
14980,2023-06-03,sold
14981,2023-06-03,sold
14982,2023-06-03,sold
14983,2023-06-03,sold
14984,2023-06-03,sold
14985,2023-06-03,sold
14986,2023-06-03,sold
14987,2023-06-03,sold
14988,2023-06-03,sold
14989,2023-06-03,sold
14990,2023-06-03,sold
14991,2023-06-03,sold
14992,2023-06-04,defective
14993,2023-06-04,sold
14994,2023-06-04,sold
14995,2023-06-04,sold
14996,2023-06-04,sold
14997,2023-06-04,sold
14998,2023-06-04,sold
14999,2023-06-04,sold
15000,2023-06-04,sold
15001,2023-06-04,sold
15002,2023-06-04,sold
15003,2023-06-04,sold
15004,2023-06-05,sold
15005,2023-06-05,sold
15006,2023-06-05,sold
15007,2023-06-05,sold
15008,2023-06-05,sold
15009,2023-06-05,sold
15010,2023-06-05,sold
15011,2023-06-05,sold
15012,2023-06-05,sold
15013,2023-06-05,sold
15014,2023-06-05,sold
15015,2023-06-05,sold
15016,2023-06-06,sold
15017,2023-06-06,sold
15018,2023-06-06,sold
15019,2023-06-06,sold
15020,2023-06-06,sold
15021,2023-06-06,sold
15022,2023-06-06,sold
15023,2023-06-06,sold
15024,2023-06-06,sold
15025,2023-06-06,sold
15026,2023-06-06,defective
15027,2023-06-06,sold
15028,2023-06-07,sold
15029,2023-06-07,sold
15030,2023-06-07,sold
15031,2023-06-07,sold
15032,2023-06-07,sold
15033,2023-06-07,sold
15034,2023-06-07,sold
15035,2023-06-07,sold
15036,2023-06-07,sold
15037,2023-06-07,sold
15038,2023-06-07,sold
15039,2023-06-07,sold
15040,2023-06-08,sold
15041,2023-06-08,defective
15042,2023-06-08,sold
15043,2023-06-08,sold
15044,2023-06-08,sold
15045,2023-06-08,sold
15046,2023-06-08,sold
15047,2023-06-08,sold
15048,2023-06-08,sold
15049,2023-06-08,sold
15050,2023-06-08,sold
15051,2023-06-08,sold
15052,2023-06-09,sold
15053,2023-06-09,sold
15054,2023-06-09,sold
15055,2023-06-09,sold
15056,2023-06-09,sold
15057,2023-06-09,sold
15058,2023-06-09,sold
15059,2023-06-09,sold
15060,2023-06-09,sold
15061,2023-06-09,sold
15062,2023-06-09,sold
15063,2023-06-09,sold
15064,2023-06-10,sold
15065,2023-06-10,sold
15066,2023-06-10,sold
15067,2023-06-10,sold
15068,2023-06-10,sold
15069,2023-06-10,sold
15070,2023-06-10,sold
15071,2023-06-10,sold
15072,2023-06-10,sold
15073,2023-06-10,sold
15074,2023-06-10,defective
15075,2023-06-10,sold
15076,2023-06-11,sold
15077,2023-06-11,defective
15078,2023-06-11,defective
15079,2023-06-11,sold
15080,2023-06-11,sold
15081,2023-06-11,sold
15082,2023-06-11,sold
15083,2023-06-11,sold
15084,2023-06-11,sold
15085,2023-06-11,sold
15086,2023-06-11,sold
15087,2023-06-11,sold
15088,2023-06-12,defective
15089,2023-06-12,sold
15090,2023-06-12,sold
15091,2023-06-12,defective
15092,2023-06-12,sold
15093,2023-06-12,sold
15094,2023-06-12,defective
15095,2023-06-12,sold
15096,2023-06-12,sold
15097,2023-06-12,sold
15098,2023-06-12,sold
15099,2023-06-12,sold
15100,2023-06-13,defective
15101,2023-06-13,sold
15102,2023-06-13,sold
15103,2023-06-13,defective
15104,2023-06-13,sold
15105,2023-06-13,sold
15106,2023-06-13,sold
15107,2023-06-13,sold
15108,2023-06-13,sold
15109,2023-06-13,sold
15110,2023-06-13,sold
15111,2023-06-13,defective
15112,2023-06-14,sold
15113,2023-06-14,sold
15114,2023-06-14,defective
15115,2023-06-14,sold
15116,2023-06-14,sold
15117,2023-06-14,sold
15118,2023-06-14,sold
15119,2023-06-14,sold
15120,2023-06-14,sold
15121,2023-06-14,sold
15122,2023-06-14,sold
15123,2023-06-14,sold
15124,2023-06-15,sold
15125,2023-06-15,sold
15126,2023-06-15,sold
15127,2023-06-15,sold
15128,2023-06-15,sold
15129,2023-06-15,defective
15130,2023-06-15,sold
15131,2023-06-15,sold
15132,2023-06-15,sold
15133,2023-06-15,sold
15134,2023-06-15,defective
15135,2023-06-15,sold
15136,2023-06-16,defective
15137,2023-06-16,sold
15138,2023-06-16,sold
15139,2023-06-16,sold
15140,2023-06-16,sold
15141,2023-06-16,sold
15142,2023-06-16,sold
15143,2023-06-16,sold
15144,2023-06-16,sold
15145,2023-06-16,sold
15146,2023-06-16,sold
15147,2023-06-16,sold
15148,2023-06-17,sold
15149,2023-06-17,sold
15150,2023-06-17,sold
15151,2023-06-17,sold
15152,2023-06-17,defective
15153,2023-06-17,sold
15154,2023-06-17,sold
15155,2023-06-17,sold
15156,2023-06-17,sold
15157,2023-06-17,sold
15158,2023-06-17,sold
15159,2023-06-17,sold
15160,2023-06-18,sold
15161,2023-06-18,sold
15162,2023-06-18,sold
15163,2023-06-18,sold
15164,2023-06-18,sold
15165,2023-06-18,sold
15166,2023-06-18,sold
15167,2023-06-18,sold
15168,2023-06-18,defective
15169,2023-06-18,sold
15170,2023-06-18,defective
15171,2023-06-18,sold
15172,2023-06-19,sold
15173,2023-06-19,sold
15174,2023-06-19,sold
15175,2023-06-19,sold
15176,2023-06-19,sold
15177,2023-06-19,sold
15178,2023-06-19,sold
15179,2023-06-19,sold
15180,2023-06-19,sold
15181,2023-06-19,sold
15182,2023-06-19,sold
15183,2023-06-19,sold
15184,2023-06-20,sold
15185,2023-06-20,sold
15186,2023-06-20,sold
15187,2023-06-20,sold
15188,2023-06-20,sold
15189,2023-06-20,sold
15190,2023-06-20,sold
15191,2023-06-20,sold
15192,2023-06-20,sold
15193,2023-06-20,sold
15194,2023-06-20,sold
15195,2023-06-20,sold
15196,2023-06-21,sold
15197,2023-06-21,sold
15198,2023-06-21,sold
15199,2023-06-21,sold
15200,2023-06-21,sold
15201,2023-06-21,sold
15202,2023-06-21,sold
15203,2023-06-21,sold
15204,2023-06-21,sold
15205,2023-06-21,sold
15206,2023-06-21,sold
15207,2023-06-21,sold
15208,2023-06-22,sold
15209,2023-06-22,sold
15210,2023-06-22,sold
15211,2023-06-22,defective
15212,2023-06-22,sold
15213,2023-06-22,sold
15214,2023-06-22,sold
15215,2023-06-22,sold
15216,2023-06-22,sold
15217,2023-06-22,sold
15218,2023-06-22,sold
15219,2023-06-22,sold
15220,2023-06-23,sold
15221,2023-06-23,sold
15222,2023-06-23,sold
15223,2023-06-23,sold
15224,2023-06-23,sold
15225,2023-06-23,sold
15226,2023-06-23,sold
15227,2023-06-23,sold
15228,2023-06-23,sold
15229,2023-06-23,sold
15230,2023-06-23,sold
15231,2023-06-23,sold
15232,2023-06-24,sold
15233,2023-06-24,sold
15234,2023-06-24,sold
15235,2023-06-24,sold
15236,2023-06-24,sold
15237,2023-06-24,sold
15238,2023-06-24,sold
15239,2023-06-24,sold
15240,2023-06-24,sold
15241,2023-06-24,sold
15242,2023-06-24,sold
15243,2023-06-24,sold
15244,2023-06-25,sold
15245,2023-06-25,sold
15246,2023-06-25,sold
15247,2023-06-25,sold
15248,2023-06-25,sold
15249,2023-06-25,sold
15250,2023-06-25,sold
15251,2023-06-25,sold
15252,2023-06-25,sold
15253,2023-06-25,sold
15254,2023-06-25,defective
15255,2023-06-25,sold
15256,2023-06-26,sold
15257,2023-06-26,sold
15258,2023-06-26,sold
15259,2023-06-26,sold
15260,2023-06-26,sold
15261,2023-06-26,sold
15262,2023-06-26,defective
15263,2023-06-26,sold
15264,2023-06-26,sold
15265,2023-06-26,sold
15266,2023-06-26,sold
15267,2023-06-26,sold
15268,2023-06-27,sold
15269,2023-06-27,sold
15270,2023-06-27,sold
15271,2023-06-27,sold
15272,2023-06-27,sold
15273,2023-06-27,sold
15274,2023-06-27,sold
15275,2023-06-27,sold
15276,2023-06-27,sold
15277,2023-06-27,sold
15278,2023-06-27,sold
15279,2023-06-27,sold
15280,2023-06-28,sold
15281,2023-06-28,sold
15282,2023-06-28,sold
15283,2023-06-28,sold
15284,2023-06-28,sold
15285,2023-06-28,sold
15286,2023-06-28,sold
15287,2023-06-28,sold
15288,2023-06-28,sold
15289,2023-06-28,sold
15290,2023-06-28,sold
15291,2023-06-28,sold
15292,2023-06-29,sold
15293,2023-06-29,sold
15294,2023-06-29,sold
15295,2023-06-29,sold
15296,2023-06-29,sold
15297,2023-06-29,sold
15298,2023-06-29,sold
15299,2023-06-29,sold
15300,2023-06-29,sold
15301,2023-06-29,sold
15302,2023-06-29,sold
15303,2023-06-29,sold
15304,2023-06-30,sold
15305,2023-06-30,sold
15306,2023-06-30,sold
15307,2023-06-30,sold
15308,2023-06-30,sold
15309,2023-06-30,sold
15310,2023-06-30,sold
15311,2023-06-30,sold
15312,2023-06-30,sold
15313,2023-06-30,sold
15314,2023-06-30,sold
15315,2023-06-30,sold
15316,2023-07-01,sold
15317,2023-07-01,sold
15318,2023-07-01,sold
15319,2023-07-01,sold
15320,2023-07-01,sold
15321,2023-07-01,sold
15322,2023-07-01,sold
15323,2023-07-01,sold
15324,2023-07-01,sold
15325,2023-07-01,sold
15326,2023-07-01,sold
15327,2023-07-01,sold
15328,2023-07-02,sold
15329,2023-07-02,sold
15330,2023-07-02,sold
15331,2023-07-02,sold
15332,2023-07-02,sold
15333,2023-07-02,sold
15334,2023-07-02,sold
15335,2023-07-02,sold
15336,2023-07-02,sold
15337,2023-07-02,sold
15338,2023-07-02,sold
15339,2023-07-02,sold
15340,2023-07-03,sold
15341,2023-07-03,sold
15342,2023-07-03,sold
15343,2023-07-03,sold
15344,2023-07-03,sold
15345,2023-07-03,sold
15346,2023-07-03,sold
15347,2023-07-03,sold
15348,2023-07-03,sold
15349,2023-07-03,sold
15350,2023-07-03,defective
15351,2023-07-03,sold
15352,2023-07-04,sold
15353,2023-07-04,defective
15354,2023-07-04,sold
15355,2023-07-04,sold
15356,2023-07-04,sold
15357,2023-07-04,sold
15358,2023-07-04,sold
15359,2023-07-04,sold
15360,2023-07-04,sold
15361,2023-07-04,sold
15362,2023-07-04,defective
15363,2023-07-04,sold
15364,2023-07-05,sold
15365,2023-07-05,sold
15366,2023-07-05,sold
15367,2023-07-05,sold
15368,2023-07-05,sold
15369,2023-07-05,sold
15370,2023-07-05,sold
15371,2023-07-05,sold
15372,2023-07-05,sold
15373,2023-07-05,sold
15374,2023-07-05,sold
15375,2023-07-05,sold
15376,2023-07-06,sold
15377,2023-07-06,sold
15378,2023-07-06,sold
15379,2023-07-06,sold
15380,2023-07-06,sold
15381,2023-07-06,sold
15382,2023-07-06,sold
15383,2023-07-06,sold
15384,2023-07-06,sold
15385,2023-07-06,sold
15386,2023-07-06,sold
15387,2023-07-06,sold
15388,2023-07-07,sold
15389,2023-07-07,sold
15390,2023-07-07,sold
15391,2023-07-07,sold
15392,2023-07-07,sold
15393,2023-07-07,sold
15394,2023-07-07,sold
15395,2023-07-07,sold
15396,2023-07-07,sold
15397,2023-07-07,sold
15398,2023-07-07,sold
15399,2023-07-07,sold
15400,2023-07-08,sold
15401,2023-07-08,sold
15402,2023-07-08,sold
15403,2023-07-08,sold
15404,2023-07-08,sold
15405,2023-07-08,sold
15406,2023-07-08,sold
15407,2023-07-08,sold
15408,2023-07-08,sold
15409,2023-07-08,sold
15410,2023-07-08,sold
15411,2023-07-08,sold
15412,2023-07-09,sold
15413,2023-07-09,sold
15414,2023-07-09,sold
15415,2023-07-09,sold
15416,2023-07-09,sold
15417,2023-07-09,sold
15418,2023-07-09,sold
15419,2023-07-09,sold
15420,2023-07-09,sold
15421,2023-07-09,sold
15422,2023-07-09,sold
15423,2023-07-09,sold
15424,2023-07-10,sold
15425,2023-07-10,sold
15426,2023-07-10,sold
15427,2023-07-10,sold
15428,2023-07-10,sold
15429,2023-07-10,sold
15430,2023-07-10,sold
15431,2023-07-10,sold
15432,2023-07-10,sold
15433,2023-07-10,sold
15434,2023-07-10,sold
15435,2023-07-10,sold
15436,2023-07-11,sold
15437,2023-07-11,sold
15438,2023-07-11,sold
15439,2023-07-11,sold
15440,2023-07-11,sold
15441,2023-07-11,sold
15442,2023-07-11,sold
15443,2023-07-11,sold
15444,2023-07-11,sold
15445,2023-07-11,sold
15446,2023-07-11,sold
15447,2023-07-11,sold
15448,2023-07-12,sold
15449,2023-07-12,sold
15450,2023-07-12,sold
15451,2023-07-12,sold
15452,2023-07-12,sold
15453,2023-07-12,sold
15454,2023-07-12,sold
15455,2023-07-12,sold
15456,2023-07-12,sold
15457,2023-07-12,sold
15458,2023-07-12,sold
15459,2023-07-12,sold
15460,2023-07-13,sold
15461,2023-07-13,defective
15462,2023-07-13,sold
15463,2023-07-13,sold
15464,2023-07-13,sold
15465,2023-07-13,sold
15466,2023-07-13,sold
15467,2023-07-13,sold
15468,2023-07-13,sold
15469,2023-07-13,sold
15470,2023-07-13,sold
15471,2023-07-13,sold
15472,2023-07-14,sold
15473,2023-07-14,sold
15474,2023-07-14,sold
15475,2023-07-14,sold
15476,2023-07-14,sold
15477,2023-07-14,sold
15478,2023-07-14,sold
15479,2023-07-14,sold
15480,2023-07-14,defective
15481,2023-07-14,sold
15482,2023-07-14,sold
15483,2023-07-14,sold
15484,2023-07-15,sold
15485,2023-07-15,sold
15486,2023-07-15,sold
15487,2023-07-15,sold
15488,2023-07-15,sold
15489,2023-07-15,sold
15490,2023-07-15,sold
15491,2023-07-15,sold
15492,2023-07-15,sold
15493,2023-07-15,sold
15494,2023-07-15,sold
15495,2023-07-15,sold
15496,2023-07-16,sold
15497,2023-07-16,sold
15498,2023-07-16,sold
15499,2023-07-16,sold
15500,2023-07-16,sold
15501,2023-07-16,sold
15502,2023-07-16,defective
15503,2023-07-16,sold
15504,2023-07-16,sold
15505,2023-07-16,defective
15506,2023-07-16,sold
15507,2023-07-16,sold
15508,2023-07-17,sold
15509,2023-07-17,sold
15510,2023-07-17,sold
15511,2023-07-17,sold
15512,2023-07-17,sold
15513,2023-07-17,sold
15514,2023-07-17,sold
15515,2023-07-17,sold
15516,2023-07-17,sold
15517,2023-07-17,sold
15518,2023-07-17,sold
15519,2023-07-17,sold
15520,2023-07-18,sold
15521,2023-07-18,sold
15522,2023-07-18,sold
15523,2023-07-18,sold
15524,2023-07-18,sold
15525,2023-07-18,sold
15526,2023-07-18,sold
15527,2023-07-18,sold
15528,2023-07-18,sold
15529,2023-07-18,sold
15530,2023-07-18,sold
15531,2023-07-18,sold
15532,2023-07-19,sold
15533,2023-07-19,sold
15534,2023-07-19,sold
15535,2023-07-19,sold
15536,2023-07-19,sold
15537,2023-07-19,sold
15538,2023-07-19,sold
15539,2023-07-19,sold
15540,2023-07-19,sold
15541,2023-07-19,sold
15542,2023-07-19,sold
15543,2023-07-19,sold
15544,2023-07-20,sold
15545,2023-07-20,sold
15546,2023-07-20,sold
15547,2023-07-20,defective
15548,2023-07-20,sold
15549,2023-07-20,sold
15550,2023-07-20,sold
15551,2023-07-20,sold
15552,2023-07-20,sold
15553,2023-07-20,sold
15554,2023-07-20,sold
15555,2023-07-20,sold
15556,2023-07-21,sold
15557,2023-07-21,sold
15558,2023-07-21,sold
15559,2023-07-21,sold
15560,2023-07-21,sold
15561,2023-07-21,sold
15562,2023-07-21,sold
15563,2023-07-21,sold
15564,2023-07-21,sold
15565,2023-07-21,sold
15566,2023-07-21,sold
15567,2023-07-21,sold
15568,2023-07-22,sold
15569,2023-07-22,sold
15570,2023-07-22,sold
15571,2023-07-22,defective
15572,2023-07-22,sold
15573,2023-07-22,sold
15574,2023-07-22,sold
15575,2023-07-22,sold
15576,2023-07-22,sold
15577,2023-07-22,sold
15578,2023-07-22,sold
15579,2023-07-22,sold
15580,2023-07-23,sold
15581,2023-07-23,sold
15582,2023-07-23,sold
15583,2023-07-23,sold
15584,2023-07-23,sold
15585,2023-07-23,sold
15586,2023-07-23,sold
15587,2023-07-23,sold
15588,2023-07-23,sold
15589,2023-07-23,sold
15590,2023-07-23,sold
15591,2023-07-23,sold
15592,2023-07-24,sold
15593,2023-07-24,sold
15594,2023-07-24,sold
15595,2023-07-24,sold
15596,2023-07-24,sold
15597,2023-07-24,sold
15598,2023-07-24,sold
15599,2023-07-24,sold
15600,2023-07-24,sold
15601,2023-07-24,sold
15602,2023-07-24,sold
15603,2023-07-24,sold
15604,2023-07-25,sold
15605,2023-07-25,sold
15606,2023-07-25,sold
15607,2023-07-25,sold
15608,2023-07-25,sold
15609,2023-07-25,sold
15610,2023-07-25,sold
15611,2023-07-25,sold
15612,2023-07-25,sold
15613,2023-07-25,sold
15614,2023-07-25,sold
15615,2023-07-25,sold
15616,2023-07-26,sold
15617,2023-07-26,sold
15618,2023-07-26,sold
15619,2023-07-26,sold
15620,2023-07-26,sold
15621,2023-07-26,sold
15622,2023-07-26,sold
15623,2023-07-26,sold
15624,2023-07-26,sold
15625,2023-07-26,sold
15626,2023-07-26,sold
15627,2023-07-26,sold
15628,2023-07-27,defective
15629,2023-07-27,sold
15630,2023-07-27,sold
15631,2023-07-27,sold
15632,2023-07-27,sold
15633,2023-07-27,sold
15634,2023-07-27,sold
15635,2023-07-27,sold
15636,2023-07-27,sold
15637,2023-07-27,sold
15638,2023-07-27,sold
15639,2023-07-27,sold
15640,2023-07-28,sold
15641,2023-07-28,sold
15642,2023-07-28,defective
15643,2023-07-28,sold
15644,2023-07-28,sold
15645,2023-07-28,sold
15646,2023-07-28,sold
15647,2023-07-28,sold
15648,2023-07-28,sold
15649,2023-07-28,sold
15650,2023-07-28,sold
15651,2023-07-28,sold
15652,2023-07-29,sold
15653,2023-07-29,sold
15654,2023-07-29,sold
15655,2023-07-29,sold
15656,2023-07-29,defective
15657,2023-07-29,sold
15658,2023-07-29,sold
15659,2023-07-29,sold
15660,2023-07-29,defective
15661,2023-07-29,sold
15662,2023-07-29,sold
15663,2023-07-29,sold
15664,2023-07-30,sold
15665,2023-07-30,sold
15666,2023-07-30,sold
15667,2023-07-30,sold
15668,2023-07-30,sold
15669,2023-07-30,sold
15670,2023-07-30,sold
15671,2023-07-30,sold
15672,2023-07-30,sold
15673,2023-07-30,sold
15674,2023-07-30,sold
15675,2023-07-30,sold
15676,2023-07-31,sold
15677,2023-07-31,sold
15678,2023-07-31,sold
15679,2023-07-31,sold
15680,2023-07-31,sold
15681,2023-07-31,sold
15682,2023-07-31,sold
15683,2023-07-31,sold
15684,2023-07-31,sold
15685,2023-07-31,sold
15686,2023-07-31,sold
15687,2023-07-31,sold
15688,2023-08-01,sold
15689,2023-08-01,sold
15690,2023-08-01,sold
15691,2023-08-01,sold
15692,2023-08-01,sold
15693,2023-08-01,sold
15694,2023-08-01,sold
15695,2023-08-01,sold
15696,2023-08-01,sold
15697,2023-08-01,sold
15698,2023-08-01,sold
15699,2023-08-01,defective
15700,2023-08-02,sold
15701,2023-08-02,sold
15702,2023-08-02,sold
15703,2023-08-02,sold
15704,2023-08-02,sold
15705,2023-08-02,sold
15706,2023-08-02,sold
15707,2023-08-02,sold
15708,2023-08-02,sold
15709,2023-08-02,sold
15710,2023-08-02,sold
15711,2023-08-02,sold
15712,2023-08-03,sold
15713,2023-08-03,sold
15714,2023-08-03,sold
15715,2023-08-03,sold
15716,2023-08-03,sold
15717,2023-08-03,sold
15718,2023-08-03,sold
15719,2023-08-03,sold
15720,2023-08-03,sold
15721,2023-08-03,sold
15722,2023-08-03,sold
15723,2023-08-03,sold
15724,2023-08-04,sold
15725,2023-08-04,sold
15726,2023-08-04,sold
15727,2023-08-04,sold
15728,2023-08-04,defective
15729,2023-08-04,sold
15730,2023-08-04,sold
15731,2023-08-04,sold
15732,2023-08-04,sold
15733,2023-08-04,sold
15734,2023-08-04,sold
15735,2023-08-04,sold
15736,2023-08-05,sold
15737,2023-08-05,sold
15738,2023-08-05,sold
15739,2023-08-05,sold
15740,2023-08-05,sold
15741,2023-08-05,sold
15742,2023-08-05,sold
15743,2023-08-05,sold
15744,2023-08-05,sold
15745,2023-08-05,sold
15746,2023-08-05,defective
15747,2023-08-05,sold
15748,2023-08-06,sold
15749,2023-08-06,sold
15750,2023-08-06,sold
15751,2023-08-06,sold
15752,2023-08-06,sold
15753,2023-08-06,sold
15754,2023-08-06,sold
15755,2023-08-06,sold
15756,2023-08-06,sold
15757,2023-08-06,sold
15758,2023-08-06,sold
15759,2023-08-06,sold
15760,2023-08-07,sold
15761,2023-08-07,sold
15762,2023-08-07,sold
15763,2023-08-07,defective
15764,2023-08-07,sold
15765,2023-08-07,sold
15766,2023-08-07,sold
15767,2023-08-07,sold
15768,2023-08-07,sold
15769,2023-08-07,sold
15770,2023-08-07,sold
15771,2023-08-07,defective
15772,2023-08-08,sold
15773,2023-08-08,sold
15774,2023-08-08,sold
15775,2023-08-08,sold
15776,2023-08-08,sold
15777,2023-08-08,sold
15778,2023-08-08,sold
15779,2023-08-08,sold
15780,2023-08-08,sold
15781,2023-08-08,sold
15782,2023-08-08,sold
15783,2023-08-08,sold
15784,2023-08-09,sold
15785,2023-08-09,sold
15786,2023-08-09,sold
15787,2023-08-09,sold
15788,2023-08-09,sold
15789,2023-08-09,sold
15790,2023-08-09,sold
15791,2023-08-09,defective
15792,2023-08-09,sold
15793,2023-08-09,sold
15794,2023-08-09,sold
15795,2023-08-09,defective
15796,2023-08-10,sold
15797,2023-08-10,sold
15798,2023-08-10,sold
15799,2023-08-10,sold
15800,2023-08-10,sold
15801,2023-08-10,sold
15802,2023-08-10,sold
15803,2023-08-10,sold
15804,2023-08-10,sold
15805,2023-08-10,sold
15806,2023-08-10,sold
15807,2023-08-10,sold
15808,2023-08-11,sold
15809,2023-08-11,sold
15810,2023-08-11,sold
15811,2023-08-11,sold
15812,2023-08-11,sold
15813,2023-08-11,sold
15814,2023-08-11,sold
15815,2023-08-11,defective
15816,2023-08-11,sold
15817,2023-08-11,sold
15818,2023-08-11,sold
15819,2023-08-11,sold
15820,2023-08-12,sold
15821,2023-08-12,sold
15822,2023-08-12,sold
15823,2023-08-12,sold
15824,2023-08-12,sold
15825,2023-08-12,sold
15826,2023-08-12,sold
15827,2023-08-12,sold
15828,2023-08-12,sold
15829,2023-08-12,sold
15830,2023-08-12,defective
15831,2023-08-12,sold
15832,2023-08-13,sold
15833,2023-08-13,sold
15834,2023-08-13,sold
15835,2023-08-13,sold
15836,2023-08-13,sold
15837,2023-08-13,sold
15838,2023-08-13,sold
15839,2023-08-13,sold
15840,2023-08-13,sold
15841,2023-08-13,sold
15842,2023-08-13,sold
15843,2023-08-13,sold
15844,2023-08-14,sold
15845,2023-08-14,sold
15846,2023-08-14,sold
15847,2023-08-14,sold
15848,2023-08-14,defective
15849,2023-08-14,sold
15850,2023-08-14,sold
15851,2023-08-14,sold
15852,2023-08-14,sold
15853,2023-08-14,sold
15854,2023-08-14,sold
15855,2023-08-14,sold
15856,2023-08-15,sold
15857,2023-08-15,sold
15858,2023-08-15,sold
15859,2023-08-15,sold
15860,2023-08-15,sold
15861,2023-08-15,sold
15862,2023-08-15,sold
15863,2023-08-15,defective
15864,2023-08-15,sold
15865,2023-08-15,sold
15866,2023-08-15,sold
15867,2023-08-15,sold
15868,2023-08-16,sold
15869,2023-08-16,sold
15870,2023-08-16,sold
15871,2023-08-16,sold
15872,2023-08-16,sold
15873,2023-08-16,sold
15874,2023-08-16,sold
15875,2023-08-16,defective
15876,2023-08-16,sold
15877,2023-08-16,defective
15878,2023-08-16,sold
15879,2023-08-16,sold
15880,2023-08-17,sold
15881,2023-08-17,sold
15882,2023-08-17,sold
15883,2023-08-17,sold
15884,2023-08-17,sold
15885,2023-08-17,sold
15886,2023-08-17,sold
15887,2023-08-17,sold
15888,2023-08-17,sold
15889,2023-08-17,sold
15890,2023-08-17,sold
15891,2023-08-17,sold
15892,2023-08-18,sold
15893,2023-08-18,sold
15894,2023-08-18,sold
15895,2023-08-18,sold
15896,2023-08-18,sold
15897,2023-08-18,sold
15898,2023-08-18,sold
15899,2023-08-18,sold
15900,2023-08-18,sold
15901,2023-08-18,sold
15902,2023-08-18,sold
15903,2023-08-18,sold
15904,2023-08-19,defective
15905,2023-08-19,sold
15906,2023-08-19,defective
15907,2023-08-19,sold
15908,2023-08-19,sold
15909,2023-08-19,sold
15910,2023-08-19,sold
15911,2023-08-19,sold
15912,2023-08-19,sold
15913,2023-08-19,sold
15914,2023-08-19,sold
15915,2023-08-19,sold
15916,2023-08-20,sold
15917,2023-08-20,defective
15918,2023-08-20,sold
15919,2023-08-20,sold
15920,2023-08-20,sold
15921,2023-08-20,sold
15922,2023-08-20,defective
15923,2023-08-20,sold
15924,2023-08-20,sold
15925,2023-08-20,sold
15926,2023-08-20,sold
15927,2023-08-20,sold
15928,2023-08-21,sold
15929,2023-08-21,sold
15930,2023-08-21,sold
15931,2023-08-21,defective
15932,2023-08-21,sold
15933,2023-08-21,sold
15934,2023-08-21,sold
15935,2023-08-21,sold
15936,2023-08-21,sold
15937,2023-08-21,sold
15938,2023-08-21,sold
15939,2023-08-21,sold
15940,2023-08-22,sold
15941,2023-08-22,sold
15942,2023-08-22,sold
15943,2023-08-22,sold
15944,2023-08-22,sold
15945,2023-08-22,sold
15946,2023-08-22,sold
15947,2023-08-22,sold
15948,2023-08-22,sold
15949,2023-08-22,sold
15950,2023-08-22,sold
15951,2023-08-22,sold
15952,2023-08-23,sold
15953,2023-08-23,sold
15954,2023-08-23,sold
15955,2023-08-23,sold
15956,2023-08-23,sold
15957,2023-08-23,sold
15958,2023-08-23,sold
15959,2023-08-23,sold
15960,2023-08-23,sold
15961,2023-08-23,sold
15962,2023-08-23,sold
15963,2023-08-23,sold
15964,2023-08-24,sold
15965,2023-08-24,sold
15966,2023-08-24,sold
15967,2023-08-24,sold
15968,2023-08-24,sold
15969,2023-08-24,sold
15970,2023-08-24,sold
15971,2023-08-24,sold
15972,2023-08-24,sold
15973,2023-08-24,sold
15974,2023-08-24,sold
15975,2023-08-24,sold
15976,2023-08-25,sold
15977,2023-08-25,sold
15978,2023-08-25,sold
15979,2023-08-25,sold
15980,2023-08-25,sold
15981,2023-08-25,sold
15982,2023-08-25,sold
15983,2023-08-25,sold
15984,2023-08-25,sold
15985,2023-08-25,sold
15986,2023-08-25,sold
15987,2023-08-25,sold
15988,2023-08-26,sold
15989,2023-08-26,sold
15990,2023-08-26,sold
15991,2023-08-26,sold
15992,2023-08-26,sold
15993,2023-08-26,defective
15994,2023-08-26,sold
15995,2023-08-26,sold
15996,2023-08-26,sold
15997,2023-08-26,sold
15998,2023-08-26,sold
15999,2023-08-26,sold
16000,2023-08-27,sold
16001,2023-08-27,sold
16002,2023-08-27,sold
16003,2023-08-27,sold
16004,2023-08-27,sold
16005,2023-08-27,sold
16006,2023-08-27,defective
16007,2023-08-27,sold
16008,2023-08-27,sold
16009,2023-08-27,sold
16010,2023-08-27,sold
16011,2023-08-27,defective
16012,2023-08-28,sold
16013,2023-08-28,sold
16014,2023-08-28,sold
16015,2023-08-28,sold
16016,2023-08-28,sold
16017,2023-08-28,sold
16018,2023-08-28,sold
16019,2023-08-28,sold
16020,2023-08-28,sold
16021,2023-08-28,sold
16022,2023-08-28,sold
16023,2023-08-28,sold
16024,2023-08-29,sold
16025,2023-08-29,sold
16026,2023-08-29,sold
16027,2023-08-29,sold
16028,2023-08-29,sold
16029,2023-08-29,sold
16030,2023-08-29,sold
16031,2023-08-29,sold
16032,2023-08-29,sold
16033,2023-08-29,sold
16034,2023-08-29,sold
16035,2023-08-29,sold
16036,2023-08-30,sold
16037,2023-08-30,defective
16038,2023-08-30,sold
16039,2023-08-30,sold
16040,2023-08-30,sold
16041,2023-08-30,sold
16042,2023-08-30,sold
16043,2023-08-30,sold
16044,2023-08-30,sold
16045,2023-08-30,sold
16046,2023-08-30,sold
16047,2023-08-30,sold
16048,2023-08-31,sold
16049,2023-08-31,defective
16050,2023-08-31,sold
16051,2023-08-31,sold
16052,2023-08-31,sold
16053,2023-08-31,sold
16054,2023-08-31,sold
16055,2023-08-31,sold
16056,2023-08-31,sold
16057,2023-08-31,defective
16058,2023-08-31,sold
16059,2023-08-31,sold
16060,2023-09-01,sold
16061,2023-09-01,sold
16062,2023-09-01,sold
16063,2023-09-01,defective
16064,2023-09-01,defective
16065,2023-09-01,sold
16066,2023-09-01,sold
16067,2023-09-01,sold
16068,2023-09-01,sold
16069,2023-09-01,sold
16070,2023-09-01,sold
16071,2023-09-01,sold
16072,2023-09-02,sold
16073,2023-09-02,sold
16074,2023-09-02,sold
16075,2023-09-02,defective
16076,2023-09-02,sold
16077,2023-09-02,sold
16078,2023-09-02,sold
16079,2023-09-02,sold
16080,2023-09-02,sold
16081,2023-09-02,defective
16082,2023-09-02,sold
16083,2023-09-02,sold
16084,2023-09-03,sold
16085,2023-09-03,sold
16086,2023-09-03,sold
16087,2023-09-03,sold
16088,2023-09-03,sold
16089,2023-09-03,sold
16090,2023-09-03,sold
16091,2023-09-03,sold
16092,2023-09-03,sold
16093,2023-09-03,defective
16094,2023-09-03,defective
16095,2023-09-03,sold
16096,2023-09-04,sold
16097,2023-09-04,sold
16098,2023-09-04,defective
16099,2023-09-04,sold
16100,2023-09-04,sold
16101,2023-09-04,sold
16102,2023-09-04,sold
16103,2023-09-04,sold
16104,2023-09-04,sold
16105,2023-09-04,sold
16106,2023-09-04,sold
16107,2023-09-04,sold
16108,2023-09-05,defective
16109,2023-09-05,sold
16110,2023-09-05,sold
16111,2023-09-05,sold
16112,2023-09-05,sold
16113,2023-09-05,sold
16114,2023-09-05,sold
16115,2023-09-05,sold
16116,2023-09-05,sold
16117,2023-09-05,sold
16118,2023-09-05,sold
16119,2023-09-05,sold
16120,2023-09-06,sold
16121,2023-09-06,sold
16122,2023-09-06,sold
16123,2023-09-06,sold
16124,2023-09-06,sold
16125,2023-09-06,sold
16126,2023-09-06,sold
16127,2023-09-06,sold
16128,2023-09-06,sold
16129,2023-09-06,defective
16130,2023-09-06,sold
16131,2023-09-06,sold
16132,2023-09-07,sold
16133,2023-09-07,defective
16134,2023-09-07,sold
16135,2023-09-07,sold
16136,2023-09-07,sold
16137,2023-09-07,sold
16138,2023-09-07,sold
16139,2023-09-07,sold
16140,2023-09-07,sold
16141,2023-09-07,sold
16142,2023-09-07,sold
16143,2023-09-07,sold
16144,2023-09-08,sold
16145,2023-09-08,sold
16146,2023-09-08,sold
16147,2023-09-08,sold
16148,2023-09-08,sold
16149,2023-09-08,sold
16150,2023-09-08,defective
16151,2023-09-08,sold
16152,2023-09-08,sold
16153,2023-09-08,sold
16154,2023-09-08,sold
16155,2023-09-08,sold
16156,2023-09-09,sold
16157,2023-09-09,sold
16158,2023-09-09,sold
16159,2023-09-09,sold
16160,2023-09-09,sold
16161,2023-09-09,sold
16162,2023-09-09,sold
16163,2023-09-09,sold
16164,2023-09-09,sold
16165,2023-09-09,sold
16166,2023-09-09,sold
16167,2023-09-09,sold
16168,2023-09-10,sold
16169,2023-09-10,sold
16170,2023-09-10,sold
16171,2023-09-10,sold
16172,2023-09-10,sold
16173,2023-09-10,sold
16174,2023-09-10,sold
16175,2023-09-10,sold
16176,2023-09-10,sold
16177,2023-09-10,sold
16178,2023-09-10,sold
16179,2023-09-10,sold
16180,2023-09-11,sold
16181,2023-09-11,sold
16182,2023-09-11,sold
16183,2023-09-11,sold
16184,2023-09-11,sold
16185,2023-09-11,sold
16186,2023-09-11,sold
16187,2023-09-11,sold
16188,2023-09-11,sold
16189,2023-09-11,sold
16190,2023-09-11,sold
16191,2023-09-11,sold
16192,2023-09-12,sold
16193,2023-09-12,sold
16194,2023-09-12,sold
16195,2023-09-12,sold
16196,2023-09-12,sold
16197,2023-09-12,sold
16198,2023-09-12,sold
16199,2023-09-12,sold
16200,2023-09-12,sold
16201,2023-09-12,sold
16202,2023-09-12,sold
16203,2023-09-12,sold
16204,2023-09-13,sold
16205,2023-09-13,sold
16206,2023-09-13,sold
16207,2023-09-13,sold
16208,2023-09-13,sold
16209,2023-09-13,sold
16210,2023-09-13,sold
16211,2023-09-13,sold
16212,2023-09-13,sold
16213,2023-09-13,sold
16214,2023-09-13,sold
16215,2023-09-13,sold
16216,2023-09-14,sold
16217,2023-09-14,sold
16218,2023-09-14,sold
16219,2023-09-14,sold
16220,2023-09-14,sold
16221,2023-09-14,sold
16222,2023-09-14,sold
16223,2023-09-14,sold
16224,2023-09-14,sold
16225,2023-09-14,sold
16226,2023-09-14,sold
16227,2023-09-14,defective
16228,2023-09-15,sold
16229,2023-09-15,sold
16230,2023-09-15,sold
16231,2023-09-15,sold
16232,2023-09-15,sold
16233,2023-09-15,sold
16234,2023-09-15,defective
16235,2023-09-15,sold
16236,2023-09-15,sold
16237,2023-09-15,sold
16238,2023-09-15,sold
16239,2023-09-15,sold
16240,2023-09-16,sold
16241,2023-09-16,sold
16242,2023-09-16,sold
16243,2023-09-16,sold
16244,2023-09-16,sold
16245,2023-09-16,sold
16246,2023-09-16,sold
16247,2023-09-16,sold
16248,2023-09-16,sold
16249,2023-09-16,sold
16250,2023-09-16,sold
16251,2023-09-16,sold
16252,2023-09-17,sold
16253,2023-09-17,sold
16254,2023-09-17,sold
16255,2023-09-17,sold
16256,2023-09-17,sold
16257,2023-09-17,sold
16258,2023-09-17,sold
16259,2023-09-17,sold
16260,2023-09-17,sold
16261,2023-09-17,sold
16262,2023-09-17,sold
16263,2023-09-17,sold
16264,2023-09-18,sold
16265,2023-09-18,sold
16266,2023-09-18,sold
16267,2023-09-18,sold
16268,2023-09-18,sold
16269,2023-09-18,sold
16270,2023-09-18,sold
16271,2023-09-18,sold
16272,2023-09-18,sold
16273,2023-09-18,sold
16274,2023-09-18,sold
16275,2023-09-18,sold
16276,2023-09-19,sold
16277,2023-09-19,defective
16278,2023-09-19,sold
16279,2023-09-19,sold
16280,2023-09-19,sold
16281,2023-09-19,sold
16282,2023-09-19,defective
16283,2023-09-19,sold
16284,2023-09-19,sold
16285,2023-09-19,sold
16286,2023-09-19,defective
16287,2023-09-19,sold
16288,2023-09-20,sold
16289,2023-09-20,sold
16290,2023-09-20,sold
16291,2023-09-20,sold
16292,2023-09-20,sold
16293,2023-09-20,sold
16294,2023-09-20,sold
16295,2023-09-20,sold
16296,2023-09-20,sold
16297,2023-09-20,defective
16298,2023-09-20,sold
16299,2023-09-20,sold
16300,2023-09-21,sold
16301,2023-09-21,sold
16302,2023-09-21,sold
16303,2023-09-21,sold
16304,2023-09-21,sold
16305,2023-09-21,sold
16306,2023-09-21,sold
16307,2023-09-21,sold
16308,2023-09-21,sold
16309,2023-09-21,sold
16310,2023-09-21,sold
16311,2023-09-21,sold
16312,2023-09-22,sold
16313,2023-09-22,sold
16314,2023-09-22,sold
16315,2023-09-22,sold
16316,2023-09-22,sold
16317,2023-09-22,sold
16318,2023-09-22,sold
16319,2023-09-22,sold
16320,2023-09-22,sold
16321,2023-09-22,sold
16322,2023-09-22,sold
16323,2023-09-22,sold
16324,2023-09-23,sold
16325,2023-09-23,sold
16326,2023-09-23,sold
16327,2023-09-23,sold
16328,2023-09-23,sold
16329,2023-09-23,defective
16330,2023-09-23,sold
16331,2023-09-23,sold
16332,2023-09-23,sold
16333,2023-09-23,sold
16334,2023-09-23,sold
16335,2023-09-23,sold
16336,2023-09-24,sold
16337,2023-09-24,sold
16338,2023-09-24,sold
16339,2023-09-24,sold
16340,2023-09-24,sold
16341,2023-09-24,sold
16342,2023-09-24,sold
16343,2023-09-24,defective
16344,2023-09-24,sold
16345,2023-09-24,sold
16346,2023-09-24,sold
16347,2023-09-24,sold
16348,2023-09-25,sold
16349,2023-09-25,sold
16350,2023-09-25,sold
16351,2023-09-25,sold
16352,2023-09-25,defective
16353,2023-09-25,defective
16354,2023-09-25,sold
16355,2023-09-25,sold
16356,2023-09-25,sold
16357,2023-09-25,sold
16358,2023-09-25,sold
16359,2023-09-25,sold
16360,2023-09-26,sold
16361,2023-09-26,sold
16362,2023-09-26,sold
16363,2023-09-26,sold
16364,2023-09-26,sold
16365,2023-09-26,sold
16366,2023-09-26,sold
16367,2023-09-26,sold
16368,2023-09-26,sold
16369,2023-09-26,sold
16370,2023-09-26,sold
16371,2023-09-26,sold
16372,2023-09-27,sold
16373,2023-09-27,sold
16374,2023-09-27,sold
16375,2023-09-27,sold
16376,2023-09-27,sold
16377,2023-09-27,sold
16378,2023-09-27,sold
16379,2023-09-27,sold
16380,2023-09-27,sold
16381,2023-09-27,sold
16382,2023-09-27,sold
16383,2023-09-27,sold
16384,2023-09-28,defective
16385,2023-09-28,sold
16386,2023-09-28,sold
16387,2023-09-28,sold
16388,2023-09-28,sold
16389,2023-09-28,sold
16390,2023-09-28,sold
16391,2023-09-28,sold
16392,2023-09-28,sold
16393,2023-09-28,sold
16394,2023-09-28,sold
16395,2023-09-28,sold
16396,2023-09-29,sold
16397,2023-09-29,sold
16398,2023-09-29,sold
16399,2023-09-29,sold
16400,2023-09-29,sold
16401,2023-09-29,defective
16402,2023-09-29,sold
16403,2023-09-29,sold
16404,2023-09-29,sold
16405,2023-09-29,sold
16406,2023-09-29,sold
16407,2023-09-29,defective
16408,2023-09-30,defective
16409,2023-09-30,sold
16410,2023-09-30,sold
16411,2023-09-30,sold
16412,2023-09-30,sold
16413,2023-09-30,sold
16414,2023-09-30,sold
16415,2023-09-30,sold
16416,2023-09-30,sold
16417,2023-09-30,sold
16418,2023-09-30,sold
16419,2023-09-30,sold
16420,2023-10-01,sold
16421,2023-10-01,sold
16422,2023-10-01,sold
16423,2023-10-01,sold
16424,2023-10-01,sold
16425,2023-10-01,sold
16426,2023-10-01,sold
16427,2023-10-01,sold
16428,2023-10-01,sold
16429,2023-10-01,sold
16430,2023-10-01,sold
16431,2023-10-01,sold
16432,2023-10-02,sold
16433,2023-10-02,defective
16434,2023-10-02,sold
16435,2023-10-02,sold
16436,2023-10-02,sold
16437,2023-10-02,sold
16438,2023-10-02,sold
16439,2023-10-02,defective
16440,2023-10-02,sold
16441,2023-10-02,sold
16442,2023-10-02,sold
16443,2023-10-02,sold
16444,2023-10-03,sold
16445,2023-10-03,sold
16446,2023-10-03,sold
16447,2023-10-03,sold
16448,2023-10-03,sold
16449,2023-10-03,sold
16450,2023-10-03,sold
16451,2023-10-03,sold
16452,2023-10-03,sold
16453,2023-10-03,sold
16454,2023-10-03,sold
16455,2023-10-03,sold
16456,2023-10-04,sold
16457,2023-10-04,sold
16458,2023-10-04,sold
16459,2023-10-04,sold
16460,2023-10-04,sold
16461,2023-10-04,sold
16462,2023-10-04,sold
16463,2023-10-04,sold
16464,2023-10-04,sold
16465,2023-10-04,sold
16466,2023-10-04,sold
16467,2023-10-04,sold
16468,2023-10-05,sold
16469,2023-10-05,sold
16470,2023-10-05,sold
16471,2023-10-05,sold
16472,2023-10-05,sold
16473,2023-10-05,sold
16474,2023-10-05,sold
16475,2023-10-05,sold
16476,2023-10-05,sold
16477,2023-10-05,sold
16478,2023-10-05,sold
16479,2023-10-05,sold
16480,2023-10-06,sold
16481,2023-10-06,sold
16482,2023-10-06,sold
16483,2023-10-06,sold
16484,2023-10-06,sold
16485,2023-10-06,sold
16486,2023-10-06,sold
16487,2023-10-06,sold
16488,2023-10-06,sold
16489,2023-10-06,sold
16490,2023-10-06,sold
16491,2023-10-06,sold
16492,2023-10-07,sold
16493,2023-10-07,sold
16494,2023-10-07,sold
16495,2023-10-07,sold
16496,2023-10-07,defective
16497,2023-10-07,sold
16498,2023-10-07,sold
16499,2023-10-07,sold
16500,2023-10-07,sold
16501,2023-10-07,sold
16502,2023-10-07,sold
16503,2023-10-07,sold
16504,2023-10-08,sold
16505,2023-10-08,sold
16506,2023-10-08,sold
16507,2023-10-08,sold
16508,2023-10-08,sold
16509,2023-10-08,sold
16510,2023-10-08,sold
16511,2023-10-08,sold
16512,2023-10-08,sold
16513,2023-10-08,sold
16514,2023-10-08,sold
16515,2023-10-08,sold
16516,2023-10-09,sold
16517,2023-10-09,sold
16518,2023-10-09,sold
16519,2023-10-09,sold
16520,2023-10-09,sold
16521,2023-10-09,sold
16522,2023-10-09,sold
16523,2023-10-09,sold
16524,2023-10-09,sold
16525,2023-10-09,sold
16526,2023-10-09,sold
16527,2023-10-09,sold
16528,2023-10-10,sold
16529,2023-10-10,sold
16530,2023-10-10,sold
16531,2023-10-10,sold
16532,2023-10-10,sold
16533,2023-10-10,sold
16534,2023-10-10,sold
16535,2023-10-10,sold
16536,2023-10-10,sold
16537,2023-10-10,sold
16538,2023-10-10,sold
16539,2023-10-10,sold
16540,2023-10-11,defective
16541,2023-10-11,sold
16542,2023-10-11,sold
16543,2023-10-11,sold
16544,2023-10-11,sold
16545,2023-10-11,defective
16546,2023-10-11,sold
16547,2023-10-11,sold
16548,2023-10-11,sold
16549,2023-10-11,sold
16550,2023-10-11,sold
16551,2023-10-11,sold
16552,2023-10-12,sold
16553,2023-10-12,sold
16554,2023-10-12,sold
16555,2023-10-12,sold
16556,2023-10-12,sold
16557,2023-10-12,defective
16558,2023-10-12,sold
16559,2023-10-12,sold
16560,2023-10-12,sold
16561,2023-10-12,sold
16562,2023-10-12,defective
16563,2023-10-12,sold
16564,2023-10-13,sold
16565,2023-10-13,sold
16566,2023-10-13,sold
16567,2023-10-13,sold
16568,2023-10-13,sold
16569,2023-10-13,sold
16570,2023-10-13,sold
16571,2023-10-13,sold
16572,2023-10-13,sold
16573,2023-10-13,sold
16574,2023-10-13,sold
16575,2023-10-13,sold
16576,2023-10-14,sold
16577,2023-10-14,sold
16578,2023-10-14,sold
16579,2023-10-14,defective
16580,2023-10-14,sold
16581,2023-10-14,sold
16582,2023-10-14,sold
16583,2023-10-14,sold
16584,2023-10-14,sold
16585,2023-10-14,sold
16586,2023-10-14,sold
16587,2023-10-14,sold
16588,2023-10-15,sold
16589,2023-10-15,sold
16590,2023-10-15,sold
16591,2023-10-15,sold
16592,2023-10-15,sold
16593,2023-10-15,sold
16594,2023-10-15,sold
16595,2023-10-15,sold
16596,2023-10-15,sold
16597,2023-10-15,sold
16598,2023-10-15,sold
16599,2023-10-15,sold
16600,2023-10-16,sold
16601,2023-10-16,sold
16602,2023-10-16,sold
16603,2023-10-16,sold
16604,2023-10-16,sold
16605,2023-10-16,sold
16606,2023-10-16,sold
16607,2023-10-16,sold
16608,2023-10-16,defective
16609,2023-10-16,sold
16610,2023-10-16,sold
16611,2023-10-16,sold
16612,2023-10-17,sold
16613,2023-10-17,sold
16614,2023-10-17,sold
16615,2023-10-17,sold
16616,2023-10-17,sold
16617,2023-10-17,sold
16618,2023-10-17,sold
16619,2023-10-17,sold
16620,2023-10-17,sold
16621,2023-10-17,sold
16622,2023-10-17,sold
16623,2023-10-17,sold
16624,2023-10-18,sold
16625,2023-10-18,sold
16626,2023-10-18,sold
16627,2023-10-18,sold
16628,2023-10-18,sold
16629,2023-10-18,sold
16630,2023-10-18,sold
16631,2023-10-18,defective
16632,2023-10-18,sold
16633,2023-10-18,sold
16634,2023-10-18,sold
16635,2023-10-18,sold
16636,2023-10-19,sold
16637,2023-10-19,sold
16638,2023-10-19,sold
16639,2023-10-19,sold
16640,2023-10-19,sold
16641,2023-10-19,sold
16642,2023-10-19,sold
16643,2023-10-19,sold
16644,2023-10-19,sold
16645,2023-10-19,sold
16646,2023-10-19,sold
16647,2023-10-19,sold
16648,2023-10-20,sold
16649,2023-10-20,sold
16650,2023-10-20,sold
16651,2023-10-20,sold
16652,2023-10-20,sold
16653,2023-10-20,sold
16654,2023-10-20,sold
16655,2023-10-20,sold
16656,2023-10-20,sold
16657,2023-10-20,sold
16658,2023-10-20,sold
16659,2023-10-20,sold
16660,2023-10-21,sold
16661,2023-10-21,sold
16662,2023-10-21,sold
16663,2023-10-21,sold
16664,2023-10-21,sold
16665,2023-10-21,sold
16666,2023-10-21,sold
16667,2023-10-21,sold
16668,2023-10-21,sold
16669,2023-10-21,sold
16670,2023-10-21,sold
16671,2023-10-21,sold
16672,2023-10-22,sold
16673,2023-10-22,sold
16674,2023-10-22,sold
16675,2023-10-22,sold
16676,2023-10-22,sold
16677,2023-10-22,sold
16678,2023-10-22,sold
16679,2023-10-22,sold
16680,2023-10-22,sold
16681,2023-10-22,sold
16682,2023-10-22,sold
16683,2023-10-22,sold
16684,2023-10-23,sold
16685,2023-10-23,sold
16686,2023-10-23,sold
16687,2023-10-23,sold
16688,2023-10-23,sold
16689,2023-10-23,sold
16690,2023-10-23,sold
16691,2023-10-23,sold
16692,2023-10-23,sold
16693,2023-10-23,sold
16694,2023-10-23,sold
16695,2023-10-23,sold
16696,2023-10-24,sold
16697,2023-10-24,sold
16698,2023-10-24,sold
16699,2023-10-24,sold
16700,2023-10-24,sold
16701,2023-10-24,sold
16702,2023-10-24,sold
16703,2023-10-24,sold
16704,2023-10-24,sold
16705,2023-10-24,sold
16706,2023-10-24,sold
16707,2023-10-24,defective
16708,2023-10-25,sold
16709,2023-10-25,sold
16710,2023-10-25,sold
16711,2023-10-25,sold
16712,2023-10-25,sold
16713,2023-10-25,sold
16714,2023-10-25,sold
16715,2023-10-25,sold
16716,2023-10-25,sold
16717,2023-10-25,sold
16718,2023-10-25,sold
16719,2023-10-25,sold
16720,2023-10-26,sold
16721,2023-10-26,sold
16722,2023-10-26,sold
16723,2023-10-26,sold
16724,2023-10-26,sold
16725,2023-10-26,sold
16726,2023-10-26,sold
16727,2023-10-26,sold
16728,2023-10-26,defective
16729,2023-10-26,defective
16730,2023-10-26,sold
16731,2023-10-26,sold
16732,2023-10-27,sold
16733,2023-10-27,sold
16734,2023-10-27,sold
16735,2023-10-27,sold
16736,2023-10-27,sold
16737,2023-10-27,sold
16738,2023-10-27,sold
16739,2023-10-27,sold
16740,2023-10-27,sold
16741,2023-10-27,sold
16742,2023-10-27,defective
16743,2023-10-27,sold
16744,2023-10-28,sold
16745,2023-10-28,sold
16746,2023-10-28,sold
16747,2023-10-28,sold
16748,2023-10-28,sold
16749,2023-10-28,sold
16750,2023-10-28,sold
16751,2023-10-28,sold
16752,2023-10-28,sold
16753,2023-10-28,sold
16754,2023-10-28,defective
16755,2023-10-28,sold
16756,2023-10-29,sold
16757,2023-10-29,sold
16758,2023-10-29,sold
16759,2023-10-29,sold
16760,2023-10-29,sold
16761,2023-10-29,sold
16762,2023-10-29,sold
16763,2023-10-29,sold
16764,2023-10-29,sold
16765,2023-10-29,sold
16766,2023-10-29,sold
16767,2023-10-29,sold
16768,2023-10-30,sold
16769,2023-10-30,sold
16770,2023-10-30,sold
16771,2023-10-30,sold
16772,2023-10-30,sold
16773,2023-10-30,sold
16774,2023-10-30,sold
16775,2023-10-30,sold
16776,2023-10-30,sold
16777,2023-10-30,sold
16778,2023-10-30,sold
16779,2023-10-30,sold
16780,2023-10-31,sold
16781,2023-10-31,sold
16782,2023-10-31,sold
16783,2023-10-31,sold
16784,2023-10-31,sold
16785,2023-10-31,sold
16786,2023-10-31,sold
16787,2023-10-31,sold
16788,2023-10-31,sold
16789,2023-10-31,sold
16790,2023-10-31,defective
16791,2023-10-31,sold
16792,2023-11-01,sold
16793,2023-11-01,sold
16794,2023-11-01,sold
16795,2023-11-01,sold
16796,2023-11-01,sold
16797,2023-11-01,sold
16798,2023-11-01,sold
16799,2023-11-01,sold
16800,2023-11-01,sold
16801,2023-11-01,sold
16802,2023-11-01,sold
16803,2023-11-01,sold
16804,2023-11-02,sold
16805,2023-11-02,sold
16806,2023-11-02,sold
16807,2023-11-02,sold
16808,2023-11-02,sold
16809,2023-11-02,sold
16810,2023-11-02,sold
16811,2023-11-02,defective
16812,2023-11-02,sold
16813,2023-11-02,sold
16814,2023-11-02,sold
16815,2023-11-02,sold
16816,2023-11-03,sold
16817,2023-11-03,sold
16818,2023-11-03,sold
16819,2023-11-03,sold
16820,2023-11-03,sold
16821,2023-11-03,sold
16822,2023-11-03,sold
16823,2023-11-03,sold
16824,2023-11-03,sold
16825,2023-11-03,sold
16826,2023-11-03,sold
16827,2023-11-03,sold
16828,2023-11-04,sold
16829,2023-11-04,sold
16830,2023-11-04,sold
16831,2023-11-04,sold
16832,2023-11-04,sold
16833,2023-11-04,defective
16834,2023-11-04,sold
16835,2023-11-04,sold
16836,2023-11-04,sold
16837,2023-11-04,sold
16838,2023-11-04,sold
16839,2023-11-04,sold
16840,2023-11-05,sold
16841,2023-11-05,sold
16842,2023-11-05,sold
16843,2023-11-05,sold
16844,2023-11-05,sold
16845,2023-11-05,sold
16846,2023-11-05,sold
16847,2023-11-05,sold
16848,2023-11-05,sold
16849,2023-11-05,sold
16850,2023-11-05,sold
16851,2023-11-05,sold
16852,2023-11-06,sold
16853,2023-11-06,sold
16854,2023-11-06,sold
16855,2023-11-06,sold
16856,2023-11-06,sold
16857,2023-11-06,sold
16858,2023-11-06,sold
16859,2023-11-06,sold
16860,2023-11-06,sold
16861,2023-11-06,sold
16862,2023-11-06,sold
16863,2023-11-06,sold
16864,2023-11-07,sold
16865,2023-11-07,sold
16866,2023-11-07,sold
16867,2023-11-07,sold
16868,2023-11-07,sold
16869,2023-11-07,sold
16870,2023-11-07,sold
16871,2023-11-07,sold
16872,2023-11-07,sold
16873,2023-11-07,sold
16874,2023-11-07,sold
16875,2023-11-07,sold
16876,2023-11-08,sold
16877,2023-11-08,sold
16878,2023-11-08,sold
16879,2023-11-08,sold
16880,2023-11-08,sold
16881,2023-11-08,sold
16882,2023-11-08,sold
16883,2023-11-08,sold
16884,2023-11-08,sold
16885,2023-11-08,sold
16886,2023-11-08,sold
16887,2023-11-08,sold
16888,2023-11-09,sold
16889,2023-11-09,sold
16890,2023-11-09,sold
16891,2023-11-09,sold
16892,2023-11-09,sold
16893,2023-11-09,sold
16894,2023-11-09,sold
16895,2023-11-09,sold
16896,2023-11-09,sold
16897,2023-11-09,defective
16898,2023-11-09,sold
16899,2023-11-09,sold
16900,2023-11-10,sold
16901,2023-11-10,sold
16902,2023-11-10,sold
16903,2023-11-10,sold
16904,2023-11-10,sold
16905,2023-11-10,sold
16906,2023-11-10,sold
16907,2023-11-10,sold
16908,2023-11-10,sold
16909,2023-11-10,sold
16910,2023-11-10,sold
16911,2023-11-10,sold
16912,2023-11-11,sold
16913,2023-11-11,sold
16914,2023-11-11,sold
16915,2023-11-11,defective
16916,2023-11-11,sold
16917,2023-11-11,sold
16918,2023-11-11,sold
16919,2023-11-11,defective
16920,2023-11-11,sold
16921,2023-11-11,defective
16922,2023-11-11,sold
16923,2023-11-11,sold
16924,2023-11-12,defective
16925,2023-11-12,sold
16926,2023-11-12,sold
16927,2023-11-12,sold
16928,2023-11-12,sold
16929,2023-11-12,sold
16930,2023-11-12,sold
16931,2023-11-12,sold
16932,2023-11-12,sold
16933,2023-11-12,sold
16934,2023-11-12,defective
16935,2023-11-12,sold
16936,2023-11-13,sold
16937,2023-11-13,sold
16938,2023-11-13,sold
16939,2023-11-13,sold
16940,2023-11-13,sold
16941,2023-11-13,sold
16942,2023-11-13,sold
16943,2023-11-13,sold
16944,2023-11-13,sold
16945,2023-11-13,sold
16946,2023-11-13,sold
16947,2023-11-13,sold
16948,2023-11-14,sold
16949,2023-11-14,sold
16950,2023-11-14,sold
16951,2023-11-14,sold
16952,2023-11-14,sold
16953,2023-11-14,sold
16954,2023-11-14,sold
16955,2023-11-14,sold
16956,2023-11-14,sold
16957,2023-11-14,sold
16958,2023-11-14,sold
16959,2023-11-14,sold
16960,2023-11-15,sold
16961,2023-11-15,sold
16962,2023-11-15,sold
16963,2023-11-15,sold
16964,2023-11-15,sold
16965,2023-11-15,sold
16966,2023-11-15,sold
16967,2023-11-15,sold
16968,2023-11-15,sold
16969,2023-11-15,defective
16970,2023-11-15,sold
16971,2023-11-15,sold
16972,2023-11-16,sold
16973,2023-11-16,sold
16974,2023-11-16,sold
16975,2023-11-16,defective
16976,2023-11-16,sold
16977,2023-11-16,sold
16978,2023-11-16,sold
16979,2023-11-16,sold
16980,2023-11-16,sold
16981,2023-11-16,sold
16982,2023-11-16,defective
16983,2023-11-16,sold
16984,2023-11-17,sold
16985,2023-11-17,sold
16986,2023-11-17,sold
16987,2023-11-17,sold
16988,2023-11-17,sold
16989,2023-11-17,sold
16990,2023-11-17,sold
16991,2023-11-17,sold
16992,2023-11-17,sold
16993,2023-11-17,sold
16994,2023-11-17,sold
16995,2023-11-17,sold
16996,2023-11-18,sold
16997,2023-11-18,sold
16998,2023-11-18,sold
16999,2023-11-18,sold
17000,2023-11-18,sold
17001,2023-11-18,sold
17002,2023-11-18,defective
17003,2023-11-18,sold
17004,2023-11-18,sold
17005,2023-11-18,sold
17006,2023-11-18,sold
17007,2023-11-18,sold
17008,2023-11-19,sold
17009,2023-11-19,sold
17010,2023-11-19,sold
17011,2023-11-19,sold
17012,2023-11-19,sold
17013,2023-11-19,sold
17014,2023-11-19,sold
17015,2023-11-19,sold
17016,2023-11-19,sold
17017,2023-11-19,sold
17018,2023-11-19,sold
17019,2023-11-19,sold
17020,2023-11-20,sold
17021,2023-11-20,sold
17022,2023-11-20,defective
17023,2023-11-20,sold
17024,2023-11-20,sold
17025,2023-11-20,sold
17026,2023-11-20,sold
17027,2023-11-20,sold
17028,2023-11-20,sold
17029,2023-11-20,sold
17030,2023-11-20,sold
17031,2023-11-20,sold
17032,2023-11-21,sold
17033,2023-11-21,sold
17034,2023-11-21,sold
17035,2023-11-21,sold
17036,2023-11-21,sold
17037,2023-11-21,sold
17038,2023-11-21,sold
17039,2023-11-21,sold
17040,2023-11-21,sold
17041,2023-11-21,sold
17042,2023-11-21,sold
17043,2023-11-21,sold
17044,2023-11-22,sold
17045,2023-11-22,sold
17046,2023-11-22,sold
17047,2023-11-22,sold
17048,2023-11-22,sold
17049,2023-11-22,sold
17050,2023-11-22,sold
17051,2023-11-22,sold
17052,2023-11-22,sold
17053,2023-11-22,sold
17054,2023-11-22,sold
17055,2023-11-22,sold
17056,2023-11-23,sold
17057,2023-11-23,sold
17058,2023-11-23,sold
17059,2023-11-23,sold
17060,2023-11-23,sold
17061,2023-11-23,defective
17062,2023-11-23,sold
17063,2023-11-23,sold
17064,2023-11-23,sold
17065,2023-11-23,sold
17066,2023-11-23,sold
17067,2023-11-23,sold
17068,2023-11-24,sold
17069,2023-11-24,sold
17070,2023-11-24,sold
17071,2023-11-24,sold
17072,2023-11-24,sold
17073,2023-11-24,sold
17074,2023-11-24,sold
17075,2023-11-24,sold
17076,2023-11-24,sold
17077,2023-11-24,sold
17078,2023-11-24,sold
17079,2023-11-24,sold
17080,2023-11-25,defective
17081,2023-11-25,sold
17082,2023-11-25,sold
17083,2023-11-25,sold
17084,2023-11-25,sold
17085,2023-11-25,sold
17086,2023-11-25,sold
17087,2023-11-25,sold
17088,2023-11-25,sold
17089,2023-11-25,sold
17090,2023-11-25,sold
17091,2023-11-25,defective
17092,2023-11-26,sold
17093,2023-11-26,sold
17094,2023-11-26,sold
17095,2023-11-26,sold
17096,2023-11-26,sold
17097,2023-11-26,sold
17098,2023-11-26,sold
17099,2023-11-26,sold
17100,2023-11-26,sold
17101,2023-11-26,sold
17102,2023-11-26,sold
17103,2023-11-26,sold
17104,2023-11-27,defective
17105,2023-11-27,sold
17106,2023-11-27,sold
17107,2023-11-27,sold
17108,2023-11-27,sold
17109,2023-11-27,sold
17110,2023-11-27,sold
17111,2023-11-27,sold
17112,2023-11-27,defective
17113,2023-11-27,sold
17114,2023-11-27,sold
17115,2023-11-27,sold
17116,2023-11-28,sold
17117,2023-11-28,defective
17118,2023-11-28,sold
17119,2023-11-28,sold
17120,2023-11-28,sold
17121,2023-11-28,sold
17122,2023-11-28,sold
17123,2023-11-28,sold
17124,2023-11-28,sold
17125,2023-11-28,sold
17126,2023-11-28,sold
17127,2023-11-28,defective
17128,2023-11-29,sold
17129,2023-11-29,sold
17130,2023-11-29,sold
17131,2023-11-29,sold
17132,2023-11-29,sold
17133,2023-11-29,sold
17134,2023-11-29,sold
17135,2023-11-29,sold
17136,2023-11-29,sold
17137,2023-11-29,sold
17138,2023-11-29,sold
17139,2023-11-29,sold
17140,2023-11-30,sold
17141,2023-11-30,sold
17142,2023-11-30,sold
17143,2023-11-30,sold
17144,2023-11-30,sold
17145,2023-11-30,sold
17146,2023-11-30,sold
17147,2023-11-30,sold
17148,2023-11-30,sold
17149,2023-11-30,sold
17150,2023-11-30,sold
17151,2023-11-30,sold
17152,2023-12-01,sold
17153,2023-12-01,sold
17154,2023-12-01,sold
17155,2023-12-01,sold
17156,2023-12-01,sold
17157,2023-12-01,sold
17158,2023-12-01,sold
17159,2023-12-01,sold
17160,2023-12-01,sold
17161,2023-12-01,sold
17162,2023-12-01,sold
17163,2023-12-01,sold
17164,2023-12-02,sold
17165,2023-12-02,sold
17166,2023-12-02,sold
17167,2023-12-02,sold
17168,2023-12-02,sold
17169,2023-12-02,sold
17170,2023-12-02,sold
17171,2023-12-02,sold
17172,2023-12-02,sold
17173,2023-12-02,sold
17174,2023-12-02,sold
17175,2023-12-02,sold
17176,2023-12-03,sold
17177,2023-12-03,sold
17178,2023-12-03,sold
17179,2023-12-03,sold
17180,2023-12-03,sold
17181,2023-12-03,sold
17182,2023-12-03,sold
17183,2023-12-03,sold
17184,2023-12-03,sold
17185,2023-12-03,sold
17186,2023-12-03,sold
17187,2023-12-03,sold
17188,2023-12-04,sold
17189,2023-12-04,sold
17190,2023-12-04,sold
17191,2023-12-04,sold
17192,2023-12-04,sold
17193,2023-12-04,sold
17194,2023-12-04,sold
17195,2023-12-04,sold
17196,2023-12-04,sold
17197,2023-12-04,sold
17198,2023-12-04,sold
17199,2023-12-04,sold
17200,2023-12-05,sold
17201,2023-12-05,sold
17202,2023-12-05,sold
17203,2023-12-05,sold
17204,2023-12-05,sold
17205,2023-12-05,sold
17206,2023-12-05,sold
17207,2023-12-05,sold
17208,2023-12-05,sold
17209,2023-12-05,defective
17210,2023-12-05,sold
17211,2023-12-05,sold
17212,2023-12-06,sold
17213,2023-12-06,sold
17214,2023-12-06,sold
17215,2023-12-06,sold
17216,2023-12-06,sold
17217,2023-12-06,sold
17218,2023-12-06,sold
17219,2023-12-06,sold
17220,2023-12-06,sold
17221,2023-12-06,sold
17222,2023-12-06,sold
17223,2023-12-06,sold
17224,2023-12-07,sold
17225,2023-12-07,sold
17226,2023-12-07,sold
17227,2023-12-07,sold
17228,2023-12-07,sold
17229,2023-12-07,sold
17230,2023-12-07,sold
17231,2023-12-07,defective
17232,2023-12-07,sold
17233,2023-12-07,sold
17234,2023-12-07,sold
17235,2023-12-07,sold
17236,2023-12-08,sold
17237,2023-12-08,sold
17238,2023-12-08,sold
17239,2023-12-08,sold
17240,2023-12-08,sold
17241,2023-12-08,sold
17242,2023-12-08,sold
17243,2023-12-08,sold
17244,2023-12-08,sold
17245,2023-12-08,sold
17246,2023-12-08,sold
17247,2023-12-08,sold
17248,2023-12-09,sold
17249,2023-12-09,sold
17250,2023-12-09,sold
17251,2023-12-09,sold
17252,2023-12-09,sold
17253,2023-12-09,sold
17254,2023-12-09,sold
17255,2023-12-09,sold
17256,2023-12-09,sold
17257,2023-12-09,sold
17258,2023-12-09,sold
17259,2023-12-09,sold
17260,2023-12-10,defective
17261,2023-12-10,sold
17262,2023-12-10,sold
17263,2023-12-10,sold
17264,2023-12-10,sold
17265,2023-12-10,defective
17266,2023-12-10,sold
17267,2023-12-10,sold
17268,2023-12-10,sold
17269,2023-12-10,sold
17270,2023-12-10,sold
17271,2023-12-10,sold
17272,2023-12-11,sold
17273,2023-12-11,sold
17274,2023-12-11,sold
17275,2023-12-11,sold
17276,2023-12-11,sold
17277,2023-12-11,sold
17278,2023-12-11,sold
17279,2023-12-11,sold
17280,2023-12-11,sold
17281,2023-12-11,sold
17282,2023-12-11,sold
17283,2023-12-11,sold
17284,2023-12-12,sold
17285,2023-12-12,sold
17286,2023-12-12,sold
17287,2023-12-12,sold
17288,2023-12-12,sold
17289,2023-12-12,sold
17290,2023-12-12,sold
17291,2023-12-12,sold
17292,2023-12-12,sold
17293,2023-12-12,sold
17294,2023-12-12,sold
17295,2023-12-12,sold
17296,2023-12-13,sold
17297,2023-12-13,sold
17298,2023-12-13,sold
17299,2023-12-13,sold
17300,2023-12-13,sold
17301,2023-12-13,sold
17302,2023-12-13,sold
17303,2023-12-13,sold
17304,2023-12-13,sold
17305,2023-12-13,sold
17306,2023-12-13,sold
17307,2023-12-13,sold
17308,2023-12-14,sold
17309,2023-12-14,sold
17310,2023-12-14,sold
17311,2023-12-14,sold
17312,2023-12-14,sold
17313,2023-12-14,sold
17314,2023-12-14,sold
17315,2023-12-14,sold
17316,2023-12-14,sold
17317,2023-12-14,sold
17318,2023-12-14,sold
17319,2023-12-14,sold
17320,2023-12-15,sold
17321,2023-12-15,sold
17322,2023-12-15,sold
17323,2023-12-15,sold
17324,2023-12-15,sold
17325,2023-12-15,sold
17326,2023-12-15,sold
17327,2023-12-15,sold
17328,2023-12-15,sold
17329,2023-12-15,sold
17330,2023-12-15,sold
17331,2023-12-15,sold
17332,2023-12-16,sold
17333,2023-12-16,sold
17334,2023-12-16,sold
17335,2023-12-16,sold
17336,2023-12-16,sold
17337,2023-12-16,sold
17338,2023-12-16,sold
17339,2023-12-16,sold
17340,2023-12-16,sold
17341,2023-12-16,sold
17342,2023-12-16,sold
17343,2023-12-16,sold
17344,2023-12-17,sold
17345,2023-12-17,sold
17346,2023-12-17,sold
17347,2023-12-17,sold
17348,2023-12-17,sold
17349,2023-12-17,sold
17350,2023-12-17,defective
17351,2023-12-17,sold
17352,2023-12-17,sold
17353,2023-12-17,sold
17354,2023-12-17,sold
17355,2023-12-17,sold
17356,2023-12-18,sold
17357,2023-12-18,sold
17358,2023-12-18,sold
17359,2023-12-18,sold
17360,2023-12-18,sold
17361,2023-12-18,sold
17362,2023-12-18,sold
17363,2023-12-18,sold
17364,2023-12-18,sold
17365,2023-12-18,sold
17366,2023-12-18,sold
17367,2023-12-18,sold
17368,2023-12-19,sold
17369,2023-12-19,defective
17370,2023-12-19,sold
17371,2023-12-19,sold
17372,2023-12-19,sold
17373,2023-12-19,sold
17374,2023-12-19,sold
17375,2023-12-19,sold
17376,2023-12-19,sold
17377,2023-12-19,sold
17378,2023-12-19,sold
17379,2023-12-19,sold
17380,2023-12-20,sold
17381,2023-12-20,sold
17382,2023-12-20,sold
17383,2023-12-20,sold
17384,2023-12-20,sold
17385,2023-12-20,sold
17386,2023-12-20,sold
17387,2023-12-20,sold
17388,2023-12-20,sold
17389,2023-12-20,sold
17390,2023-12-20,sold
17391,2023-12-20,sold
17392,2023-12-21,sold
17393,2023-12-21,sold
17394,2023-12-21,sold
17395,2023-12-21,sold
17396,2023-12-21,sold
17397,2023-12-21,sold
17398,2023-12-21,sold
17399,2023-12-21,sold
17400,2023-12-21,sold
17401,2023-12-21,sold
17402,2023-12-21,sold
17403,2023-12-21,sold
17404,2023-12-22,sold
17405,2023-12-22,sold
17406,2023-12-22,defective
17407,2023-12-22,sold
17408,2023-12-22,sold
17409,2023-12-22,sold
17410,2023-12-22,sold
17411,2023-12-22,sold
17412,2023-12-22,sold
17413,2023-12-22,defective
17414,2023-12-22,sold
17415,2023-12-22,sold
17416,2023-12-23,sold
17417,2023-12-23,sold
17418,2023-12-23,sold
17419,2023-12-23,sold
17420,2023-12-23,sold
17421,2023-12-23,sold
17422,2023-12-23,sold
17423,2023-12-23,sold
17424,2023-12-23,sold
17425,2023-12-23,sold
17426,2023-12-23,sold
17427,2023-12-23,sold
17428,2023-12-24,sold
17429,2023-12-24,sold
17430,2023-12-24,sold
17431,2023-12-24,sold
17432,2023-12-24,sold
17433,2023-12-24,sold
17434,2023-12-24,sold
17435,2023-12-24,sold
17436,2023-12-24,sold
17437,2023-12-24,sold
17438,2023-12-24,sold
17439,2023-12-24,sold
17440,2023-12-25,sold
17441,2023-12-25,sold
17442,2023-12-25,sold
17443,2023-12-25,sold
17444,2023-12-25,sold
17445,2023-12-25,sold
17446,2023-12-25,sold
17447,2023-12-25,sold
17448,2023-12-25,sold
17449,2023-12-25,sold
17450,2023-12-25,sold
17451,2023-12-25,sold
17452,2023-12-26,sold
17453,2023-12-26,sold
17454,2023-12-26,sold
17455,2023-12-26,sold
17456,2023-12-26,sold
17457,2023-12-26,sold
17458,2023-12-26,sold
17459,2023-12-26,sold
17460,2023-12-26,sold
17461,2023-12-26,sold
17462,2023-12-26,sold
17463,2023-12-26,sold
17464,2023-12-27,sold
17465,2023-12-27,sold
17466,2023-12-27,sold
17467,2023-12-27,sold
17468,2023-12-27,sold
17469,2023-12-27,sold
17470,2023-12-27,sold
17471,2023-12-27,sold
17472,2023-12-27,sold
17473,2023-12-27,sold
17474,2023-12-27,sold
17475,2023-12-27,sold
17476,2023-12-28,sold
17477,2023-12-28,sold
17478,2023-12-28,sold
17479,2023-12-28,sold
17480,2023-12-28,sold
17481,2023-12-28,sold
17482,2023-12-28,sold
17483,2023-12-28,sold
17484,2023-12-28,sold
17485,2023-12-28,sold
17486,2023-12-28,sold
17487,2023-12-28,defective
17488,2023-12-29,sold
17489,2023-12-29,sold
17490,2023-12-29,defective
17491,2023-12-29,sold
17492,2023-12-29,sold
17493,2023-12-29,sold
17494,2023-12-29,sold
17495,2023-12-29,sold
17496,2023-12-29,sold
17497,2023-12-29,sold
17498,2023-12-29,sold
17499,2023-12-29,sold
17500,2023-12-30,sold
17501,2023-12-30,sold
17502,2023-12-30,sold
17503,2023-12-30,sold
17504,2023-12-30,sold
17505,2023-12-30,sold
17506,2023-12-30,sold
17507,2023-12-30,sold
17508,2023-12-30,sold
17509,2023-12-30,sold
17510,2023-12-30,sold
17511,2023-12-30,sold
17512,2023-12-31,sold
17513,2023-12-31,sold
17514,2023-12-31,sold
17515,2023-12-31,sold
17516,2023-12-31,sold
17517,2023-12-31,sold
17518,2023-12-31,sold
17519,2023-12-31,sold
17520,2023-12-31,sold
17521,2023-12-31,defective
17522,2023-12-31,sold
17523,2023-12-31,sold
17524,2024-01-01,sold
17525,2024-01-01,sold
17526,2024-01-01,sold
17527,2024-01-01,sold
17528,2024-01-01,available
17529,2024-01-01,available
17530,2024-01-01,sold
17531,2024-01-01,sold
17532,2024-01-01,sold
17533,2024-01-01,sold
17534,2024-01-01,sold
17535,2024-01-01,sold
17536,2024-01-02,sold
17537,2024-01-02,sold
17538,2024-01-02,available
17539,2024-01-02,sold
17540,2024-01-02,available
17541,2024-01-02,sold
17542,2024-01-02,sold
17543,2024-01-02,sold
17544,2024-01-02,defective
17545,2024-01-02,sold
17546,2024-01-02,sold
17547,2024-01-02,sold
17548,2024-01-03,sold
17549,2024-01-03,sold
17550,2024-01-03,available
17551,2024-01-03,available
17552,2024-01-03,sold
17553,2024-01-03,sold
17554,2024-01-03,sold
17555,2024-01-03,sold
17556,2024-01-03,sold
17557,2024-01-03,sold
17558,2024-01-03,available
17559,2024-01-03,sold
17560,2024-01-04,available
17561,2024-01-04,sold
17562,2024-01-04,sold
17563,2024-01-04,sold
17564,2024-01-04,sold
17565,2024-01-04,sold
17566,2024-01-04,sold
17567,2024-01-04,sold
17568,2024-01-04,sold
17569,2024-01-04,sold
17570,2024-01-04,sold
17571,2024-01-04,defective
17572,2024-01-05,sold
17573,2024-01-05,sold
17574,2024-01-05,sold
17575,2024-01-05,available
17576,2024-01-05,sold
17577,2024-01-05,sold
17578,2024-01-05,sold
17579,2024-01-05,available
17580,2024-01-05,sold
17581,2024-01-05,sold
17582,2024-01-05,sold
17583,2024-01-05,available
17584,2024-01-06,sold
17585,2024-01-06,sold
17586,2024-01-06,sold
17587,2024-01-06,sold
17588,2024-01-06,defective
17589,2024-01-06,defective
17590,2024-01-06,sold
17591,2024-01-06,sold
17592,2024-01-06,sold
17593,2024-01-06,sold
17594,2024-01-06,sold
17595,2024-01-06,sold
17596,2024-01-07,sold
17597,2024-01-07,available
17598,2024-01-07,sold
17599,2024-01-07,sold
17600,2024-01-07,sold
17601,2024-01-07,sold
17602,2024-01-07,sold
17603,2024-01-07,sold
17604,2024-01-07,available
17605,2024-01-07,sold
17606,2024-01-07,sold
17607,2024-01-07,sold
17608,2024-01-08,sold
17609,2024-01-08,sold
17610,2024-01-08,sold
17611,2024-01-08,sold
17612,2024-01-08,sold
17613,2024-01-08,defective
17614,2024-01-08,sold
17615,2024-01-08,sold
17616,2024-01-08,sold
17617,2024-01-08,available
17618,2024-01-08,sold
17619,2024-01-08,sold
17620,2024-01-09,sold
17621,2024-01-09,sold
17622,2024-01-09,sold
17623,2024-01-09,sold
17624,2024-01-09,sold
17625,2024-01-09,available
17626,2024-01-09,sold
17627,2024-01-09,sold
17628,2024-01-09,sold
17629,2024-01-09,sold
17630,2024-01-09,sold
17631,2024-01-09,sold
17632,2024-01-10,sold
17633,2024-01-10,sold
17634,2024-01-10,sold
17635,2024-01-10,available
17636,2024-01-10,sold
17637,2024-01-10,sold
17638,2024-01-10,sold
17639,2024-01-10,available
17640,2024-01-10,available
17641,2024-01-10,available
17642,2024-01-10,defective
17643,2024-01-10,sold
17644,2024-01-11,sold
17645,2024-01-11,sold
17646,2024-01-11,sold
17647,2024-01-11,sold
17648,2024-01-11,sold
17649,2024-01-11,defective
17650,2024-01-11,defective
17651,2024-01-11,sold
17652,2024-01-11,sold
17653,2024-01-11,sold
17654,2024-01-11,available
17655,2024-01-11,sold
17656,2024-01-12,sold
17657,2024-01-12,sold
17658,2024-01-12,sold
17659,2024-01-12,sold
17660,2024-01-12,defective
17661,2024-01-12,sold
17662,2024-01-12,sold
17663,2024-01-12,sold
17664,2024-01-12,sold
17665,2024-01-12,sold
17666,2024-01-12,sold
17667,2024-01-12,available
17668,2024-01-13,sold
17669,2024-01-13,sold
17670,2024-01-13,sold
17671,2024-01-13,sold
17672,2024-01-13,sold
17673,2024-01-13,sold
17674,2024-01-13,sold
17675,2024-01-13,defective
17676,2024-01-13,sold
17677,2024-01-13,sold
17678,2024-01-13,defective
17679,2024-01-13,defective
17680,2024-01-14,sold
17681,2024-01-14,sold
17682,2024-01-14,sold
17683,2024-01-14,sold
17684,2024-01-14,sold
17685,2024-01-14,sold
17686,2024-01-14,sold
17687,2024-01-14,sold
17688,2024-01-14,available
17689,2024-01-14,sold
17690,2024-01-14,sold
17691,2024-01-14,sold
17692,2024-01-15,available
17693,2024-01-15,sold
17694,2024-01-15,sold
17695,2024-01-15,defective
17696,2024-01-15,sold
17697,2024-01-15,sold
17698,2024-01-15,sold
17699,2024-01-15,sold
17700,2024-01-15,sold
17701,2024-01-15,sold
17702,2024-01-15,sold
17703,2024-01-15,sold
17704,2024-01-16,sold
17705,2024-01-16,available
17706,2024-01-16,sold
17707,2024-01-16,sold
17708,2024-01-16,available
17709,2024-01-16,available
17710,2024-01-16,sold
17711,2024-01-16,sold
17712,2024-01-16,defective
17713,2024-01-16,sold
17714,2024-01-16,sold
17715,2024-01-16,sold
17716,2024-01-17,sold
17717,2024-01-17,sold
17718,2024-01-17,sold
17719,2024-01-17,available
17720,2024-01-17,sold
17721,2024-01-17,sold
17722,2024-01-17,available
17723,2024-01-17,sold
17724,2024-01-17,sold
17725,2024-01-17,sold
17726,2024-01-17,sold
17727,2024-01-17,sold
17728,2024-01-18,sold
17729,2024-01-18,sold
17730,2024-01-18,available
17731,2024-01-18,sold
17732,2024-01-18,sold
17733,2024-01-18,sold
17734,2024-01-18,sold
17735,2024-01-18,sold
17736,2024-01-18,sold
17737,2024-01-18,sold
17738,2024-01-18,available
17739,2024-01-18,sold
17740,2024-01-19,sold
17741,2024-01-19,defective
17742,2024-01-19,sold
17743,2024-01-19,sold
17744,2024-01-19,defective
17745,2024-01-19,sold
17746,2024-01-19,sold
17747,2024-01-19,sold
17748,2024-01-19,available
17749,2024-01-19,sold
17750,2024-01-19,sold
17751,2024-01-19,sold
17752,2024-01-20,sold
17753,2024-01-20,sold
17754,2024-01-20,defective
17755,2024-01-20,sold
17756,2024-01-20,sold
17757,2024-01-20,sold
17758,2024-01-20,sold
17759,2024-01-20,sold
17760,2024-01-20,sold
17761,2024-01-20,sold
17762,2024-01-20,sold
17763,2024-01-20,sold
17764,2024-01-21,available
17765,2024-01-21,available
17766,2024-01-21,sold
17767,2024-01-21,sold
17768,2024-01-21,sold
17769,2024-01-21,defective
17770,2024-01-21,sold
17771,2024-01-21,sold
17772,2024-01-21,sold
17773,2024-01-21,sold
17774,2024-01-21,sold
17775,2024-01-21,sold
17776,2024-01-22,sold
17777,2024-01-22,sold
17778,2024-01-22,sold
17779,2024-01-22,sold
17780,2024-01-22,sold
17781,2024-01-22,sold
17782,2024-01-22,sold
17783,2024-01-22,sold
17784,2024-01-22,sold
17785,2024-01-22,sold
17786,2024-01-22,sold
17787,2024-01-22,sold
17788,2024-01-23,sold
17789,2024-01-23,sold
17790,2024-01-23,available
17791,2024-01-23,available
17792,2024-01-23,sold
17793,2024-01-23,sold
17794,2024-01-23,defective
17795,2024-01-23,sold
17796,2024-01-23,sold
17797,2024-01-23,sold
17798,2024-01-23,sold
17799,2024-01-23,sold
17800,2024-01-24,sold
17801,2024-01-24,sold
17802,2024-01-24,defective
17803,2024-01-24,sold
17804,2024-01-24,sold
17805,2024-01-24,sold
17806,2024-01-24,sold
17807,2024-01-24,sold
17808,2024-01-24,sold
17809,2024-01-24,sold
17810,2024-01-24,sold
17811,2024-01-24,available
17812,2024-01-25,sold
17813,2024-01-25,defective
17814,2024-01-25,available
17815,2024-01-25,sold
17816,2024-01-25,sold
17817,2024-01-25,available
17818,2024-01-25,sold
17819,2024-01-25,sold
17820,2024-01-25,defective
17821,2024-01-25,sold
17822,2024-01-25,available
17823,2024-01-25,sold
17824,2024-01-26,sold
17825,2024-01-26,sold
17826,2024-01-26,sold
17827,2024-01-26,available
17828,2024-01-26,sold
17829,2024-01-26,sold
17830,2024-01-26,sold
17831,2024-01-26,sold
17832,2024-01-26,sold
17833,2024-01-26,sold
17834,2024-01-26,sold
17835,2024-01-26,available
17836,2024-01-27,sold
17837,2024-01-27,sold
17838,2024-01-27,available
17839,2024-01-27,available
17840,2024-01-27,sold
17841,2024-01-27,sold
17842,2024-01-27,sold
17843,2024-01-27,sold
17844,2024-01-27,sold
17845,2024-01-27,sold
17846,2024-01-27,sold
17847,2024-01-27,sold
17848,2024-01-28,sold
17849,2024-01-28,sold
17850,2024-01-28,sold
17851,2024-01-28,sold
17852,2024-01-28,defective
17853,2024-01-28,sold
17854,2024-01-28,sold
17855,2024-01-28,sold
17856,2024-01-28,sold
17857,2024-01-28,sold
17858,2024-01-28,available
17859,2024-01-28,sold
17860,2024-01-29,sold
17861,2024-01-29,sold
17862,2024-01-29,sold
17863,2024-01-29,sold
17864,2024-01-29,sold
17865,2024-01-29,sold
17866,2024-01-29,sold
17867,2024-01-29,sold
17868,2024-01-29,defective
17869,2024-01-29,sold
17870,2024-01-29,sold
17871,2024-01-29,sold
17872,2024-01-30,sold
17873,2024-01-30,sold
17874,2024-01-30,sold
17875,2024-01-30,defective
17876,2024-01-30,sold
17877,2024-01-30,available
17878,2024-01-30,sold
17879,2024-01-30,sold
17880,2024-01-30,sold
17881,2024-01-30,sold
17882,2024-01-30,sold
17883,2024-01-30,sold
17884,2024-01-31,sold
17885,2024-01-31,sold
17886,2024-01-31,sold
17887,2024-01-31,sold
17888,2024-01-31,sold
17889,2024-01-31,defective
17890,2024-01-31,available
17891,2024-01-31,sold
17892,2024-01-31,available
17893,2024-01-31,sold
17894,2024-01-31,sold
17895,2024-01-31,sold
17896,2024-02-01,available
17897,2024-02-01,sold
17898,2024-02-01,sold
17899,2024-02-01,sold
17900,2024-02-01,sold
17901,2024-02-01,sold
17902,2024-02-01,sold
17903,2024-02-01,sold
17904,2024-02-01,sold
17905,2024-02-01,sold
17906,2024-02-01,sold
17907,2024-02-01,available
17908,2024-02-02,sold
17909,2024-02-02,sold
17910,2024-02-02,sold
17911,2024-02-02,sold
17912,2024-02-02,sold
17913,2024-02-02,sold
17914,2024-02-02,sold
17915,2024-02-02,sold
17916,2024-02-02,available
17917,2024-02-02,sold
17918,2024-02-02,sold
17919,2024-02-02,sold
17920,2024-02-03,sold
17921,2024-02-03,sold
17922,2024-02-03,sold
17923,2024-02-03,sold
17924,2024-02-03,sold
17925,2024-02-03,sold
17926,2024-02-03,sold
17927,2024-02-03,sold
17928,2024-02-03,available
17929,2024-02-03,defective
17930,2024-02-03,sold
17931,2024-02-03,sold
17932,2024-02-04,sold
17933,2024-02-04,sold
17934,2024-02-04,sold
17935,2024-02-04,sold
17936,2024-02-04,available
17937,2024-02-04,available
17938,2024-02-04,sold
17939,2024-02-04,sold
17940,2024-02-04,sold
17941,2024-02-04,sold
17942,2024-02-04,sold
17943,2024-02-04,sold
17944,2024-02-05,sold
17945,2024-02-05,sold
17946,2024-02-05,sold
17947,2024-02-05,sold
17948,2024-02-05,sold
17949,2024-02-05,sold
17950,2024-02-05,available
17951,2024-02-05,available
17952,2024-02-05,defective
17953,2024-02-05,sold
17954,2024-02-05,available
17955,2024-02-05,sold
17956,2024-02-06,sold
17957,2024-02-06,available
17958,2024-02-06,defective
17959,2024-02-06,available
17960,2024-02-06,available
17961,2024-02-06,sold
17962,2024-02-06,sold
17963,2024-02-06,available
17964,2024-02-06,sold
17965,2024-02-06,sold
17966,2024-02-06,sold
17967,2024-02-06,sold
17968,2024-02-07,sold
17969,2024-02-07,sold
17970,2024-02-07,sold
17971,2024-02-07,sold
17972,2024-02-07,sold
17973,2024-02-07,sold
17974,2024-02-07,sold
17975,2024-02-07,sold
17976,2024-02-07,sold
17977,2024-02-07,sold
17978,2024-02-07,sold
17979,2024-02-07,sold
17980,2024-02-08,sold
17981,2024-02-08,available
17982,2024-02-08,sold
17983,2024-02-08,sold
17984,2024-02-08,sold
17985,2024-02-08,available
17986,2024-02-08,defective
17987,2024-02-08,available
17988,2024-02-08,available
17989,2024-02-08,available
17990,2024-02-08,defective
17991,2024-02-08,sold
17992,2024-02-09,sold
17993,2024-02-09,sold
17994,2024-02-09,sold
17995,2024-02-09,sold
17996,2024-02-09,sold
17997,2024-02-09,sold
17998,2024-02-09,sold
17999,2024-02-09,sold
18000,2024-02-09,sold
18001,2024-02-09,sold
18002,2024-02-09,sold
18003,2024-02-09,available
18004,2024-02-10,sold
18005,2024-02-10,sold
18006,2024-02-10,sold
18007,2024-02-10,sold
18008,2024-02-10,sold
18009,2024-02-10,sold
18010,2024-02-10,sold
18011,2024-02-10,sold
18012,2024-02-10,sold
18013,2024-02-10,sold
18014,2024-02-10,sold
18015,2024-02-10,defective
18016,2024-02-11,sold
18017,2024-02-11,sold
18018,2024-02-11,available
18019,2024-02-11,sold
18020,2024-02-11,sold
18021,2024-02-11,sold
18022,2024-02-11,sold
18023,2024-02-11,sold
18024,2024-02-11,sold
18025,2024-02-11,sold
18026,2024-02-11,sold
18027,2024-02-11,available
18028,2024-02-12,sold
18029,2024-02-12,sold
18030,2024-02-12,sold
18031,2024-02-12,sold
18032,2024-02-12,sold
18033,2024-02-12,sold
18034,2024-02-12,available
18035,2024-02-12,sold
18036,2024-02-12,sold
18037,2024-02-12,sold
18038,2024-02-12,sold
18039,2024-02-12,sold
18040,2024-02-13,sold
18041,2024-02-13,available
18042,2024-02-13,sold
18043,2024-02-13,sold
18044,2024-02-13,sold
18045,2024-02-13,sold
18046,2024-02-13,sold
18047,2024-02-13,available
18048,2024-02-13,sold
18049,2024-02-13,available
18050,2024-02-13,sold
18051,2024-02-13,sold
18052,2024-02-14,sold
18053,2024-02-14,sold
18054,2024-02-14,sold
18055,2024-02-14,sold
18056,2024-02-14,sold
18057,2024-02-14,sold
18058,2024-02-14,sold
18059,2024-02-14,sold
18060,2024-02-14,sold
18061,2024-02-14,sold
18062,2024-02-14,sold
18063,2024-02-14,available
18064,2024-02-15,sold
18065,2024-02-15,defective
18066,2024-02-15,sold
18067,2024-02-15,sold
18068,2024-02-15,defective
18069,2024-02-15,sold
18070,2024-02-15,sold
18071,2024-02-15,available
18072,2024-02-15,defective
18073,2024-02-15,sold
18074,2024-02-15,sold
18075,2024-02-15,sold
18076,2024-02-16,sold
18077,2024-02-16,sold
18078,2024-02-16,sold
18079,2024-02-16,sold
18080,2024-02-16,sold
18081,2024-02-16,sold
18082,2024-02-16,sold
18083,2024-02-16,sold
18084,2024-02-16,sold
18085,2024-02-16,sold
18086,2024-02-16,sold
18087,2024-02-16,sold
18088,2024-02-17,sold
18089,2024-02-17,sold
18090,2024-02-17,sold
18091,2024-02-17,sold
18092,2024-02-17,sold
18093,2024-02-17,sold
18094,2024-02-17,defective
18095,2024-02-17,available
18096,2024-02-17,sold
18097,2024-02-17,sold
18098,2024-02-17,sold
18099,2024-02-17,available
18100,2024-02-18,sold
18101,2024-02-18,sold
18102,2024-02-18,defective
18103,2024-02-18,defective
18104,2024-02-18,sold
18105,2024-02-18,sold
18106,2024-02-18,defective
18107,2024-02-18,sold
18108,2024-02-18,available
18109,2024-02-18,sold
18110,2024-02-18,sold
18111,2024-02-18,sold
18112,2024-02-19,sold
18113,2024-02-19,sold
18114,2024-02-19,sold
18115,2024-02-19,sold
18116,2024-02-19,sold
18117,2024-02-19,sold
18118,2024-02-19,sold
18119,2024-02-19,sold
18120,2024-02-19,sold
18121,2024-02-19,sold
18122,2024-02-19,sold
18123,2024-02-19,sold
18124,2024-02-20,sold
18125,2024-02-20,sold
18126,2024-02-20,sold
18127,2024-02-20,sold
18128,2024-02-20,sold
18129,2024-02-20,sold
18130,2024-02-20,sold
18131,2024-02-20,sold
18132,2024-02-20,defective
18133,2024-02-20,sold
18134,2024-02-20,sold
18135,2024-02-20,sold
18136,2024-02-21,sold
18137,2024-02-21,sold
18138,2024-02-21,sold
18139,2024-02-21,sold
18140,2024-02-21,defective
18141,2024-02-21,sold
18142,2024-02-21,defective
18143,2024-02-21,defective
18144,2024-02-21,sold
18145,2024-02-21,sold
18146,2024-02-21,available
18147,2024-02-21,defective
18148,2024-02-22,sold
18149,2024-02-22,available
18150,2024-02-22,sold
18151,2024-02-22,sold
18152,2024-02-22,sold
18153,2024-02-22,sold
18154,2024-02-22,sold
18155,2024-02-22,sold
18156,2024-02-22,sold
18157,2024-02-22,sold
18158,2024-02-22,sold
18159,2024-02-22,sold
18160,2024-02-23,sold
18161,2024-02-23,available
18162,2024-02-23,defective
18163,2024-02-23,available
18164,2024-02-23,defective
18165,2024-02-23,sold
18166,2024-02-23,sold
18167,2024-02-23,sold
18168,2024-02-23,sold
18169,2024-02-23,available
18170,2024-02-23,sold
18171,2024-02-23,sold
18172,2024-02-24,sold
18173,2024-02-24,available
18174,2024-02-24,sold
18175,2024-02-24,sold
18176,2024-02-24,sold
18177,2024-02-24,sold
18178,2024-02-24,sold
18179,2024-02-24,sold
18180,2024-02-24,sold
18181,2024-02-24,defective
18182,2024-02-24,available
18183,2024-02-24,available
18184,2024-02-25,sold
18185,2024-02-25,available
18186,2024-02-25,sold
18187,2024-02-25,sold
18188,2024-02-25,sold
18189,2024-02-25,available
18190,2024-02-25,sold
18191,2024-02-25,available
18192,2024-02-25,sold
18193,2024-02-25,sold
18194,2024-02-25,sold
18195,2024-02-25,sold
18196,2024-02-26,sold
18197,2024-02-26,sold
18198,2024-02-26,sold
18199,2024-02-26,sold
18200,2024-02-26,sold
18201,2024-02-26,sold
18202,2024-02-26,sold
18203,2024-02-26,sold
18204,2024-02-26,available
18205,2024-02-26,sold
18206,2024-02-26,available
18207,2024-02-26,sold
18208,2024-02-27,sold
18209,2024-02-27,available
18210,2024-02-27,sold
18211,2024-02-27,sold
18212,2024-02-27,sold
18213,2024-02-27,sold
18214,2024-02-27,sold
18215,2024-02-27,sold
18216,2024-02-27,sold
18217,2024-02-27,sold
18218,2024-02-27,sold
18219,2024-02-27,sold
18220,2024-02-28,available
18221,2024-02-28,sold
18222,2024-02-28,sold
18223,2024-02-28,sold
18224,2024-02-28,sold
18225,2024-02-28,sold
18226,2024-02-28,sold
18227,2024-02-28,defective
18228,2024-02-28,sold
18229,2024-02-28,sold
18230,2024-02-28,sold
18231,2024-02-28,defective
18232,2024-02-29,defective
18233,2024-02-29,sold
18234,2024-02-29,available
18235,2024-02-29,sold
18236,2024-02-29,sold
18237,2024-02-29,sold
18238,2024-02-29,available
18239,2024-02-29,sold
18240,2024-02-29,sold
18241,2024-02-29,sold
18242,2024-02-29,sold
18243,2024-02-29,sold
18244,2024-03-01,sold
18245,2024-03-01,sold
18246,2024-03-01,sold
18247,2024-03-01,sold
18248,2024-03-01,sold
18249,2024-03-01,sold
18250,2024-03-01,sold
18251,2024-03-01,sold
18252,2024-03-01,sold
18253,2024-03-01,sold
18254,2024-03-01,sold
18255,2024-03-01,sold
18256,2024-03-02,defective
18257,2024-03-02,sold
18258,2024-03-02,sold
18259,2024-03-02,sold
18260,2024-03-02,defective
18261,2024-03-02,sold
18262,2024-03-02,sold
18263,2024-03-02,defective
18264,2024-03-02,available
18265,2024-03-02,sold
18266,2024-03-02,sold
18267,2024-03-02,sold
18268,2024-03-03,sold
18269,2024-03-03,defective
18270,2024-03-03,available
18271,2024-03-03,sold
18272,2024-03-03,sold
18273,2024-03-03,sold
18274,2024-03-03,sold
18275,2024-03-03,sold
18276,2024-03-03,sold
18277,2024-03-03,sold
18278,2024-03-03,sold
18279,2024-03-03,available
18280,2024-03-04,sold
18281,2024-03-04,sold
18282,2024-03-04,available
18283,2024-03-04,sold
18284,2024-03-04,defective
18285,2024-03-04,sold
18286,2024-03-04,sold
18287,2024-03-04,available
18288,2024-03-04,available
18289,2024-03-04,sold
18290,2024-03-04,sold
18291,2024-03-04,sold
18292,2024-03-05,sold
18293,2024-03-05,sold
18294,2024-03-05,sold
18295,2024-03-05,available
18296,2024-03-05,sold
18297,2024-03-05,sold
18298,2024-03-05,sold
18299,2024-03-05,sold
18300,2024-03-05,sold
18301,2024-03-05,sold
18302,2024-03-05,sold
18303,2024-03-05,sold
18304,2024-03-06,sold
18305,2024-03-06,sold
18306,2024-03-06,sold
18307,2024-03-06,sold
18308,2024-03-06,sold
18309,2024-03-06,available
18310,2024-03-06,sold
18311,2024-03-06,sold
18312,2024-03-06,sold
18313,2024-03-06,defective
18314,2024-03-06,sold
18315,2024-03-06,sold
18316,2024-03-07,available
18317,2024-03-07,available
18318,2024-03-07,sold
18319,2024-03-07,available
18320,2024-03-07,sold
18321,2024-03-07,sold
18322,2024-03-07,sold
18323,2024-03-07,sold
18324,2024-03-07,available
18325,2024-03-07,available
18326,2024-03-07,sold
18327,2024-03-07,available
18328,2024-03-08,sold
18329,2024-03-08,available
18330,2024-03-08,available
18331,2024-03-08,sold
18332,2024-03-08,sold
18333,2024-03-08,sold
18334,2024-03-08,sold
18335,2024-03-08,sold
18336,2024-03-08,defective
18337,2024-03-08,sold
18338,2024-03-08,sold
18339,2024-03-08,sold
18340,2024-03-09,sold
18341,2024-03-09,sold
18342,2024-03-09,sold
18343,2024-03-09,sold
18344,2024-03-09,sold
18345,2024-03-09,sold
18346,2024-03-09,available
18347,2024-03-09,sold
18348,2024-03-09,sold
18349,2024-03-09,sold
18350,2024-03-09,available
18351,2024-03-09,sold
18352,2024-03-10,sold
18353,2024-03-10,available
18354,2024-03-10,sold
18355,2024-03-10,available
18356,2024-03-10,sold
18357,2024-03-10,sold
18358,2024-03-10,defective
18359,2024-03-10,sold
18360,2024-03-10,sold
18361,2024-03-10,available
18362,2024-03-10,sold
18363,2024-03-10,sold
18364,2024-03-11,sold
18365,2024-03-11,sold
18366,2024-03-11,sold
18367,2024-03-11,sold
18368,2024-03-11,sold
18369,2024-03-11,sold
18370,2024-03-11,sold
18371,2024-03-11,sold
18372,2024-03-11,sold
18373,2024-03-11,available
18374,2024-03-11,sold
18375,2024-03-11,sold
18376,2024-03-12,sold
18377,2024-03-12,sold
18378,2024-03-12,sold
18379,2024-03-12,available
18380,2024-03-12,available
18381,2024-03-12,sold
18382,2024-03-12,sold
18383,2024-03-12,sold
18384,2024-03-12,sold
18385,2024-03-12,available
18386,2024-03-12,sold
18387,2024-03-12,defective
18388,2024-03-13,sold
18389,2024-03-13,sold
18390,2024-03-13,sold
18391,2024-03-13,sold
18392,2024-03-13,sold
18393,2024-03-13,sold
18394,2024-03-13,sold
18395,2024-03-13,sold
18396,2024-03-13,sold
18397,2024-03-13,sold
18398,2024-03-13,sold
18399,2024-03-13,defective
18400,2024-03-14,sold
18401,2024-03-14,sold
18402,2024-03-14,sold
18403,2024-03-14,sold
18404,2024-03-14,available
18405,2024-03-14,sold
18406,2024-03-14,sold
18407,2024-03-14,sold
18408,2024-03-14,sold
18409,2024-03-14,available
18410,2024-03-14,sold
18411,2024-03-14,sold
18412,2024-03-15,available
18413,2024-03-15,sold
18414,2024-03-15,sold
18415,2024-03-15,available
18416,2024-03-15,sold
18417,2024-03-15,sold
18418,2024-03-15,sold
18419,2024-03-15,available
18420,2024-03-15,available
18421,2024-03-15,sold
18422,2024-03-15,available
18423,2024-03-15,sold
18424,2024-03-16,sold
18425,2024-03-16,sold
18426,2024-03-16,sold
18427,2024-03-16,sold
18428,2024-03-16,sold
18429,2024-03-16,sold
18430,2024-03-16,sold
18431,2024-03-16,sold
18432,2024-03-16,available
18433,2024-03-16,sold
18434,2024-03-16,sold
18435,2024-03-16,sold
18436,2024-03-17,sold
18437,2024-03-17,sold
18438,2024-03-17,sold
18439,2024-03-17,sold
18440,2024-03-17,available
18441,2024-03-17,sold
18442,2024-03-17,defective
18443,2024-03-17,sold
18444,2024-03-17,sold
18445,2024-03-17,sold
18446,2024-03-17,sold
18447,2024-03-17,sold
18448,2024-03-18,sold
18449,2024-03-18,sold
18450,2024-03-18,sold
18451,2024-03-18,sold
18452,2024-03-18,sold
18453,2024-03-18,sold
18454,2024-03-18,sold
18455,2024-03-18,sold
18456,2024-03-18,sold
18457,2024-03-18,sold
18458,2024-03-18,sold
18459,2024-03-18,sold
18460,2024-03-19,sold
18461,2024-03-19,sold
18462,2024-03-19,sold
18463,2024-03-19,sold
18464,2024-03-19,sold
18465,2024-03-19,sold
18466,2024-03-19,sold
18467,2024-03-19,sold
18468,2024-03-19,sold
18469,2024-03-19,sold
18470,2024-03-19,sold
18471,2024-03-19,sold
18472,2024-03-20,sold
18473,2024-03-20,defective
18474,2024-03-20,sold
18475,2024-03-20,sold
18476,2024-03-20,available
18477,2024-03-20,sold
18478,2024-03-20,sold
18479,2024-03-20,sold
18480,2024-03-20,sold
18481,2024-03-20,defective
18482,2024-03-20,available
18483,2024-03-20,sold
18484,2024-03-21,sold
18485,2024-03-21,defective
18486,2024-03-21,sold
18487,2024-03-21,sold
18488,2024-03-21,sold
18489,2024-03-21,sold
18490,2024-03-21,sold
18491,2024-03-21,sold
18492,2024-03-21,available
18493,2024-03-21,sold
18494,2024-03-21,sold
18495,2024-03-21,sold
18496,2024-03-22,defective
18497,2024-03-22,available
18498,2024-03-22,sold
18499,2024-03-22,sold
18500,2024-03-22,sold
18501,2024-03-22,sold
18502,2024-03-22,sold
18503,2024-03-22,sold
18504,2024-03-22,sold
18505,2024-03-22,sold
18506,2024-03-22,available
18507,2024-03-22,sold
18508,2024-03-23,sold
18509,2024-03-23,sold
18510,2024-03-23,sold
18511,2024-03-23,sold
18512,2024-03-23,sold
18513,2024-03-23,sold
18514,2024-03-23,available
18515,2024-03-23,sold
18516,2024-03-23,sold
18517,2024-03-23,available
18518,2024-03-23,available
18519,2024-03-23,sold
18520,2024-03-24,available
18521,2024-03-24,available
18522,2024-03-24,sold
18523,2024-03-24,sold
18524,2024-03-24,sold
18525,2024-03-24,sold
18526,2024-03-24,sold
18527,2024-03-24,sold
18528,2024-03-24,sold
18529,2024-03-24,sold
18530,2024-03-24,available
18531,2024-03-24,sold
18532,2024-03-25,sold
18533,2024-03-25,available
18534,2024-03-25,sold
18535,2024-03-25,available
18536,2024-03-25,sold
18537,2024-03-25,sold
18538,2024-03-25,sold
18539,2024-03-25,sold
18540,2024-03-25,available
18541,2024-03-25,sold
18542,2024-03-25,sold
18543,2024-03-25,available
18544,2024-03-26,sold
18545,2024-03-26,sold
18546,2024-03-26,sold
18547,2024-03-26,defective
18548,2024-03-26,sold
18549,2024-03-26,available
18550,2024-03-26,sold
18551,2024-03-26,available
18552,2024-03-26,sold
18553,2024-03-26,available
18554,2024-03-26,available
18555,2024-03-26,sold
18556,2024-03-27,sold
18557,2024-03-27,available
18558,2024-03-27,defective
18559,2024-03-27,sold
18560,2024-03-27,available
18561,2024-03-27,sold
18562,2024-03-27,sold
18563,2024-03-27,sold
18564,2024-03-27,sold
18565,2024-03-27,sold
18566,2024-03-27,sold
18567,2024-03-27,sold
18568,2024-03-28,sold
18569,2024-03-28,available
18570,2024-03-28,sold
18571,2024-03-28,sold
18572,2024-03-28,sold
18573,2024-03-28,sold
18574,2024-03-28,available
18575,2024-03-28,sold
18576,2024-03-28,sold
18577,2024-03-28,sold
18578,2024-03-28,sold
18579,2024-03-28,sold
18580,2024-03-29,defective
18581,2024-03-29,sold
18582,2024-03-29,sold
18583,2024-03-29,sold
18584,2024-03-29,sold
18585,2024-03-29,sold
18586,2024-03-29,sold
18587,2024-03-29,sold
18588,2024-03-29,defective
18589,2024-03-29,sold
18590,2024-03-29,sold
18591,2024-03-29,available
18592,2024-03-30,sold
18593,2024-03-30,available
18594,2024-03-30,sold
18595,2024-03-30,sold
18596,2024-03-30,sold
18597,2024-03-30,sold
18598,2024-03-30,sold
18599,2024-03-30,sold
18600,2024-03-30,sold
18601,2024-03-30,sold
18602,2024-03-30,sold
18603,2024-03-30,sold
18604,2024-03-31,defective
18605,2024-03-31,sold
18606,2024-03-31,available
18607,2024-03-31,sold
18608,2024-03-31,defective
18609,2024-03-31,sold
18610,2024-03-31,sold
18611,2024-03-31,sold
18612,2024-03-31,sold
18613,2024-03-31,defective
18614,2024-03-31,sold
18615,2024-03-31,sold
18616,2024-04-01,sold
18617,2024-04-01,sold
18618,2024-04-01,sold
18619,2024-04-01,sold
18620,2024-04-01,sold
18621,2024-04-01,sold
18622,2024-04-01,defective
18623,2024-04-01,sold
18624,2024-04-01,sold
18625,2024-04-01,sold
18626,2024-04-01,sold
18627,2024-04-01,available
18628,2024-04-02,available
18629,2024-04-02,sold
18630,2024-04-02,defective
18631,2024-04-02,sold
18632,2024-04-02,sold
18633,2024-04-02,sold
18634,2024-04-02,sold
18635,2024-04-02,available
18636,2024-04-02,sold
18637,2024-04-02,defective
18638,2024-04-02,sold
18639,2024-04-02,sold
18640,2024-04-03,sold
18641,2024-04-03,sold
18642,2024-04-03,sold
18643,2024-04-03,sold
18644,2024-04-03,sold
18645,2024-04-03,sold
18646,2024-04-03,sold
18647,2024-04-03,sold
18648,2024-04-03,sold
18649,2024-04-03,available
18650,2024-04-03,sold
18651,2024-04-03,sold
18652,2024-04-04,sold
18653,2024-04-04,sold
18654,2024-04-04,sold
18655,2024-04-04,sold
18656,2024-04-04,available
18657,2024-04-04,available
18658,2024-04-04,sold
18659,2024-04-04,sold
18660,2024-04-04,sold
18661,2024-04-04,sold
18662,2024-04-04,sold
18663,2024-04-04,sold
18664,2024-04-05,sold
18665,2024-04-05,sold
18666,2024-04-05,sold
18667,2024-04-05,available
18668,2024-04-05,sold
18669,2024-04-05,available
18670,2024-04-05,sold
18671,2024-04-05,sold
18672,2024-04-05,sold
18673,2024-04-05,sold
18674,2024-04-05,sold
18675,2024-04-05,sold
18676,2024-04-06,defective
18677,2024-04-06,sold
18678,2024-04-06,sold
18679,2024-04-06,sold
18680,2024-04-06,sold
18681,2024-04-06,sold
18682,2024-04-06,sold
18683,2024-04-06,sold
18684,2024-04-06,available
18685,2024-04-06,available
18686,2024-04-06,sold
18687,2024-04-06,sold
18688,2024-04-07,sold
18689,2024-04-07,sold
18690,2024-04-07,sold
18691,2024-04-07,sold
18692,2024-04-07,sold
18693,2024-04-07,sold
18694,2024-04-07,sold
18695,2024-04-07,sold
18696,2024-04-07,sold
18697,2024-04-07,sold
18698,2024-04-07,sold
18699,2024-04-07,sold
18700,2024-04-08,sold
18701,2024-04-08,sold
18702,2024-04-08,available
18703,2024-04-08,sold
18704,2024-04-08,sold
18705,2024-04-08,sold
18706,2024-04-08,sold
18707,2024-04-08,sold
18708,2024-04-08,sold
18709,2024-04-08,sold
18710,2024-04-08,sold
18711,2024-04-08,sold
18712,2024-04-09,sold
18713,2024-04-09,sold
18714,2024-04-09,sold
18715,2024-04-09,sold
18716,2024-04-09,sold
18717,2024-04-09,sold
18718,2024-04-09,sold
18719,2024-04-09,available
18720,2024-04-09,sold
18721,2024-04-09,defective
18722,2024-04-09,sold
18723,2024-04-09,sold
18724,2024-04-10,sold
18725,2024-04-10,sold
18726,2024-04-10,sold
18727,2024-04-10,sold
18728,2024-04-10,sold
18729,2024-04-10,available
18730,2024-04-10,sold
18731,2024-04-10,sold
18732,2024-04-10,available
18733,2024-04-10,sold
18734,2024-04-10,sold
18735,2024-04-10,available
18736,2024-04-11,sold
18737,2024-04-11,sold
18738,2024-04-11,sold
18739,2024-04-11,sold
18740,2024-04-11,available
18741,2024-04-11,sold
18742,2024-04-11,defective
18743,2024-04-11,sold
18744,2024-04-11,defective
18745,2024-04-11,sold
18746,2024-04-11,sold
18747,2024-04-11,sold
18748,2024-04-12,defective
18749,2024-04-12,sold
18750,2024-04-12,sold
18751,2024-04-12,sold
18752,2024-04-12,sold
18753,2024-04-12,sold
18754,2024-04-12,available
18755,2024-04-12,sold
18756,2024-04-12,sold
18757,2024-04-12,sold
18758,2024-04-12,sold
18759,2024-04-12,defective
18760,2024-04-13,defective
18761,2024-04-13,sold
18762,2024-04-13,sold
18763,2024-04-13,sold
18764,2024-04-13,defective
18765,2024-04-13,sold
18766,2024-04-13,available
18767,2024-04-13,sold
18768,2024-04-13,sold
18769,2024-04-13,sold
18770,2024-04-13,available
18771,2024-04-13,sold
18772,2024-04-14,sold
18773,2024-04-14,available
18774,2024-04-14,sold
18775,2024-04-14,sold
18776,2024-04-14,sold
18777,2024-04-14,available
18778,2024-04-14,sold
18779,2024-04-14,sold
18780,2024-04-14,defective
18781,2024-04-14,sold
18782,2024-04-14,sold
18783,2024-04-14,sold
18784,2024-04-15,sold
18785,2024-04-15,available
18786,2024-04-15,sold
18787,2024-04-15,sold
18788,2024-04-15,sold
18789,2024-04-15,sold
18790,2024-04-15,sold
18791,2024-04-15,sold
18792,2024-04-15,sold
18793,2024-04-15,available
18794,2024-04-15,sold
18795,2024-04-15,sold
18796,2024-04-16,sold
18797,2024-04-16,available
18798,2024-04-16,sold
18799,2024-04-16,sold
18800,2024-04-16,sold
18801,2024-04-16,sold
18802,2024-04-16,defective
18803,2024-04-16,sold
18804,2024-04-16,defective
18805,2024-04-16,sold
18806,2024-04-16,available
18807,2024-04-16,available
18808,2024-04-17,sold
18809,2024-04-17,sold
18810,2024-04-17,sold
18811,2024-04-17,sold
18812,2024-04-17,available
18813,2024-04-17,sold
18814,2024-04-17,sold
18815,2024-04-17,available
18816,2024-04-17,sold
18817,2024-04-17,sold
18818,2024-04-17,sold
18819,2024-04-17,available
18820,2024-04-18,available
18821,2024-04-18,sold
18822,2024-04-18,sold
18823,2024-04-18,available
18824,2024-04-18,sold
18825,2024-04-18,sold
18826,2024-04-18,sold
18827,2024-04-18,available
18828,2024-04-18,sold
18829,2024-04-18,sold
18830,2024-04-18,sold
18831,2024-04-18,sold
18832,2024-04-19,sold
18833,2024-04-19,sold
18834,2024-04-19,sold
18835,2024-04-19,available
18836,2024-04-19,available
18837,2024-04-19,sold
18838,2024-04-19,sold
18839,2024-04-19,sold
18840,2024-04-19,sold
18841,2024-04-19,sold
18842,2024-04-19,available
18843,2024-04-19,sold
18844,2024-04-20,sold
18845,2024-04-20,sold
18846,2024-04-20,sold
18847,2024-04-20,sold
18848,2024-04-20,sold
18849,2024-04-20,sold
18850,2024-04-20,sold
18851,2024-04-20,sold
18852,2024-04-20,sold
18853,2024-04-20,sold
18854,2024-04-20,sold
18855,2024-04-20,sold
18856,2024-04-21,sold
18857,2024-04-21,sold
18858,2024-04-21,defective
18859,2024-04-21,sold
18860,2024-04-21,sold
18861,2024-04-21,sold
18862,2024-04-21,sold
18863,2024-04-21,available
18864,2024-04-21,sold
18865,2024-04-21,sold
18866,2024-04-21,sold
18867,2024-04-21,sold
18868,2024-04-22,sold
18869,2024-04-22,available
18870,2024-04-22,sold
18871,2024-04-22,available
18872,2024-04-22,sold
18873,2024-04-22,sold
18874,2024-04-22,sold
18875,2024-04-22,sold
18876,2024-04-22,sold
18877,2024-04-22,sold
18878,2024-04-22,sold
18879,2024-04-22,sold
18880,2024-04-23,defective
18881,2024-04-23,sold
18882,2024-04-23,sold
18883,2024-04-23,sold
18884,2024-04-23,sold
18885,2024-04-23,sold
18886,2024-04-23,sold
18887,2024-04-23,available
18888,2024-04-23,sold
18889,2024-04-23,sold
18890,2024-04-23,sold
18891,2024-04-23,sold
18892,2024-04-24,sold
18893,2024-04-24,sold
18894,2024-04-24,sold
18895,2024-04-24,sold
18896,2024-04-24,sold
18897,2024-04-24,sold
18898,2024-04-24,available
18899,2024-04-24,sold
18900,2024-04-24,sold
18901,2024-04-24,sold
18902,2024-04-24,sold
18903,2024-04-24,sold
18904,2024-04-25,sold
18905,2024-04-25,sold
18906,2024-04-25,sold
18907,2024-04-25,sold
18908,2024-04-25,sold
18909,2024-04-25,sold
18910,2024-04-25,sold
18911,2024-04-25,sold
18912,2024-04-25,sold
18913,2024-04-25,sold
18914,2024-04-25,sold
18915,2024-04-25,sold
18916,2024-04-26,sold
18917,2024-04-26,sold
18918,2024-04-26,sold
18919,2024-04-26,sold
18920,2024-04-26,sold
18921,2024-04-26,sold
18922,2024-04-26,sold
18923,2024-04-26,sold
18924,2024-04-26,available
18925,2024-04-26,sold
18926,2024-04-26,available
18927,2024-04-26,sold
18928,2024-04-27,sold
18929,2024-04-27,sold
18930,2024-04-27,available
18931,2024-04-27,sold
18932,2024-04-27,sold
18933,2024-04-27,sold
18934,2024-04-27,sold
18935,2024-04-27,sold
18936,2024-04-27,sold
18937,2024-04-27,sold
18938,2024-04-27,sold
18939,2024-04-27,sold
18940,2024-04-28,sold
18941,2024-04-28,sold
18942,2024-04-28,sold
18943,2024-04-28,sold
18944,2024-04-28,available
18945,2024-04-28,sold
18946,2024-04-28,sold
18947,2024-04-28,sold
18948,2024-04-28,available
18949,2024-04-28,sold
18950,2024-04-28,sold
18951,2024-04-28,sold
18952,2024-04-29,sold
18953,2024-04-29,sold
18954,2024-04-29,sold
18955,2024-04-29,sold
18956,2024-04-29,sold
18957,2024-04-29,sold
18958,2024-04-29,sold
18959,2024-04-29,sold
18960,2024-04-29,sold
18961,2024-04-29,sold
18962,2024-04-29,defective
18963,2024-04-29,sold
18964,2024-04-30,available
18965,2024-04-30,sold
18966,2024-04-30,sold
18967,2024-04-30,sold
18968,2024-04-30,defective
18969,2024-04-30,available
18970,2024-04-30,sold
18971,2024-04-30,sold
18972,2024-04-30,available
18973,2024-04-30,sold
18974,2024-04-30,sold
18975,2024-04-30,sold
18976,2024-05-01,available
18977,2024-05-01,sold
18978,2024-05-01,sold
18979,2024-05-01,available
18980,2024-05-01,sold
18981,2024-05-01,sold
18982,2024-05-01,sold
18983,2024-05-01,sold
18984,2024-05-01,sold
18985,2024-05-01,sold
18986,2024-05-01,available
18987,2024-05-01,sold
18988,2024-05-02,sold
18989,2024-05-02,defective
18990,2024-05-02,sold
18991,2024-05-02,sold
18992,2024-05-02,sold
18993,2024-05-02,sold
18994,2024-05-02,sold
18995,2024-05-02,available
18996,2024-05-02,sold
18997,2024-05-02,sold
18998,2024-05-02,sold
18999,2024-05-02,available
19000,2024-05-03,sold
19001,2024-05-03,sold
19002,2024-05-03,sold
19003,2024-05-03,available
19004,2024-05-03,sold
19005,2024-05-03,sold
19006,2024-05-03,sold
19007,2024-05-03,available
19008,2024-05-03,available
19009,2024-05-03,sold
19010,2024-05-03,sold
19011,2024-05-03,sold
19012,2024-05-04,sold
19013,2024-05-04,available
19014,2024-05-04,sold
19015,2024-05-04,sold
19016,2024-05-04,sold
19017,2024-05-04,sold
19018,2024-05-04,sold
19019,2024-05-04,sold
19020,2024-05-04,sold
19021,2024-05-04,sold
19022,2024-05-04,sold
19023,2024-05-04,defective
19024,2024-05-05,sold
19025,2024-05-05,sold
19026,2024-05-05,sold
19027,2024-05-05,sold
19028,2024-05-05,defective
19029,2024-05-05,available
19030,2024-05-05,sold
19031,2024-05-05,sold
19032,2024-05-05,sold
19033,2024-05-05,defective
19034,2024-05-05,sold
19035,2024-05-05,available
19036,2024-05-06,sold
19037,2024-05-06,sold
19038,2024-05-06,sold
19039,2024-05-06,sold
19040,2024-05-06,available
19041,2024-05-06,sold
19042,2024-05-06,available
19043,2024-05-06,sold
19044,2024-05-06,sold
19045,2024-05-06,sold
19046,2024-05-06,available
19047,2024-05-06,available
19048,2024-05-07,sold
19049,2024-05-07,sold
19050,2024-05-07,sold
19051,2024-05-07,available
19052,2024-05-07,sold
19053,2024-05-07,sold
19054,2024-05-07,sold
19055,2024-05-07,sold
19056,2024-05-07,sold
19057,2024-05-07,sold
19058,2024-05-07,sold
19059,2024-05-07,sold
19060,2024-05-08,sold
19061,2024-05-08,available
19062,2024-05-08,sold
19063,2024-05-08,sold
19064,2024-05-08,sold
19065,2024-05-08,sold
19066,2024-05-08,sold
19067,2024-05-08,sold
19068,2024-05-08,sold
19069,2024-05-08,sold
19070,2024-05-08,sold
19071,2024-05-08,defective
19072,2024-05-09,sold
19073,2024-05-09,sold
19074,2024-05-09,available
19075,2024-05-09,sold
19076,2024-05-09,sold
19077,2024-05-09,available
19078,2024-05-09,available
19079,2024-05-09,sold
19080,2024-05-09,sold
19081,2024-05-09,sold
19082,2024-05-09,sold
19083,2024-05-09,sold
19084,2024-05-10,sold
19085,2024-05-10,sold
19086,2024-05-10,sold
19087,2024-05-10,sold
19088,2024-05-10,sold
19089,2024-05-10,sold
19090,2024-05-10,defective
19091,2024-05-10,available
19092,2024-05-10,sold
19093,2024-05-10,sold
19094,2024-05-10,sold
19095,2024-05-10,sold
19096,2024-05-11,sold
19097,2024-05-11,sold
19098,2024-05-11,sold
19099,2024-05-11,sold
19100,2024-05-11,available
19101,2024-05-11,sold
19102,2024-05-11,sold
19103,2024-05-11,sold
19104,2024-05-11,sold
19105,2024-05-11,defective
19106,2024-05-11,available
19107,2024-05-11,defective
19108,2024-05-12,sold
19109,2024-05-12,sold
19110,2024-05-12,sold
19111,2024-05-12,sold
19112,2024-05-12,sold
19113,2024-05-12,sold
19114,2024-05-12,sold
19115,2024-05-12,available
19116,2024-05-12,defective
19117,2024-05-12,sold
19118,2024-05-12,sold
19119,2024-05-12,sold
19120,2024-05-13,available
19121,2024-05-13,available
19122,2024-05-13,sold
19123,2024-05-13,sold
19124,2024-05-13,sold
19125,2024-05-13,sold
19126,2024-05-13,defective
19127,2024-05-13,sold
19128,2024-05-13,sold
19129,2024-05-13,sold
19130,2024-05-13,sold
19131,2024-05-13,sold
19132,2024-05-14,sold
19133,2024-05-14,sold
19134,2024-05-14,sold
19135,2024-05-14,sold
19136,2024-05-14,sold
19137,2024-05-14,available
19138,2024-05-14,sold
19139,2024-05-14,available
19140,2024-05-14,sold
19141,2024-05-14,sold
19142,2024-05-14,sold
19143,2024-05-14,available
19144,2024-05-15,sold
19145,2024-05-15,sold
19146,2024-05-15,sold
19147,2024-05-15,sold
19148,2024-05-15,available
19149,2024-05-15,available
19150,2024-05-15,sold
19151,2024-05-15,sold
19152,2024-05-15,sold
19153,2024-05-15,sold
19154,2024-05-15,available
19155,2024-05-15,sold
19156,2024-05-16,sold
19157,2024-05-16,sold
19158,2024-05-16,sold
19159,2024-05-16,sold
19160,2024-05-16,sold
19161,2024-05-16,sold
19162,2024-05-16,sold
19163,2024-05-16,sold
19164,2024-05-16,sold
19165,2024-05-16,available
19166,2024-05-16,sold
19167,2024-05-16,sold
19168,2024-05-17,sold
19169,2024-05-17,sold
19170,2024-05-17,sold
19171,2024-05-17,defective
19172,2024-05-17,sold
19173,2024-05-17,sold
19174,2024-05-17,available
19175,2024-05-17,sold
19176,2024-05-17,available
19177,2024-05-17,sold
19178,2024-05-17,sold
19179,2024-05-17,sold
19180,2024-05-18,sold
19181,2024-05-18,available
19182,2024-05-18,sold
19183,2024-05-18,sold
19184,2024-05-18,sold
19185,2024-05-18,sold
19186,2024-05-18,sold
19187,2024-05-18,sold
19188,2024-05-18,sold
19189,2024-05-18,sold
19190,2024-05-18,sold
19191,2024-05-18,sold
19192,2024-05-19,sold
19193,2024-05-19,sold
19194,2024-05-19,sold
19195,2024-05-19,sold
19196,2024-05-19,sold
19197,2024-05-19,sold
19198,2024-05-19,sold
19199,2024-05-19,sold
19200,2024-05-19,sold
19201,2024-05-19,sold
19202,2024-05-19,sold
19203,2024-05-19,sold
19204,2024-05-20,sold
19205,2024-05-20,available
19206,2024-05-20,sold
19207,2024-05-20,sold
19208,2024-05-20,sold
19209,2024-05-20,sold
19210,2024-05-20,sold
19211,2024-05-20,sold
19212,2024-05-20,sold
19213,2024-05-20,available
19214,2024-05-20,sold
19215,2024-05-20,defective
19216,2024-05-21,available
19217,2024-05-21,sold
19218,2024-05-21,available
19219,2024-05-21,sold
19220,2024-05-21,sold
19221,2024-05-21,sold
19222,2024-05-21,sold
19223,2024-05-21,sold
19224,2024-05-21,sold
19225,2024-05-21,sold
19226,2024-05-21,available
19227,2024-05-21,sold
19228,2024-05-22,sold
19229,2024-05-22,sold
19230,2024-05-22,sold
19231,2024-05-22,sold
19232,2024-05-22,sold
19233,2024-05-22,sold
19234,2024-05-22,sold
19235,2024-05-22,sold
19236,2024-05-22,defective
19237,2024-05-22,available
19238,2024-05-22,sold
19239,2024-05-22,sold
19240,2024-05-23,available
19241,2024-05-23,sold
19242,2024-05-23,sold
19243,2024-05-23,defective
19244,2024-05-23,defective
19245,2024-05-23,sold
19246,2024-05-23,sold
19247,2024-05-23,sold
19248,2024-05-23,available
19249,2024-05-23,sold
19250,2024-05-23,sold
19251,2024-05-23,sold
19252,2024-05-24,sold
19253,2024-05-24,sold
19254,2024-05-24,sold
19255,2024-05-24,sold
19256,2024-05-24,sold
19257,2024-05-24,sold
19258,2024-05-24,sold
19259,2024-05-24,sold
19260,2024-05-24,sold
19261,2024-05-24,sold
19262,2024-05-24,sold
19263,2024-05-24,sold
19264,2024-05-25,sold
19265,2024-05-25,sold
19266,2024-05-25,sold
19267,2024-05-25,sold
19268,2024-05-25,sold
19269,2024-05-25,sold
19270,2024-05-25,defective
19271,2024-05-25,sold
19272,2024-05-25,sold
19273,2024-05-25,sold
19274,2024-05-25,sold
19275,2024-05-25,sold
19276,2024-05-26,sold
19277,2024-05-26,sold
19278,2024-05-26,defective
19279,2024-05-26,sold
19280,2024-05-26,sold
19281,2024-05-26,sold
19282,2024-05-26,sold
19283,2024-05-26,sold
19284,2024-05-26,sold
19285,2024-05-26,sold
19286,2024-05-26,sold
19287,2024-05-26,sold
19288,2024-05-27,sold
19289,2024-05-27,sold
19290,2024-05-27,sold
19291,2024-05-27,sold
19292,2024-05-27,sold
19293,2024-05-27,available
19294,2024-05-27,sold
19295,2024-05-27,defective
19296,2024-05-27,sold
19297,2024-05-27,sold
19298,2024-05-27,sold
19299,2024-05-27,sold
19300,2024-05-28,sold
19301,2024-05-28,sold
19302,2024-05-28,sold
19303,2024-05-28,sold
19304,2024-05-28,sold
19305,2024-05-28,sold
19306,2024-05-28,sold
19307,2024-05-28,available
19308,2024-05-28,sold
19309,2024-05-28,sold
19310,2024-05-28,sold
19311,2024-05-28,sold
19312,2024-05-29,available
19313,2024-05-29,sold
19314,2024-05-29,sold
19315,2024-05-29,sold
19316,2024-05-29,sold
19317,2024-05-29,available
19318,2024-05-29,sold
19319,2024-05-29,defective
19320,2024-05-29,sold
19321,2024-05-29,sold
19322,2024-05-29,sold
19323,2024-05-29,sold
19324,2024-05-30,sold
19325,2024-05-30,sold
19326,2024-05-30,sold
19327,2024-05-30,sold
19328,2024-05-30,sold
19329,2024-05-30,sold
19330,2024-05-30,sold
19331,2024-05-30,sold
19332,2024-05-30,defective
19333,2024-05-30,sold
19334,2024-05-30,sold
19335,2024-05-30,sold
19336,2024-05-31,sold
19337,2024-05-31,available
19338,2024-05-31,sold
19339,2024-05-31,sold
19340,2024-05-31,sold
19341,2024-05-31,sold
19342,2024-05-31,sold
19343,2024-05-31,available
19344,2024-05-31,sold
19345,2024-05-31,sold
19346,2024-05-31,available
19347,2024-05-31,sold
19348,2024-06-01,defective
19349,2024-06-01,sold
19350,2024-06-01,sold
19351,2024-06-01,sold
19352,2024-06-01,sold
19353,2024-06-01,available
19354,2024-06-01,sold
19355,2024-06-01,sold
19356,2024-06-01,sold
19357,2024-06-01,sold
19358,2024-06-01,sold
19359,2024-06-01,sold
19360,2024-06-02,sold
19361,2024-06-02,sold
19362,2024-06-02,sold
19363,2024-06-02,sold
19364,2024-06-02,sold
19365,2024-06-02,sold
19366,2024-06-02,sold
19367,2024-06-02,available
19368,2024-06-02,sold
19369,2024-06-02,sold
19370,2024-06-02,sold
19371,2024-06-02,sold
19372,2024-06-03,sold
19373,2024-06-03,sold
19374,2024-06-03,sold
19375,2024-06-03,available
19376,2024-06-03,sold
19377,2024-06-03,sold
19378,2024-06-03,sold
19379,2024-06-03,sold
19380,2024-06-03,sold
19381,2024-06-03,sold
19382,2024-06-03,sold
19383,2024-06-03,sold
19384,2024-06-04,defective
19385,2024-06-04,sold
19386,2024-06-04,available
19387,2024-06-04,defective
19388,2024-06-04,sold
19389,2024-06-04,sold
19390,2024-06-04,sold
19391,2024-06-04,defective
19392,2024-06-04,sold
19393,2024-06-04,sold
19394,2024-06-04,sold
19395,2024-06-04,sold
19396,2024-06-05,sold
19397,2024-06-05,sold
19398,2024-06-05,available
19399,2024-06-05,sold
19400,2024-06-05,sold
19401,2024-06-05,sold
19402,2024-06-05,available
19403,2024-06-05,available
19404,2024-06-05,available
19405,2024-06-05,sold
19406,2024-06-05,sold
19407,2024-06-05,sold
19408,2024-06-06,available
19409,2024-06-06,sold
19410,2024-06-06,sold
19411,2024-06-06,defective
19412,2024-06-06,sold
19413,2024-06-06,sold
19414,2024-06-06,sold
19415,2024-06-06,sold
19416,2024-06-06,sold
19417,2024-06-06,defective
19418,2024-06-06,sold
19419,2024-06-06,sold
19420,2024-06-07,available
19421,2024-06-07,available
19422,2024-06-07,sold
19423,2024-06-07,sold
19424,2024-06-07,sold
19425,2024-06-07,sold
19426,2024-06-07,available
19427,2024-06-07,sold
19428,2024-06-07,sold
19429,2024-06-07,sold
19430,2024-06-07,sold
19431,2024-06-07,defective
19432,2024-06-08,sold
19433,2024-06-08,sold
19434,2024-06-08,sold
19435,2024-06-08,sold
19436,2024-06-08,sold
19437,2024-06-08,sold
19438,2024-06-08,sold
19439,2024-06-08,sold
19440,2024-06-08,sold
19441,2024-06-08,sold
19442,2024-06-08,available
19443,2024-06-08,sold
19444,2024-06-09,sold
19445,2024-06-09,sold
19446,2024-06-09,sold
19447,2024-06-09,sold
19448,2024-06-09,defective
19449,2024-06-09,sold
19450,2024-06-09,sold
19451,2024-06-09,sold
19452,2024-06-09,sold
19453,2024-06-09,sold
19454,2024-06-09,sold
19455,2024-06-09,sold
19456,2024-06-10,sold
19457,2024-06-10,sold
19458,2024-06-10,sold
19459,2024-06-10,sold
19460,2024-06-10,sold
19461,2024-06-10,defective
19462,2024-06-10,sold
19463,2024-06-10,sold
19464,2024-06-10,sold
19465,2024-06-10,sold
19466,2024-06-10,sold
19467,2024-06-10,sold
19468,2024-06-11,sold
19469,2024-06-11,sold
19470,2024-06-11,sold
19471,2024-06-11,sold
19472,2024-06-11,sold
19473,2024-06-11,sold
19474,2024-06-11,sold
19475,2024-06-11,defective
19476,2024-06-11,sold
19477,2024-06-11,sold
19478,2024-06-11,sold
19479,2024-06-11,sold
19480,2024-06-12,sold
19481,2024-06-12,sold
19482,2024-06-12,available
19483,2024-06-12,sold
19484,2024-06-12,sold
19485,2024-06-12,sold
19486,2024-06-12,sold
19487,2024-06-12,sold
19488,2024-06-12,sold
19489,2024-06-12,sold
19490,2024-06-12,sold
19491,2024-06-12,sold
19492,2024-06-13,sold
19493,2024-06-13,sold
19494,2024-06-13,defective
19495,2024-06-13,sold
19496,2024-06-13,sold
19497,2024-06-13,defective
19498,2024-06-13,sold
19499,2024-06-13,sold
19500,2024-06-13,available
19501,2024-06-13,available
19502,2024-06-13,sold
19503,2024-06-13,sold
19504,2024-06-14,sold
19505,2024-06-14,defective
19506,2024-06-14,defective
19507,2024-06-14,available
19508,2024-06-14,sold
19509,2024-06-14,sold
19510,2024-06-14,sold
19511,2024-06-14,defective
19512,2024-06-14,sold
19513,2024-06-14,sold
19514,2024-06-14,sold
19515,2024-06-14,available
19516,2024-06-15,sold
19517,2024-06-15,sold
19518,2024-06-15,sold
19519,2024-06-15,available
19520,2024-06-15,sold
19521,2024-06-15,sold
19522,2024-06-15,sold
19523,2024-06-15,sold
19524,2024-06-15,sold
19525,2024-06-15,available
19526,2024-06-15,defective
19527,2024-06-15,defective
19528,2024-06-16,sold
19529,2024-06-16,sold
19530,2024-06-16,sold
19531,2024-06-16,sold
19532,2024-06-16,sold
19533,2024-06-16,sold
19534,2024-06-16,sold
19535,2024-06-16,sold
19536,2024-06-16,sold
19537,2024-06-16,sold
19538,2024-06-16,sold
19539,2024-06-16,available
19540,2024-06-17,sold
19541,2024-06-17,sold
19542,2024-06-17,available
19543,2024-06-17,sold
19544,2024-06-17,sold
19545,2024-06-17,sold
19546,2024-06-17,sold
19547,2024-06-17,sold
19548,2024-06-17,sold
19549,2024-06-17,sold
19550,2024-06-17,sold
19551,2024-06-17,sold
19552,2024-06-18,sold
19553,2024-06-18,sold
19554,2024-06-18,available
19555,2024-06-18,sold
19556,2024-06-18,available
19557,2024-06-18,sold
19558,2024-06-18,sold
19559,2024-06-18,available
19560,2024-06-18,sold
19561,2024-06-18,available
19562,2024-06-18,available
19563,2024-06-18,sold
19564,2024-06-19,sold
19565,2024-06-19,sold
19566,2024-06-19,sold
19567,2024-06-19,sold
19568,2024-06-19,available
19569,2024-06-19,sold
19570,2024-06-19,sold
19571,2024-06-19,sold
19572,2024-06-19,sold
19573,2024-06-19,available
19574,2024-06-19,sold
19575,2024-06-19,sold
19576,2024-06-20,sold
19577,2024-06-20,sold
19578,2024-06-20,sold
19579,2024-06-20,sold
19580,2024-06-20,sold
19581,2024-06-20,sold
19582,2024-06-20,available
19583,2024-06-20,sold
19584,2024-06-20,sold
19585,2024-06-20,sold
19586,2024-06-20,sold
19587,2024-06-20,sold
19588,2024-06-21,sold
19589,2024-06-21,sold
19590,2024-06-21,sold
19591,2024-06-21,sold
19592,2024-06-21,available
19593,2024-06-21,sold
19594,2024-06-21,sold
19595,2024-06-21,sold
19596,2024-06-21,defective
19597,2024-06-21,sold
19598,2024-06-21,sold
19599,2024-06-21,sold
19600,2024-06-22,defective
19601,2024-06-22,available
19602,2024-06-22,sold
19603,2024-06-22,sold
19604,2024-06-22,sold
19605,2024-06-22,sold
19606,2024-06-22,sold
19607,2024-06-22,sold
19608,2024-06-22,sold
19609,2024-06-22,sold
19610,2024-06-22,sold
19611,2024-06-22,sold
19612,2024-06-23,sold
19613,2024-06-23,defective
19614,2024-06-23,sold
19615,2024-06-23,sold
19616,2024-06-23,sold
19617,2024-06-23,sold
19618,2024-06-23,sold
19619,2024-06-23,sold
19620,2024-06-23,sold
19621,2024-06-23,sold
19622,2024-06-23,sold
19623,2024-06-23,sold
19624,2024-06-24,sold
19625,2024-06-24,sold
19626,2024-06-24,sold
19627,2024-06-24,sold
19628,2024-06-24,sold
19629,2024-06-24,sold
19630,2024-06-24,sold
19631,2024-06-24,sold
19632,2024-06-24,sold
19633,2024-06-24,sold
19634,2024-06-24,sold
19635,2024-06-24,sold
19636,2024-06-25,available
19637,2024-06-25,sold
19638,2024-06-25,defective
19639,2024-06-25,sold
19640,2024-06-25,sold
19641,2024-06-25,available
19642,2024-06-25,sold
19643,2024-06-25,sold
19644,2024-06-25,sold
19645,2024-06-25,sold
19646,2024-06-25,sold
19647,2024-06-25,sold
19648,2024-06-26,sold
19649,2024-06-26,available
19650,2024-06-26,sold
19651,2024-06-26,sold
19652,2024-06-26,available
19653,2024-06-26,sold
19654,2024-06-26,available
19655,2024-06-26,available
19656,2024-06-26,sold
19657,2024-06-26,sold
19658,2024-06-26,sold
19659,2024-06-26,available
19660,2024-06-27,sold
19661,2024-06-27,sold
19662,2024-06-27,sold
19663,2024-06-27,sold
19664,2024-06-27,sold
19665,2024-06-27,sold
19666,2024-06-27,sold
19667,2024-06-27,available
19668,2024-06-27,sold
19669,2024-06-27,sold
19670,2024-06-27,sold
19671,2024-06-27,defective
19672,2024-06-28,defective
19673,2024-06-28,sold
19674,2024-06-28,sold
19675,2024-06-28,available
19676,2024-06-28,sold
19677,2024-06-28,available
19678,2024-06-28,defective
19679,2024-06-28,available
19680,2024-06-28,available
19681,2024-06-28,sold
19682,2024-06-28,sold
19683,2024-06-28,sold
19684,2024-06-29,sold
19685,2024-06-29,sold
19686,2024-06-29,sold
19687,2024-06-29,sold
19688,2024-06-29,sold
19689,2024-06-29,sold
19690,2024-06-29,sold
19691,2024-06-29,sold
19692,2024-06-29,available
19693,2024-06-29,sold
19694,2024-06-29,available
19695,2024-06-29,sold
19696,2024-06-30,sold
19697,2024-06-30,available
19698,2024-06-30,sold
19699,2024-06-30,sold
19700,2024-06-30,sold
19701,2024-06-30,sold
19702,2024-06-30,sold
19703,2024-06-30,sold
19704,2024-06-30,sold
19705,2024-06-30,sold
19706,2024-06-30,sold
19707,2024-06-30,sold
19708,2024-07-01,sold
19709,2024-07-01,sold
19710,2024-07-01,sold
19711,2024-07-01,sold
19712,2024-07-01,sold
19713,2024-07-01,sold
19714,2024-07-01,sold
19715,2024-07-01,sold
19716,2024-07-01,available
19717,2024-07-01,sold
19718,2024-07-01,defective
19719,2024-07-01,defective
19720,2024-07-02,sold
19721,2024-07-02,sold
19722,2024-07-02,available
19723,2024-07-02,sold
19724,2024-07-02,available
19725,2024-07-02,sold
19726,2024-07-02,sold
19727,2024-07-02,sold
19728,2024-07-02,sold
19729,2024-07-02,sold
19730,2024-07-02,sold
19731,2024-07-02,sold
19732,2024-07-03,sold
19733,2024-07-03,sold
19734,2024-07-03,sold
19735,2024-07-03,sold
19736,2024-07-03,sold
19737,2024-07-03,sold
19738,2024-07-03,defective
19739,2024-07-03,sold
19740,2024-07-03,sold
19741,2024-07-03,sold
19742,2024-07-03,sold
19743,2024-07-03,sold
19744,2024-07-04,sold
19745,2024-07-04,sold
19746,2024-07-04,sold
19747,2024-07-04,sold
19748,2024-07-04,sold
19749,2024-07-04,sold
19750,2024-07-04,sold
19751,2024-07-04,defective
19752,2024-07-04,sold
19753,2024-07-04,sold
19754,2024-07-04,sold
19755,2024-07-04,sold
19756,2024-07-05,sold
19757,2024-07-05,sold
19758,2024-07-05,sold
19759,2024-07-05,sold
19760,2024-07-05,sold
19761,2024-07-05,sold
19762,2024-07-05,sold
19763,2024-07-05,available
19764,2024-07-05,sold
19765,2024-07-05,sold
19766,2024-07-05,sold
19767,2024-07-05,sold
19768,2024-07-06,sold
19769,2024-07-06,sold
19770,2024-07-06,sold
19771,2024-07-06,defective
19772,2024-07-06,sold
19773,2024-07-06,sold
19774,2024-07-06,sold
19775,2024-07-06,sold
19776,2024-07-06,sold
19777,2024-07-06,available
19778,2024-07-06,sold
19779,2024-07-06,sold
19780,2024-07-07,sold
19781,2024-07-07,sold
19782,2024-07-07,sold
19783,2024-07-07,sold
19784,2024-07-07,defective
19785,2024-07-07,sold
19786,2024-07-07,sold
19787,2024-07-07,sold
19788,2024-07-07,available
19789,2024-07-07,available
19790,2024-07-07,sold
19791,2024-07-07,sold
19792,2024-07-08,sold
19793,2024-07-08,sold
19794,2024-07-08,sold
19795,2024-07-08,sold
19796,2024-07-08,sold
19797,2024-07-08,sold
19798,2024-07-08,sold
19799,2024-07-08,sold
19800,2024-07-08,sold
19801,2024-07-08,sold
19802,2024-07-08,sold
19803,2024-07-08,available
19804,2024-07-09,available
19805,2024-07-09,defective
19806,2024-07-09,sold
19807,2024-07-09,sold
19808,2024-07-09,sold
19809,2024-07-09,sold
19810,2024-07-09,sold
19811,2024-07-09,sold
19812,2024-07-09,sold
19813,2024-07-09,sold
19814,2024-07-09,available
19815,2024-07-09,available
19816,2024-07-10,sold
19817,2024-07-10,sold
19818,2024-07-10,sold
19819,2024-07-10,sold
19820,2024-07-10,sold
19821,2024-07-10,sold
19822,2024-07-10,sold
19823,2024-07-10,available
19824,2024-07-10,sold
19825,2024-07-10,sold
19826,2024-07-10,available
19827,2024-07-10,available
19828,2024-07-11,sold
19829,2024-07-11,sold
19830,2024-07-11,available
19831,2024-07-11,sold
19832,2024-07-11,sold
19833,2024-07-11,sold
19834,2024-07-11,sold
19835,2024-07-11,sold
19836,2024-07-11,available
19837,2024-07-11,defective
19838,2024-07-11,sold
19839,2024-07-11,sold
19840,2024-07-12,sold
19841,2024-07-12,sold
19842,2024-07-12,sold
19843,2024-07-12,sold
19844,2024-07-12,sold
19845,2024-07-12,defective
19846,2024-07-12,sold
19847,2024-07-12,sold
19848,2024-07-12,available
19849,2024-07-12,sold
19850,2024-07-12,sold
19851,2024-07-12,sold
19852,2024-07-13,sold
19853,2024-07-13,defective
19854,2024-07-13,sold
19855,2024-07-13,available
19856,2024-07-13,sold
19857,2024-07-13,sold
19858,2024-07-13,sold
19859,2024-07-13,defective
19860,2024-07-13,sold
19861,2024-07-13,sold
19862,2024-07-13,sold
19863,2024-07-13,sold
19864,2024-07-14,sold
19865,2024-07-14,available
19866,2024-07-14,sold
19867,2024-07-14,sold
19868,2024-07-14,sold
19869,2024-07-14,defective
19870,2024-07-14,sold
19871,2024-07-14,sold
19872,2024-07-14,sold
19873,2024-07-14,sold
19874,2024-07-14,sold
19875,2024-07-14,available
19876,2024-07-15,sold
19877,2024-07-15,available
19878,2024-07-15,available
19879,2024-07-15,sold
19880,2024-07-15,sold
19881,2024-07-15,sold
19882,2024-07-15,sold
19883,2024-07-15,sold
19884,2024-07-15,sold
19885,2024-07-15,defective
19886,2024-07-15,sold
19887,2024-07-15,sold
19888,2024-07-16,sold
19889,2024-07-16,sold
19890,2024-07-16,sold
19891,2024-07-16,available
19892,2024-07-16,available
19893,2024-07-16,defective
19894,2024-07-16,sold
19895,2024-07-16,sold
19896,2024-07-16,defective
19897,2024-07-16,sold
19898,2024-07-16,available
19899,2024-07-16,available
19900,2024-07-17,sold
19901,2024-07-17,sold
19902,2024-07-17,available
19903,2024-07-17,sold
19904,2024-07-17,defective
19905,2024-07-17,sold
19906,2024-07-17,sold
19907,2024-07-17,available
19908,2024-07-17,sold
19909,2024-07-17,sold
19910,2024-07-17,available
19911,2024-07-17,sold
19912,2024-07-18,available
19913,2024-07-18,available
19914,2024-07-18,sold
19915,2024-07-18,sold
19916,2024-07-18,available
19917,2024-07-18,sold
19918,2024-07-18,sold
19919,2024-07-18,sold
19920,2024-07-18,sold
19921,2024-07-18,sold
19922,2024-07-18,sold
19923,2024-07-18,sold
19924,2024-07-19,sold
19925,2024-07-19,sold
19926,2024-07-19,sold
19927,2024-07-19,sold
19928,2024-07-19,sold
19929,2024-07-19,sold
19930,2024-07-19,sold
19931,2024-07-19,sold
19932,2024-07-19,sold
19933,2024-07-19,sold
19934,2024-07-19,sold
19935,2024-07-19,sold
19936,2024-07-20,sold
19937,2024-07-20,sold
19938,2024-07-20,sold
19939,2024-07-20,sold
19940,2024-07-20,sold
19941,2024-07-20,sold
19942,2024-07-20,sold
19943,2024-07-20,sold
19944,2024-07-20,sold
19945,2024-07-20,available
19946,2024-07-20,sold
19947,2024-07-20,sold
19948,2024-07-21,sold
19949,2024-07-21,sold
19950,2024-07-21,sold
19951,2024-07-21,available
19952,2024-07-21,sold
19953,2024-07-21,sold
19954,2024-07-21,sold
19955,2024-07-21,sold
19956,2024-07-21,sold
19957,2024-07-21,sold
19958,2024-07-21,sold
19959,2024-07-21,sold
19960,2024-07-22,sold
19961,2024-07-22,sold
19962,2024-07-22,sold
19963,2024-07-22,sold
19964,2024-07-22,sold
19965,2024-07-22,sold
19966,2024-07-22,sold
19967,2024-07-22,available
19968,2024-07-22,sold
19969,2024-07-22,available
19970,2024-07-22,sold
19971,2024-07-22,sold
19972,2024-07-23,sold
19973,2024-07-23,sold
19974,2024-07-23,sold
19975,2024-07-23,available
19976,2024-07-23,sold
19977,2024-07-23,available
19978,2024-07-23,sold
19979,2024-07-23,sold
19980,2024-07-23,sold
19981,2024-07-23,sold
19982,2024-07-23,sold
19983,2024-07-23,available
19984,2024-07-24,sold
19985,2024-07-24,sold
19986,2024-07-24,sold
19987,2024-07-24,sold
19988,2024-07-24,sold
19989,2024-07-24,defective
19990,2024-07-24,sold
19991,2024-07-24,sold
19992,2024-07-24,defective
19993,2024-07-24,defective
19994,2024-07-24,sold
19995,2024-07-24,sold
19996,2024-07-25,sold
19997,2024-07-25,sold
19998,2024-07-25,sold
19999,2024-07-25,defective
20000,2024-07-25,sold
20001,2024-07-25,defective
20002,2024-07-25,available
20003,2024-07-25,sold
20004,2024-07-25,available
20005,2024-07-25,sold
20006,2024-07-25,sold
20007,2024-07-25,sold
20008,2024-07-26,sold
20009,2024-07-26,sold
20010,2024-07-26,available
20011,2024-07-26,available
20012,2024-07-26,sold
20013,2024-07-26,sold
20014,2024-07-26,sold
20015,2024-07-26,sold
20016,2024-07-26,sold
20017,2024-07-26,sold
20018,2024-07-26,sold
20019,2024-07-26,available
20020,2024-07-27,sold
20021,2024-07-27,sold
20022,2024-07-27,sold
20023,2024-07-27,sold
20024,2024-07-27,defective
20025,2024-07-27,sold
20026,2024-07-27,sold
20027,2024-07-27,sold
20028,2024-07-27,sold
20029,2024-07-27,sold
20030,2024-07-27,defective
20031,2024-07-27,available
20032,2024-07-28,sold
20033,2024-07-28,defective
20034,2024-07-28,sold
20035,2024-07-28,sold
20036,2024-07-28,sold
20037,2024-07-28,available
20038,2024-07-28,sold
20039,2024-07-28,sold
20040,2024-07-28,sold
20041,2024-07-28,sold
20042,2024-07-28,sold
20043,2024-07-28,sold
20044,2024-07-29,sold
20045,2024-07-29,sold
20046,2024-07-29,available
20047,2024-07-29,defective
20048,2024-07-29,sold
20049,2024-07-29,sold
20050,2024-07-29,sold
20051,2024-07-29,defective
20052,2024-07-29,sold
20053,2024-07-29,sold
20054,2024-07-29,sold
20055,2024-07-29,sold
20056,2024-07-30,available
20057,2024-07-30,available
20058,2024-07-30,sold
20059,2024-07-30,sold
20060,2024-07-30,sold
20061,2024-07-30,sold
20062,2024-07-30,sold
20063,2024-07-30,available
20064,2024-07-30,sold
20065,2024-07-30,sold
20066,2024-07-30,sold
20067,2024-07-30,sold
20068,2024-07-31,sold
20069,2024-07-31,sold
20070,2024-07-31,sold
20071,2024-07-31,sold
20072,2024-07-31,sold
20073,2024-07-31,sold
20074,2024-07-31,sold
20075,2024-07-31,sold
20076,2024-07-31,available
20077,2024-07-31,defective
20078,2024-07-31,available
20079,2024-07-31,sold
20080,2024-08-01,sold
20081,2024-08-01,sold
20082,2024-08-01,sold
20083,2024-08-01,sold
20084,2024-08-01,sold
20085,2024-08-01,sold
20086,2024-08-01,sold
20087,2024-08-01,available
20088,2024-08-01,sold
20089,2024-08-01,available
20090,2024-08-01,sold
20091,2024-08-01,sold
20092,2024-08-02,sold
20093,2024-08-02,sold
20094,2024-08-02,sold
20095,2024-08-02,defective
20096,2024-08-02,defective
20097,2024-08-02,defective
20098,2024-08-02,sold
20099,2024-08-02,sold
20100,2024-08-02,sold
20101,2024-08-02,sold
20102,2024-08-02,sold
20103,2024-08-02,sold
20104,2024-08-03,sold
20105,2024-08-03,sold
20106,2024-08-03,defective
20107,2024-08-03,sold
20108,2024-08-03,sold
20109,2024-08-03,sold
20110,2024-08-03,sold
20111,2024-08-03,sold
20112,2024-08-03,sold
20113,2024-08-03,sold
20114,2024-08-03,sold
20115,2024-08-03,available
20116,2024-08-04,sold
20117,2024-08-04,sold
20118,2024-08-04,sold
20119,2024-08-04,sold
20120,2024-08-04,available
20121,2024-08-04,sold
20122,2024-08-04,sold
20123,2024-08-04,sold
20124,2024-08-04,sold
20125,2024-08-04,available
20126,2024-08-04,sold
20127,2024-08-04,sold
20128,2024-08-05,sold
20129,2024-08-05,sold
20130,2024-08-05,available
20131,2024-08-05,sold
20132,2024-08-05,sold
20133,2024-08-05,sold
20134,2024-08-05,sold
20135,2024-08-05,sold
20136,2024-08-05,sold
20137,2024-08-05,sold
20138,2024-08-05,sold
20139,2024-08-05,available
20140,2024-08-06,sold
20141,2024-08-06,sold
20142,2024-08-06,available
20143,2024-08-06,sold
20144,2024-08-06,available
20145,2024-08-06,available
20146,2024-08-06,sold
20147,2024-08-06,sold
20148,2024-08-06,defective
20149,2024-08-06,available
20150,2024-08-06,sold
20151,2024-08-06,sold
20152,2024-08-07,sold
20153,2024-08-07,sold
20154,2024-08-07,sold
20155,2024-08-07,sold
20156,2024-08-07,sold
20157,2024-08-07,sold
20158,2024-08-07,sold
20159,2024-08-07,sold
20160,2024-08-07,defective
20161,2024-08-07,sold
20162,2024-08-07,available
20163,2024-08-07,available
20164,2024-08-08,available
20165,2024-08-08,sold
20166,2024-08-08,sold
20167,2024-08-08,available
20168,2024-08-08,sold
20169,2024-08-08,available
20170,2024-08-08,sold
20171,2024-08-08,sold
20172,2024-08-08,sold
20173,2024-08-08,sold
20174,2024-08-08,sold
20175,2024-08-08,defective
20176,2024-08-09,sold
20177,2024-08-09,sold
20178,2024-08-09,sold
20179,2024-08-09,sold
20180,2024-08-09,sold
20181,2024-08-09,available
20182,2024-08-09,defective
20183,2024-08-09,sold
20184,2024-08-09,sold
20185,2024-08-09,sold
20186,2024-08-09,available
20187,2024-08-09,sold
20188,2024-08-10,defective
20189,2024-08-10,sold
20190,2024-08-10,sold
20191,2024-08-10,sold
20192,2024-08-10,available
20193,2024-08-10,sold
20194,2024-08-10,sold
20195,2024-08-10,sold
20196,2024-08-10,sold
20197,2024-08-10,sold
20198,2024-08-10,sold
20199,2024-08-10,sold
20200,2024-08-11,sold
20201,2024-08-11,sold
20202,2024-08-11,sold
20203,2024-08-11,sold
20204,2024-08-11,sold
20205,2024-08-11,sold
20206,2024-08-11,sold
20207,2024-08-11,sold
20208,2024-08-11,sold
20209,2024-08-11,sold
20210,2024-08-11,sold
20211,2024-08-11,defective
20212,2024-08-12,defective
20213,2024-08-12,sold
20214,2024-08-12,sold
20215,2024-08-12,sold
20216,2024-08-12,sold
20217,2024-08-12,sold
20218,2024-08-12,sold
20219,2024-08-12,sold
20220,2024-08-12,available
20221,2024-08-12,sold
20222,2024-08-12,sold
20223,2024-08-12,defective
20224,2024-08-13,available
20225,2024-08-13,sold
20226,2024-08-13,sold
20227,2024-08-13,sold
20228,2024-08-13,sold
20229,2024-08-13,sold
20230,2024-08-13,sold
20231,2024-08-13,sold
20232,2024-08-13,sold
20233,2024-08-13,sold
20234,2024-08-13,sold
20235,2024-08-13,available
20236,2024-08-14,sold
20237,2024-08-14,sold
20238,2024-08-14,sold
20239,2024-08-14,sold
20240,2024-08-14,sold
20241,2024-08-14,sold
20242,2024-08-14,defective
20243,2024-08-14,sold
20244,2024-08-14,sold
20245,2024-08-14,sold
20246,2024-08-14,sold
20247,2024-08-14,sold
20248,2024-08-15,sold
20249,2024-08-15,sold
20250,2024-08-15,sold
20251,2024-08-15,sold
20252,2024-08-15,sold
20253,2024-08-15,sold
20254,2024-08-15,sold
20255,2024-08-15,sold
20256,2024-08-15,sold
20257,2024-08-15,sold
20258,2024-08-15,sold
20259,2024-08-15,available
20260,2024-08-16,available
20261,2024-08-16,sold
20262,2024-08-16,sold
20263,2024-08-16,sold
20264,2024-08-16,sold
20265,2024-08-16,sold
20266,2024-08-16,available
20267,2024-08-16,sold
20268,2024-08-16,sold
20269,2024-08-16,sold
20270,2024-08-16,sold
20271,2024-08-16,sold
20272,2024-08-17,defective
20273,2024-08-17,sold
20274,2024-08-17,sold
20275,2024-08-17,sold
20276,2024-08-17,sold
20277,2024-08-17,defective
20278,2024-08-17,sold
20279,2024-08-17,sold
20280,2024-08-17,sold
20281,2024-08-17,sold
20282,2024-08-17,sold
20283,2024-08-17,available
20284,2024-08-18,sold
20285,2024-08-18,sold
20286,2024-08-18,sold
20287,2024-08-18,sold
20288,2024-08-18,sold
20289,2024-08-18,sold
20290,2024-08-18,sold
20291,2024-08-18,sold
20292,2024-08-18,available
20293,2024-08-18,available
20294,2024-08-18,sold
20295,2024-08-18,sold
20296,2024-08-19,sold
20297,2024-08-19,sold
20298,2024-08-19,sold
20299,2024-08-19,sold
20300,2024-08-19,sold
20301,2024-08-19,sold
20302,2024-08-19,sold
20303,2024-08-19,sold
20304,2024-08-19,sold
20305,2024-08-19,sold
20306,2024-08-19,sold
20307,2024-08-19,sold
20308,2024-08-20,sold
20309,2024-08-20,sold
20310,2024-08-20,sold
20311,2024-08-20,sold
20312,2024-08-20,sold
20313,2024-08-20,sold
20314,2024-08-20,available
20315,2024-08-20,sold
20316,2024-08-20,available
20317,2024-08-20,available
20318,2024-08-20,sold
20319,2024-08-20,sold
20320,2024-08-21,sold
20321,2024-08-21,available
20322,2024-08-21,sold
20323,2024-08-21,sold
20324,2024-08-21,available
20325,2024-08-21,sold
20326,2024-08-21,sold
20327,2024-08-21,sold
20328,2024-08-21,available
20329,2024-08-21,sold
20330,2024-08-21,defective
20331,2024-08-21,sold
20332,2024-08-22,sold
20333,2024-08-22,sold
20334,2024-08-22,sold
20335,2024-08-22,sold
20336,2024-08-22,sold
20337,2024-08-22,sold
20338,2024-08-22,sold
20339,2024-08-22,sold
20340,2024-08-22,available
20341,2024-08-22,available
20342,2024-08-22,defective
20343,2024-08-22,sold
20344,2024-08-23,sold
20345,2024-08-23,defective
20346,2024-08-23,sold
20347,2024-08-23,sold
20348,2024-08-23,sold
20349,2024-08-23,sold
20350,2024-08-23,sold
20351,2024-08-23,sold
20352,2024-08-23,sold
20353,2024-08-23,sold
20354,2024-08-23,sold
20355,2024-08-23,sold
20356,2024-08-24,sold
20357,2024-08-24,sold
20358,2024-08-24,sold
20359,2024-08-24,sold
20360,2024-08-24,sold
20361,2024-08-24,sold
20362,2024-08-24,sold
20363,2024-08-24,sold
20364,2024-08-24,sold
20365,2024-08-24,sold
20366,2024-08-24,sold
20367,2024-08-24,sold
20368,2024-08-25,sold
20369,2024-08-25,sold
20370,2024-08-25,sold
20371,2024-08-25,sold
20372,2024-08-25,sold
20373,2024-08-25,available
20374,2024-08-25,defective
20375,2024-08-25,sold
20376,2024-08-25,sold
20377,2024-08-25,defective
20378,2024-08-25,sold
20379,2024-08-25,sold
20380,2024-08-26,defective
20381,2024-08-26,sold
20382,2024-08-26,sold
20383,2024-08-26,sold
20384,2024-08-26,sold
20385,2024-08-26,sold
20386,2024-08-26,sold
20387,2024-08-26,sold
20388,2024-08-26,sold
20389,2024-08-26,sold
20390,2024-08-26,available
20391,2024-08-26,sold
20392,2024-08-27,sold
20393,2024-08-27,sold
20394,2024-08-27,sold
20395,2024-08-27,sold
20396,2024-08-27,sold
20397,2024-08-27,sold
20398,2024-08-27,sold
20399,2024-08-27,sold
20400,2024-08-27,sold
20401,2024-08-27,available
20402,2024-08-27,sold
20403,2024-08-27,sold
20404,2024-08-28,sold
20405,2024-08-28,available
20406,2024-08-28,sold
20407,2024-08-28,sold
20408,2024-08-28,sold
20409,2024-08-28,sold
20410,2024-08-28,sold
20411,2024-08-28,sold
20412,2024-08-28,sold
20413,2024-08-28,sold
20414,2024-08-28,sold
20415,2024-08-28,sold
20416,2024-08-29,sold
20417,2024-08-29,sold
20418,2024-08-29,available
20419,2024-08-29,sold
20420,2024-08-29,sold
20421,2024-08-29,sold
20422,2024-08-29,sold
20423,2024-08-29,available
20424,2024-08-29,sold
20425,2024-08-29,sold
20426,2024-08-29,sold
20427,2024-08-29,sold
20428,2024-08-30,sold
20429,2024-08-30,sold
20430,2024-08-30,defective
20431,2024-08-30,sold
20432,2024-08-30,sold
20433,2024-08-30,sold
20434,2024-08-30,sold
20435,2024-08-30,sold
20436,2024-08-30,sold
20437,2024-08-30,sold
20438,2024-08-30,sold
20439,2024-08-30,sold
20440,2024-08-31,sold
20441,2024-08-31,sold
20442,2024-08-31,sold
20443,2024-08-31,available
20444,2024-08-31,sold
20445,2024-08-31,sold
20446,2024-08-31,sold
20447,2024-08-31,sold
20448,2024-08-31,sold
20449,2024-08-31,sold
20450,2024-08-31,sold
20451,2024-08-31,sold
20452,2024-09-01,sold
20453,2024-09-01,sold
20454,2024-09-01,sold
20455,2024-09-01,sold
20456,2024-09-01,available
20457,2024-09-01,sold
20458,2024-09-01,available
20459,2024-09-01,sold
20460,2024-09-01,sold
20461,2024-09-01,available
20462,2024-09-01,sold
20463,2024-09-01,sold
20464,2024-09-02,sold
20465,2024-09-02,sold
20466,2024-09-02,defective
20467,2024-09-02,sold
20468,2024-09-02,sold
20469,2024-09-02,sold
20470,2024-09-02,defective
20471,2024-09-02,sold
20472,2024-09-02,sold
20473,2024-09-02,sold
20474,2024-09-02,defective
20475,2024-09-02,sold
20476,2024-09-03,sold
20477,2024-09-03,available
20478,2024-09-03,sold
20479,2024-09-03,available
20480,2024-09-03,sold
20481,2024-09-03,sold
20482,2024-09-03,sold
20483,2024-09-03,sold
20484,2024-09-03,sold
20485,2024-09-03,sold
20486,2024-09-03,sold
20487,2024-09-03,sold
20488,2024-09-04,sold
20489,2024-09-04,defective
20490,2024-09-04,defective
20491,2024-09-04,available
20492,2024-09-04,sold
20493,2024-09-04,sold
20494,2024-09-04,sold
20495,2024-09-04,sold
20496,2024-09-04,available
20497,2024-09-04,defective
20498,2024-09-04,sold
20499,2024-09-04,sold
20500,2024-09-05,sold
20501,2024-09-05,sold
20502,2024-09-05,sold
20503,2024-09-05,available
20504,2024-09-05,sold
20505,2024-09-05,sold
20506,2024-09-05,available
20507,2024-09-05,sold
20508,2024-09-05,sold
20509,2024-09-05,sold
20510,2024-09-05,sold
20511,2024-09-05,sold
20512,2024-09-06,available
20513,2024-09-06,sold
20514,2024-09-06,sold
20515,2024-09-06,sold
20516,2024-09-06,sold
20517,2024-09-06,sold
20518,2024-09-06,available
20519,2024-09-06,sold
20520,2024-09-06,sold
20521,2024-09-06,sold
20522,2024-09-06,sold
20523,2024-09-06,sold
20524,2024-09-07,available
20525,2024-09-07,sold
20526,2024-09-07,sold
20527,2024-09-07,sold
20528,2024-09-07,sold
20529,2024-09-07,sold
20530,2024-09-07,sold
20531,2024-09-07,available
20532,2024-09-07,sold
20533,2024-09-07,sold
20534,2024-09-07,sold
20535,2024-09-07,sold
20536,2024-09-08,sold
20537,2024-09-08,sold
20538,2024-09-08,sold
20539,2024-09-08,sold
20540,2024-09-08,available
20541,2024-09-08,sold
20542,2024-09-08,sold
20543,2024-09-08,available
20544,2024-09-08,sold
20545,2024-09-08,sold
20546,2024-09-08,sold
20547,2024-09-08,sold
20548,2024-09-09,sold
20549,2024-09-09,sold
20550,2024-09-09,sold
20551,2024-09-09,sold
20552,2024-09-09,sold
20553,2024-09-09,available
20554,2024-09-09,sold
20555,2024-09-09,sold
20556,2024-09-09,sold
20557,2024-09-09,defective
20558,2024-09-09,sold
20559,2024-09-09,sold
20560,2024-09-10,sold
20561,2024-09-10,sold
20562,2024-09-10,sold
20563,2024-09-10,sold
20564,2024-09-10,sold
20565,2024-09-10,sold
20566,2024-09-10,sold
20567,2024-09-10,sold
20568,2024-09-10,sold
20569,2024-09-10,sold
20570,2024-09-10,sold
20571,2024-09-10,defective
20572,2024-09-11,sold
20573,2024-09-11,sold
20574,2024-09-11,sold
20575,2024-09-11,sold
20576,2024-09-11,sold
20577,2024-09-11,sold
20578,2024-09-11,sold
20579,2024-09-11,sold
20580,2024-09-11,sold
20581,2024-09-11,sold
20582,2024-09-11,sold
20583,2024-09-11,sold
20584,2024-09-12,sold
20585,2024-09-12,sold
20586,2024-09-12,sold
20587,2024-09-12,sold
20588,2024-09-12,sold
20589,2024-09-12,sold
20590,2024-09-12,sold
20591,2024-09-12,sold
20592,2024-09-12,sold
20593,2024-09-12,sold
20594,2024-09-12,sold
20595,2024-09-12,available
20596,2024-09-13,available
20597,2024-09-13,sold
20598,2024-09-13,defective
20599,2024-09-13,available
20600,2024-09-13,defective
20601,2024-09-13,sold
20602,2024-09-13,sold
20603,2024-09-13,available
20604,2024-09-13,sold
20605,2024-09-13,sold
20606,2024-09-13,sold
20607,2024-09-13,sold
20608,2024-09-14,sold
20609,2024-09-14,available
20610,2024-09-14,sold
20611,2024-09-14,sold
20612,2024-09-14,sold
20613,2024-09-14,sold
20614,2024-09-14,sold
20615,2024-09-14,sold
20616,2024-09-14,available
20617,2024-09-14,available
20618,2024-09-14,sold
20619,2024-09-14,defective
20620,2024-09-15,sold
20621,2024-09-15,sold
20622,2024-09-15,sold
20623,2024-09-15,sold
20624,2024-09-15,sold
20625,2024-09-15,sold
20626,2024-09-15,available
20627,2024-09-15,sold
20628,2024-09-15,sold
20629,2024-09-15,sold
20630,2024-09-15,sold
20631,2024-09-15,sold
20632,2024-09-16,sold
20633,2024-09-16,sold
20634,2024-09-16,sold
20635,2024-09-16,sold
20636,2024-09-16,sold
20637,2024-09-16,sold
20638,2024-09-16,sold
20639,2024-09-16,sold
20640,2024-09-16,sold
20641,2024-09-16,available
20642,2024-09-16,available
20643,2024-09-16,sold
20644,2024-09-17,sold
20645,2024-09-17,sold
20646,2024-09-17,sold
20647,2024-09-17,available
20648,2024-09-17,sold
20649,2024-09-17,sold
20650,2024-09-17,sold
20651,2024-09-17,sold
20652,2024-09-17,sold
20653,2024-09-17,sold
20654,2024-09-17,sold
20655,2024-09-17,sold
20656,2024-09-18,available
20657,2024-09-18,sold
20658,2024-09-18,sold
20659,2024-09-18,sold
20660,2024-09-18,sold
20661,2024-09-18,sold
20662,2024-09-18,sold
20663,2024-09-18,sold
20664,2024-09-18,sold
20665,2024-09-18,available
20666,2024-09-18,sold
20667,2024-09-18,available
20668,2024-09-19,sold
20669,2024-09-19,available
20670,2024-09-19,sold
20671,2024-09-19,sold
20672,2024-09-19,available
20673,2024-09-19,sold
20674,2024-09-19,sold
20675,2024-09-19,sold
20676,2024-09-19,sold
20677,2024-09-19,sold
20678,2024-09-19,available
20679,2024-09-19,sold
20680,2024-09-20,sold
20681,2024-09-20,defective
20682,2024-09-20,available
20683,2024-09-20,sold
20684,2024-09-20,sold
20685,2024-09-20,sold
20686,2024-09-20,sold
20687,2024-09-20,sold
20688,2024-09-20,sold
20689,2024-09-20,sold
20690,2024-09-20,sold
20691,2024-09-20,sold
20692,2024-09-21,sold
20693,2024-09-21,sold
20694,2024-09-21,sold
20695,2024-09-21,sold
20696,2024-09-21,sold
20697,2024-09-21,sold
20698,2024-09-21,sold
20699,2024-09-21,sold
20700,2024-09-21,sold
20701,2024-09-21,sold
20702,2024-09-21,sold
20703,2024-09-21,sold
20704,2024-09-22,sold
20705,2024-09-22,sold
20706,2024-09-22,sold
20707,2024-09-22,sold
20708,2024-09-22,sold
20709,2024-09-22,sold
20710,2024-09-22,sold
20711,2024-09-22,sold
20712,2024-09-22,sold
20713,2024-09-22,sold
20714,2024-09-22,sold
20715,2024-09-22,sold
20716,2024-09-23,sold
20717,2024-09-23,sold
20718,2024-09-23,defective
20719,2024-09-23,sold
20720,2024-09-23,sold
20721,2024-09-23,sold
20722,2024-09-23,sold
20723,2024-09-23,sold
20724,2024-09-23,sold
20725,2024-09-23,available
20726,2024-09-23,defective
20727,2024-09-23,sold
20728,2024-09-24,sold
20729,2024-09-24,sold
20730,2024-09-24,sold
20731,2024-09-24,sold
20732,2024-09-24,available
20733,2024-09-24,sold
20734,2024-09-24,sold
20735,2024-09-24,sold
20736,2024-09-24,sold
20737,2024-09-24,sold
20738,2024-09-24,available
20739,2024-09-24,available
20740,2024-09-25,sold
20741,2024-09-25,sold
20742,2024-09-25,available
20743,2024-09-25,sold
20744,2024-09-25,sold
20745,2024-09-25,sold
20746,2024-09-25,sold
20747,2024-09-25,sold
20748,2024-09-25,sold
20749,2024-09-25,sold
20750,2024-09-25,sold
20751,2024-09-25,sold
20752,2024-09-26,sold
20753,2024-09-26,sold
20754,2024-09-26,sold
20755,2024-09-26,sold
20756,2024-09-26,available
20757,2024-09-26,defective
20758,2024-09-26,defective
20759,2024-09-26,available
20760,2024-09-26,sold
20761,2024-09-26,sold
20762,2024-09-26,sold
20763,2024-09-26,defective
20764,2024-09-27,sold
20765,2024-09-27,sold
20766,2024-09-27,sold
20767,2024-09-27,available
20768,2024-09-27,sold
20769,2024-09-27,sold
20770,2024-09-27,sold
20771,2024-09-27,sold
20772,2024-09-27,sold
20773,2024-09-27,sold
20774,2024-09-27,sold
20775,2024-09-27,sold
20776,2024-09-28,sold
20777,2024-09-28,sold
20778,2024-09-28,defective
20779,2024-09-28,sold
20780,2024-09-28,available
20781,2024-09-28,sold
20782,2024-09-28,sold
20783,2024-09-28,sold
20784,2024-09-28,available
20785,2024-09-28,sold
20786,2024-09-28,sold
20787,2024-09-28,sold
20788,2024-09-29,sold
20789,2024-09-29,sold
20790,2024-09-29,sold
20791,2024-09-29,sold
20792,2024-09-29,sold
20793,2024-09-29,sold
20794,2024-09-29,sold
20795,2024-09-29,sold
20796,2024-09-29,sold
20797,2024-09-29,defective
20798,2024-09-29,sold
20799,2024-09-29,sold
20800,2024-09-30,defective
20801,2024-09-30,sold
20802,2024-09-30,sold
20803,2024-09-30,sold
20804,2024-09-30,sold
20805,2024-09-30,sold
20806,2024-09-30,available
20807,2024-09-30,sold
20808,2024-09-30,sold
20809,2024-09-30,sold
20810,2024-09-30,sold
20811,2024-09-30,defective
20812,2024-10-01,sold
20813,2024-10-01,available
20814,2024-10-01,defective
20815,2024-10-01,available
20816,2024-10-01,available
20817,2024-10-01,defective
20818,2024-10-01,sold
20819,2024-10-01,sold
20820,2024-10-01,sold
20821,2024-10-01,sold
20822,2024-10-01,sold
20823,2024-10-01,available
20824,2024-10-02,sold
20825,2024-10-02,defective
20826,2024-10-02,sold
20827,2024-10-02,sold
20828,2024-10-02,defective
20829,2024-10-02,sold
20830,2024-10-02,available
20831,2024-10-02,sold
20832,2024-10-02,sold
20833,2024-10-02,sold
20834,2024-10-02,sold
20835,2024-10-02,sold
20836,2024-10-03,sold
20837,2024-10-03,available
20838,2024-10-03,available
20839,2024-10-03,sold
20840,2024-10-03,sold
20841,2024-10-03,sold
20842,2024-10-03,defective
20843,2024-10-03,sold
20844,2024-10-03,sold
20845,2024-10-03,defective
20846,2024-10-03,available
20847,2024-10-03,sold
20848,2024-10-04,sold
20849,2024-10-04,sold
20850,2024-10-04,sold
20851,2024-10-04,defective
20852,2024-10-04,sold
20853,2024-10-04,sold
20854,2024-10-04,defective
20855,2024-10-04,available
20856,2024-10-04,sold
20857,2024-10-04,sold
20858,2024-10-04,sold
20859,2024-10-04,sold
20860,2024-10-05,sold
20861,2024-10-05,available
20862,2024-10-05,available
20863,2024-10-05,sold
20864,2024-10-05,sold
20865,2024-10-05,defective
20866,2024-10-05,sold
20867,2024-10-05,sold
20868,2024-10-05,sold
20869,2024-10-05,sold
20870,2024-10-05,sold
20871,2024-10-05,sold
20872,2024-10-06,sold
20873,2024-10-06,sold
20874,2024-10-06,available
20875,2024-10-06,sold
20876,2024-10-06,sold
20877,2024-10-06,available
20878,2024-10-06,available
20879,2024-10-06,sold
20880,2024-10-06,sold
20881,2024-10-06,sold
20882,2024-10-06,sold
20883,2024-10-06,sold
20884,2024-10-07,sold
20885,2024-10-07,available
20886,2024-10-07,sold
20887,2024-10-07,sold
20888,2024-10-07,sold
20889,2024-10-07,sold
20890,2024-10-07,available
20891,2024-10-07,available
20892,2024-10-07,sold
20893,2024-10-07,sold
20894,2024-10-07,sold
20895,2024-10-07,sold
20896,2024-10-08,sold
20897,2024-10-08,defective
20898,2024-10-08,sold
20899,2024-10-08,sold
20900,2024-10-08,sold
20901,2024-10-08,sold
20902,2024-10-08,defective
20903,2024-10-08,sold
20904,2024-10-08,sold
20905,2024-10-08,sold
20906,2024-10-08,sold
20907,2024-10-08,sold
20908,2024-10-09,sold
20909,2024-10-09,sold
20910,2024-10-09,sold
20911,2024-10-09,sold
20912,2024-10-09,available
20913,2024-10-09,sold
20914,2024-10-09,sold
20915,2024-10-09,sold
20916,2024-10-09,sold
20917,2024-10-09,available
20918,2024-10-09,defective
20919,2024-10-09,sold
20920,2024-10-10,sold
20921,2024-10-10,sold
20922,2024-10-10,available
20923,2024-10-10,sold
20924,2024-10-10,sold
20925,2024-10-10,defective
20926,2024-10-10,sold
20927,2024-10-10,sold
20928,2024-10-10,defective
20929,2024-10-10,sold
20930,2024-10-10,sold
20931,2024-10-10,sold
20932,2024-10-11,sold
20933,2024-10-11,available
20934,2024-10-11,available
20935,2024-10-11,sold
20936,2024-10-11,available
20937,2024-10-11,sold
20938,2024-10-11,sold
20939,2024-10-11,sold
20940,2024-10-11,defective
20941,2024-10-11,sold
20942,2024-10-11,sold
20943,2024-10-11,sold
20944,2024-10-12,available
20945,2024-10-12,sold
20946,2024-10-12,sold
20947,2024-10-12,sold
20948,2024-10-12,sold
20949,2024-10-12,sold
20950,2024-10-12,sold
20951,2024-10-12,sold
20952,2024-10-12,defective
20953,2024-10-12,sold
20954,2024-10-12,sold
20955,2024-10-12,sold
20956,2024-10-13,sold
20957,2024-10-13,available
20958,2024-10-13,sold
20959,2024-10-13,sold
20960,2024-10-13,defective
20961,2024-10-13,sold
20962,2024-10-13,sold
20963,2024-10-13,sold
20964,2024-10-13,sold
20965,2024-10-13,sold
20966,2024-10-13,sold
20967,2024-10-13,sold
20968,2024-10-14,sold
20969,2024-10-14,sold
20970,2024-10-14,sold
20971,2024-10-14,sold
20972,2024-10-14,sold
20973,2024-10-14,sold
20974,2024-10-14,sold
20975,2024-10-14,sold
20976,2024-10-14,sold
20977,2024-10-14,sold
20978,2024-10-14,sold
20979,2024-10-14,sold
20980,2024-10-15,sold
20981,2024-10-15,sold
20982,2024-10-15,sold
20983,2024-10-15,sold
20984,2024-10-15,sold
20985,2024-10-15,sold
20986,2024-10-15,available
20987,2024-10-15,sold
20988,2024-10-15,sold
20989,2024-10-15,sold
20990,2024-10-15,sold
20991,2024-10-15,defective
20992,2024-10-16,sold
20993,2024-10-16,sold
20994,2024-10-16,sold
20995,2024-10-16,sold
20996,2024-10-16,sold
20997,2024-10-16,sold
20998,2024-10-16,sold
20999,2024-10-16,sold
21000,2024-10-16,sold
21001,2024-10-16,sold
21002,2024-10-16,available
21003,2024-10-16,sold
21004,2024-10-17,available
21005,2024-10-17,sold
21006,2024-10-17,available
21007,2024-10-17,sold
21008,2024-10-17,sold
21009,2024-10-17,sold
21010,2024-10-17,sold
21011,2024-10-17,sold
21012,2024-10-17,available
21013,2024-10-17,sold
21014,2024-10-17,sold
21015,2024-10-17,sold
21016,2024-10-18,sold
21017,2024-10-18,sold
21018,2024-10-18,available
21019,2024-10-18,sold
21020,2024-10-18,sold
21021,2024-10-18,available
21022,2024-10-18,sold
21023,2024-10-18,sold
21024,2024-10-18,sold
21025,2024-10-18,sold
21026,2024-10-18,available
21027,2024-10-18,sold
21028,2024-10-19,sold
21029,2024-10-19,sold
21030,2024-10-19,sold
21031,2024-10-19,sold
21032,2024-10-19,defective
21033,2024-10-19,sold
21034,2024-10-19,defective
21035,2024-10-19,available
21036,2024-10-19,sold
21037,2024-10-19,available
21038,2024-10-19,sold
21039,2024-10-19,sold
21040,2024-10-20,defective
21041,2024-10-20,sold
21042,2024-10-20,sold
21043,2024-10-20,sold
21044,2024-10-20,available
21045,2024-10-20,sold
21046,2024-10-20,sold
21047,2024-10-20,sold
21048,2024-10-20,sold
21049,2024-10-20,defective
21050,2024-10-20,sold
21051,2024-10-20,sold
21052,2024-10-21,sold
21053,2024-10-21,sold
21054,2024-10-21,available
21055,2024-10-21,sold
21056,2024-10-21,sold
21057,2024-10-21,sold
21058,2024-10-21,sold
21059,2024-10-21,sold
21060,2024-10-21,available
21061,2024-10-21,defective
21062,2024-10-21,sold
21063,2024-10-21,sold
21064,2024-10-22,sold
21065,2024-10-22,available
21066,2024-10-22,sold
21067,2024-10-22,sold
21068,2024-10-22,sold
21069,2024-10-22,available
21070,2024-10-22,sold
21071,2024-10-22,sold
21072,2024-10-22,sold
21073,2024-10-22,sold
21074,2024-10-22,defective
21075,2024-10-22,sold
21076,2024-10-23,available
21077,2024-10-23,sold
21078,2024-10-23,sold
21079,2024-10-23,sold
21080,2024-10-23,sold
21081,2024-10-23,sold
21082,2024-10-23,sold
21083,2024-10-23,available
21084,2024-10-23,sold
21085,2024-10-23,sold
21086,2024-10-23,sold
21087,2024-10-23,sold
21088,2024-10-24,sold
21089,2024-10-24,sold
21090,2024-10-24,sold
21091,2024-10-24,sold
21092,2024-10-24,sold
21093,2024-10-24,sold
21094,2024-10-24,sold
21095,2024-10-24,sold
21096,2024-10-24,sold
21097,2024-10-24,sold
21098,2024-10-24,sold
21099,2024-10-24,sold
21100,2024-10-25,sold
21101,2024-10-25,sold
21102,2024-10-25,sold
21103,2024-10-25,available
21104,2024-10-25,sold
21105,2024-10-25,sold
21106,2024-10-25,sold
21107,2024-10-25,sold
21108,2024-10-25,sold
21109,2024-10-25,sold
21110,2024-10-25,available
21111,2024-10-25,sold
21112,2024-10-26,available
21113,2024-10-26,sold
21114,2024-10-26,sold
21115,2024-10-26,sold
21116,2024-10-26,available
21117,2024-10-26,available
21118,2024-10-26,sold
21119,2024-10-26,sold
21120,2024-10-26,available
21121,2024-10-26,available
21122,2024-10-26,sold
21123,2024-10-26,sold
21124,2024-10-27,available
21125,2024-10-27,sold
21126,2024-10-27,available
21127,2024-10-27,sold
21128,2024-10-27,sold
21129,2024-10-27,sold
21130,2024-10-27,sold
21131,2024-10-27,sold
21132,2024-10-27,available
21133,2024-10-27,sold
21134,2024-10-27,sold
21135,2024-10-27,sold
21136,2024-10-28,sold
21137,2024-10-28,sold
21138,2024-10-28,available
21139,2024-10-28,sold
21140,2024-10-28,sold
21141,2024-10-28,sold
21142,2024-10-28,sold
21143,2024-10-28,sold
21144,2024-10-28,sold
21145,2024-10-28,defective
21146,2024-10-28,sold
21147,2024-10-28,sold
21148,2024-10-29,sold
21149,2024-10-29,sold
21150,2024-10-29,sold
21151,2024-10-29,sold
21152,2024-10-29,sold
21153,2024-10-29,sold
21154,2024-10-29,available
21155,2024-10-29,defective
21156,2024-10-29,sold
21157,2024-10-29,sold
21158,2024-10-29,sold
21159,2024-10-29,available
21160,2024-10-30,available
21161,2024-10-30,sold
21162,2024-10-30,sold
21163,2024-10-30,defective
21164,2024-10-30,sold
21165,2024-10-30,sold
21166,2024-10-30,sold
21167,2024-10-30,sold
21168,2024-10-30,sold
21169,2024-10-30,defective
21170,2024-10-30,sold
21171,2024-10-30,available
21172,2024-10-31,sold
21173,2024-10-31,sold
21174,2024-10-31,sold
21175,2024-10-31,sold
21176,2024-10-31,sold
21177,2024-10-31,sold
21178,2024-10-31,sold
21179,2024-10-31,sold
21180,2024-10-31,sold
21181,2024-10-31,sold
21182,2024-10-31,sold
21183,2024-10-31,sold
21184,2024-11-01,sold
21185,2024-11-01,sold
21186,2024-11-01,sold
21187,2024-11-01,sold
21188,2024-11-01,sold
21189,2024-11-01,sold
21190,2024-11-01,sold
21191,2024-11-01,defective
21192,2024-11-01,sold
21193,2024-11-01,available
21194,2024-11-01,sold
21195,2024-11-01,defective
21196,2024-11-02,sold
21197,2024-11-02,available
21198,2024-11-02,sold
21199,2024-11-02,sold
21200,2024-11-02,sold
21201,2024-11-02,sold
21202,2024-11-02,sold
21203,2024-11-02,available
21204,2024-11-02,sold
21205,2024-11-02,sold
21206,2024-11-02,sold
21207,2024-11-02,sold
21208,2024-11-03,sold
21209,2024-11-03,sold
21210,2024-11-03,sold
21211,2024-11-03,sold
21212,2024-11-03,sold
21213,2024-11-03,sold
21214,2024-11-03,sold
21215,2024-11-03,sold
21216,2024-11-03,sold
21217,2024-11-03,sold
21218,2024-11-03,sold
21219,2024-11-03,sold
21220,2024-11-04,sold
21221,2024-11-04,sold
21222,2024-11-04,available
21223,2024-11-04,defective
21224,2024-11-04,sold
21225,2024-11-04,sold
21226,2024-11-04,available
21227,2024-11-04,sold
21228,2024-11-04,sold
21229,2024-11-04,sold
21230,2024-11-04,sold
21231,2024-11-04,sold
21232,2024-11-05,available
21233,2024-11-05,sold
21234,2024-11-05,sold
21235,2024-11-05,sold
21236,2024-11-05,sold
21237,2024-11-05,sold
21238,2024-11-05,sold
21239,2024-11-05,sold
21240,2024-11-05,sold
21241,2024-11-05,available
21242,2024-11-05,available
21243,2024-11-05,sold
21244,2024-11-06,sold
21245,2024-11-06,sold
21246,2024-11-06,sold
21247,2024-11-06,sold
21248,2024-11-06,sold
21249,2024-11-06,sold
21250,2024-11-06,sold
21251,2024-11-06,sold
21252,2024-11-06,sold
21253,2024-11-06,sold
21254,2024-11-06,sold
21255,2024-11-06,sold
21256,2024-11-07,sold
21257,2024-11-07,sold
21258,2024-11-07,sold
21259,2024-11-07,available
21260,2024-11-07,sold
21261,2024-11-07,sold
21262,2024-11-07,sold
21263,2024-11-07,defective
21264,2024-11-07,sold
21265,2024-11-07,sold
21266,2024-11-07,sold
21267,2024-11-07,sold
21268,2024-11-08,sold
21269,2024-11-08,sold
21270,2024-11-08,sold
21271,2024-11-08,sold
21272,2024-11-08,available
21273,2024-11-08,sold
21274,2024-11-08,sold
21275,2024-11-08,sold
21276,2024-11-08,sold
21277,2024-11-08,sold
21278,2024-11-08,sold
21279,2024-11-08,sold
21280,2024-11-09,sold
21281,2024-11-09,sold
21282,2024-11-09,sold
21283,2024-11-09,sold
21284,2024-11-09,sold
21285,2024-11-09,sold
21286,2024-11-09,sold
21287,2024-11-09,sold
21288,2024-11-09,sold
21289,2024-11-09,sold
21290,2024-11-09,sold
21291,2024-11-09,sold
21292,2024-11-10,sold
21293,2024-11-10,sold
21294,2024-11-10,available
21295,2024-11-10,sold
21296,2024-11-10,available
21297,2024-11-10,sold
21298,2024-11-10,sold
21299,2024-11-10,available
21300,2024-11-10,sold
21301,2024-11-10,sold
21302,2024-11-10,sold
21303,2024-11-10,sold
21304,2024-11-11,sold
21305,2024-11-11,sold
21306,2024-11-11,sold
21307,2024-11-11,sold
21308,2024-11-11,sold
21309,2024-11-11,sold
21310,2024-11-11,available
21311,2024-11-11,sold
21312,2024-11-11,sold
21313,2024-11-11,sold
21314,2024-11-11,sold
21315,2024-11-11,defective
21316,2024-11-12,sold
21317,2024-11-12,sold
21318,2024-11-12,sold
21319,2024-11-12,defective
21320,2024-11-12,available
21321,2024-11-12,sold
21322,2024-11-12,sold
21323,2024-11-12,sold
21324,2024-11-12,available
21325,2024-11-12,sold
21326,2024-11-12,sold
21327,2024-11-12,sold
21328,2024-11-13,sold
21329,2024-11-13,sold
21330,2024-11-13,sold
21331,2024-11-13,sold
21332,2024-11-13,available
21333,2024-11-13,sold
21334,2024-11-13,sold
21335,2024-11-13,sold
21336,2024-11-13,available
21337,2024-11-13,sold
21338,2024-11-13,available
21339,2024-11-13,sold
21340,2024-11-14,sold
21341,2024-11-14,sold
21342,2024-11-14,defective
21343,2024-11-14,sold
21344,2024-11-14,sold
21345,2024-11-14,sold
21346,2024-11-14,sold
21347,2024-11-14,available
21348,2024-11-14,sold
21349,2024-11-14,sold
21350,2024-11-14,sold
21351,2024-11-14,sold
21352,2024-11-15,sold
21353,2024-11-15,available
21354,2024-11-15,sold
21355,2024-11-15,sold
21356,2024-11-15,sold
21357,2024-11-15,sold
21358,2024-11-15,sold
21359,2024-11-15,sold
21360,2024-11-15,sold
21361,2024-11-15,sold
21362,2024-11-15,sold
21363,2024-11-15,available
21364,2024-11-16,sold
21365,2024-11-16,sold
21366,2024-11-16,sold
21367,2024-11-16,sold
21368,2024-11-16,sold
21369,2024-11-16,sold
21370,2024-11-16,sold
21371,2024-11-16,sold
21372,2024-11-16,sold
21373,2024-11-16,available
21374,2024-11-16,sold
21375,2024-11-16,sold
21376,2024-11-17,sold
21377,2024-11-17,defective
21378,2024-11-17,available
21379,2024-11-17,available
21380,2024-11-17,sold
21381,2024-11-17,sold
21382,2024-11-17,sold
21383,2024-11-17,available
21384,2024-11-17,sold
21385,2024-11-17,available
21386,2024-11-17,sold
21387,2024-11-17,sold
21388,2024-11-18,sold
21389,2024-11-18,sold
21390,2024-11-18,defective
21391,2024-11-18,sold
21392,2024-11-18,sold
21393,2024-11-18,sold
21394,2024-11-18,sold
21395,2024-11-18,sold
21396,2024-11-18,sold
21397,2024-11-18,sold
21398,2024-11-18,sold
21399,2024-11-18,sold
21400,2024-11-19,sold
21401,2024-11-19,sold
21402,2024-11-19,defective
21403,2024-11-19,sold
21404,2024-11-19,sold
21405,2024-11-19,sold
21406,2024-11-19,sold
21407,2024-11-19,sold
21408,2024-11-19,sold
21409,2024-11-19,sold
21410,2024-11-19,sold
21411,2024-11-19,sold
21412,2024-11-20,sold
21413,2024-11-20,sold
21414,2024-11-20,sold
21415,2024-11-20,sold
21416,2024-11-20,available
21417,2024-11-20,sold
21418,2024-11-20,sold
21419,2024-11-20,sold
21420,2024-11-20,sold
21421,2024-11-20,sold
21422,2024-11-20,available
21423,2024-11-20,sold
21424,2024-11-21,sold
21425,2024-11-21,sold
21426,2024-11-21,sold
21427,2024-11-21,sold
21428,2024-11-21,defective
21429,2024-11-21,sold
21430,2024-11-21,sold
21431,2024-11-21,sold
21432,2024-11-21,sold
21433,2024-11-21,sold
21434,2024-11-21,available
21435,2024-11-21,sold
21436,2024-11-22,sold
21437,2024-11-22,available
21438,2024-11-22,available
21439,2024-11-22,sold
21440,2024-11-22,sold
21441,2024-11-22,sold
21442,2024-11-22,sold
21443,2024-11-22,sold
21444,2024-11-22,available
21445,2024-11-22,sold
21446,2024-11-22,sold
21447,2024-11-22,available
21448,2024-11-23,defective
21449,2024-11-23,sold
21450,2024-11-23,sold
21451,2024-11-23,sold
21452,2024-11-23,sold
21453,2024-11-23,sold
21454,2024-11-23,sold
21455,2024-11-23,sold
21456,2024-11-23,sold
21457,2024-11-23,available
21458,2024-11-23,sold
21459,2024-11-23,sold
21460,2024-11-24,sold
21461,2024-11-24,sold
21462,2024-11-24,sold
21463,2024-11-24,sold
21464,2024-11-24,available
21465,2024-11-24,sold
21466,2024-11-24,sold
21467,2024-11-24,defective
21468,2024-11-24,sold
21469,2024-11-24,sold
21470,2024-11-24,sold
21471,2024-11-24,sold
21472,2024-11-25,sold
21473,2024-11-25,sold
21474,2024-11-25,available
21475,2024-11-25,sold
21476,2024-11-25,defective
21477,2024-11-25,sold
21478,2024-11-25,sold
21479,2024-11-25,sold
21480,2024-11-25,sold
21481,2024-11-25,sold
21482,2024-11-25,sold
21483,2024-11-25,sold
21484,2024-11-26,sold
21485,2024-11-26,sold
21486,2024-11-26,sold
21487,2024-11-26,sold
21488,2024-11-26,sold
21489,2024-11-26,sold
21490,2024-11-26,sold
21491,2024-11-26,sold
21492,2024-11-26,available
21493,2024-11-26,sold
21494,2024-11-26,sold
21495,2024-11-26,available
21496,2024-11-27,sold
21497,2024-11-27,sold
21498,2024-11-27,sold
21499,2024-11-27,sold
21500,2024-11-27,sold
21501,2024-11-27,sold
21502,2024-11-27,sold
21503,2024-11-27,sold
21504,2024-11-27,sold
21505,2024-11-27,sold
21506,2024-11-27,sold
21507,2024-11-27,defective
21508,2024-11-28,sold
21509,2024-11-28,sold
21510,2024-11-28,sold
21511,2024-11-28,sold
21512,2024-11-28,sold
21513,2024-11-28,sold
21514,2024-11-28,sold
21515,2024-11-28,defective
21516,2024-11-28,sold
21517,2024-11-28,sold
21518,2024-11-28,sold
21519,2024-11-28,sold
21520,2024-11-29,available
21521,2024-11-29,sold
21522,2024-11-29,sold
21523,2024-11-29,sold
21524,2024-11-29,sold
21525,2024-11-29,sold
21526,2024-11-29,sold
21527,2024-11-29,sold
21528,2024-11-29,sold
21529,2024-11-29,sold
21530,2024-11-29,sold
21531,2024-11-29,sold
21532,2024-11-30,sold
21533,2024-11-30,sold
21534,2024-11-30,sold
21535,2024-11-30,defective
21536,2024-11-30,sold
21537,2024-11-30,sold
21538,2024-11-30,available
21539,2024-11-30,defective
21540,2024-11-30,defective
21541,2024-11-30,available
21542,2024-11-30,sold
21543,2024-11-30,sold
21544,2024-12-01,sold
21545,2024-12-01,sold
21546,2024-12-01,defective
21547,2024-12-01,sold
21548,2024-12-01,sold
21549,2024-12-01,sold
21550,2024-12-01,available
21551,2024-12-01,sold
21552,2024-12-01,sold
21553,2024-12-01,sold
21554,2024-12-01,sold
21555,2024-12-01,sold
21556,2024-12-02,sold
21557,2024-12-02,sold
21558,2024-12-02,sold
21559,2024-12-02,sold
21560,2024-12-02,sold
21561,2024-12-02,sold
21562,2024-12-02,available
21563,2024-12-02,available
21564,2024-12-02,sold
21565,2024-12-02,sold
21566,2024-12-02,defective
21567,2024-12-02,sold
21568,2024-12-03,sold
21569,2024-12-03,defective
21570,2024-12-03,sold
21571,2024-12-03,sold
21572,2024-12-03,sold
21573,2024-12-03,sold
21574,2024-12-03,sold
21575,2024-12-03,available
21576,2024-12-03,sold
21577,2024-12-03,sold
21578,2024-12-03,sold
21579,2024-12-03,available
21580,2024-12-04,sold
21581,2024-12-04,sold
21582,2024-12-04,sold
21583,2024-12-04,defective
21584,2024-12-04,sold
21585,2024-12-04,sold
21586,2024-12-04,sold
21587,2024-12-04,sold
21588,2024-12-04,sold
21589,2024-12-04,sold
21590,2024-12-04,sold
21591,2024-12-04,sold
21592,2024-12-05,sold
21593,2024-12-05,sold
21594,2024-12-05,sold
21595,2024-12-05,sold
21596,2024-12-05,sold
21597,2024-12-05,sold
21598,2024-12-05,sold
21599,2024-12-05,sold
21600,2024-12-05,sold
21601,2024-12-05,sold
21602,2024-12-05,available
21603,2024-12-05,sold
21604,2024-12-06,sold
21605,2024-12-06,sold
21606,2024-12-06,available
21607,2024-12-06,sold
21608,2024-12-06,sold
21609,2024-12-06,sold
21610,2024-12-06,sold
21611,2024-12-06,sold
21612,2024-12-06,sold
21613,2024-12-06,sold
21614,2024-12-06,sold
21615,2024-12-06,defective
21616,2024-12-07,sold
21617,2024-12-07,sold
21618,2024-12-07,sold
21619,2024-12-07,sold
21620,2024-12-07,sold
21621,2024-12-07,sold
21622,2024-12-07,sold
21623,2024-12-07,available
21624,2024-12-07,sold
21625,2024-12-07,available
21626,2024-12-07,sold
21627,2024-12-07,sold
21628,2024-12-08,sold
21629,2024-12-08,sold
21630,2024-12-08,sold
21631,2024-12-08,available
21632,2024-12-08,sold
21633,2024-12-08,sold
21634,2024-12-08,sold
21635,2024-12-08,available
21636,2024-12-08,available
21637,2024-12-08,available
21638,2024-12-08,available
21639,2024-12-08,sold
21640,2024-12-09,defective
21641,2024-12-09,sold
21642,2024-12-09,sold
21643,2024-12-09,available
21644,2024-12-09,sold
21645,2024-12-09,available
21646,2024-12-09,sold
21647,2024-12-09,sold
21648,2024-12-09,available
21649,2024-12-09,sold
21650,2024-12-09,available
21651,2024-12-09,sold
21652,2024-12-10,sold
21653,2024-12-10,sold
21654,2024-12-10,sold
21655,2024-12-10,sold
21656,2024-12-10,sold
21657,2024-12-10,available
21658,2024-12-10,sold
21659,2024-12-10,sold
21660,2024-12-10,sold
21661,2024-12-10,sold
21662,2024-12-10,sold
21663,2024-12-10,sold
21664,2024-12-11,available
21665,2024-12-11,sold
21666,2024-12-11,sold
21667,2024-12-11,sold
21668,2024-12-11,sold
21669,2024-12-11,sold
21670,2024-12-11,sold
21671,2024-12-11,available
21672,2024-12-11,sold
21673,2024-12-11,available
21674,2024-12-11,sold
21675,2024-12-11,defective
21676,2024-12-12,sold
21677,2024-12-12,sold
21678,2024-12-12,sold
21679,2024-12-12,sold
21680,2024-12-12,sold
21681,2024-12-12,sold
21682,2024-12-12,sold
21683,2024-12-12,sold
21684,2024-12-12,sold
21685,2024-12-12,sold
21686,2024-12-12,defective
21687,2024-12-12,available
21688,2024-12-13,sold
21689,2024-12-13,sold
21690,2024-12-13,sold
21691,2024-12-13,sold
21692,2024-12-13,available
21693,2024-12-13,sold
21694,2024-12-13,sold
21695,2024-12-13,defective
21696,2024-12-13,sold
21697,2024-12-13,available
21698,2024-12-13,defective
21699,2024-12-13,sold
21700,2024-12-14,available
21701,2024-12-14,sold
21702,2024-12-14,sold
21703,2024-12-14,available
21704,2024-12-14,sold
21705,2024-12-14,available
21706,2024-12-14,sold
21707,2024-12-14,sold
21708,2024-12-14,sold
21709,2024-12-14,sold
21710,2024-12-14,sold
21711,2024-12-14,sold
21712,2024-12-15,sold
21713,2024-12-15,sold
21714,2024-12-15,sold
21715,2024-12-15,sold
21716,2024-12-15,sold
21717,2024-12-15,sold
21718,2024-12-15,sold
21719,2024-12-15,sold
21720,2024-12-15,sold
21721,2024-12-15,sold
21722,2024-12-15,sold
21723,2024-12-15,available
21724,2024-12-16,sold
21725,2024-12-16,sold
21726,2024-12-16,sold
21727,2024-12-16,sold
21728,2024-12-16,sold
21729,2024-12-16,sold
21730,2024-12-16,sold
21731,2024-12-16,sold
21732,2024-12-16,sold
21733,2024-12-16,available
21734,2024-12-16,available
21735,2024-12-16,defective
21736,2024-12-17,sold
21737,2024-12-17,available
21738,2024-12-17,sold
21739,2024-12-17,sold
21740,2024-12-17,sold
21741,2024-12-17,sold
21742,2024-12-17,sold
21743,2024-12-17,sold
21744,2024-12-17,sold
21745,2024-12-17,sold
21746,2024-12-17,defective
21747,2024-12-17,sold
21748,2024-12-18,sold
21749,2024-12-18,sold
21750,2024-12-18,sold
21751,2024-12-18,sold
21752,2024-12-18,available
21753,2024-12-18,sold
21754,2024-12-18,sold
21755,2024-12-18,sold
21756,2024-12-18,available
21757,2024-12-18,sold
21758,2024-12-18,sold
21759,2024-12-18,sold
21760,2024-12-19,sold
21761,2024-12-19,sold
21762,2024-12-19,available
21763,2024-12-19,sold
21764,2024-12-19,sold
21765,2024-12-19,sold
21766,2024-12-19,sold
21767,2024-12-19,defective
21768,2024-12-19,sold
21769,2024-12-19,sold
21770,2024-12-19,defective
21771,2024-12-19,sold
21772,2024-12-20,sold
21773,2024-12-20,sold
21774,2024-12-20,available
21775,2024-12-20,sold
21776,2024-12-20,sold
21777,2024-12-20,available
21778,2024-12-20,sold
21779,2024-12-20,sold
21780,2024-12-20,sold
21781,2024-12-20,sold
21782,2024-12-20,defective
21783,2024-12-20,sold
21784,2024-12-21,available
21785,2024-12-21,sold
21786,2024-12-21,available
21787,2024-12-21,sold
21788,2024-12-21,sold
21789,2024-12-21,available
21790,2024-12-21,sold
21791,2024-12-21,sold
21792,2024-12-21,sold
21793,2024-12-21,sold
21794,2024-12-21,sold
21795,2024-12-21,sold
21796,2024-12-22,sold
21797,2024-12-22,sold
21798,2024-12-22,sold
21799,2024-12-22,available
21800,2024-12-22,sold
21801,2024-12-22,sold
21802,2024-12-22,sold
21803,2024-12-22,sold
21804,2024-12-22,sold
21805,2024-12-22,sold
21806,2024-12-22,sold
21807,2024-12-22,available
21808,2024-12-23,sold
21809,2024-12-23,sold
21810,2024-12-23,sold
21811,2024-12-23,sold
21812,2024-12-23,sold
21813,2024-12-23,sold
21814,2024-12-23,sold
21815,2024-12-23,defective
21816,2024-12-23,defective
21817,2024-12-23,sold
21818,2024-12-23,sold
21819,2024-12-23,sold
21820,2024-12-24,sold
21821,2024-12-24,defective
21822,2024-12-24,sold
21823,2024-12-24,sold
21824,2024-12-24,sold
21825,2024-12-24,sold
21826,2024-12-24,sold
21827,2024-12-24,available
21828,2024-12-24,available
21829,2024-12-24,available
21830,2024-12-24,sold
21831,2024-12-24,available
21832,2024-12-25,sold
21833,2024-12-25,sold
21834,2024-12-25,sold
21835,2024-12-25,sold
21836,2024-12-25,sold
21837,2024-12-25,sold
21838,2024-12-25,sold
21839,2024-12-25,defective
21840,2024-12-25,sold
21841,2024-12-25,available
21842,2024-12-25,sold
21843,2024-12-25,sold
21844,2024-12-26,available
21845,2024-12-26,sold
21846,2024-12-26,sold
21847,2024-12-26,sold
21848,2024-12-26,sold
21849,2024-12-26,available
21850,2024-12-26,sold
21851,2024-12-26,sold
21852,2024-12-26,sold
21853,2024-12-26,sold
21854,2024-12-26,sold
21855,2024-12-26,sold
21856,2024-12-27,sold
21857,2024-12-27,sold
21858,2024-12-27,sold
21859,2024-12-27,available
21860,2024-12-27,sold
21861,2024-12-27,available
21862,2024-12-27,sold
21863,2024-12-27,sold
21864,2024-12-27,available
21865,2024-12-27,sold
21866,2024-12-27,sold
21867,2024-12-27,sold
21868,2024-12-28,sold
21869,2024-12-28,defective
21870,2024-12-28,sold
21871,2024-12-28,defective
21872,2024-12-28,available
21873,2024-12-28,available
21874,2024-12-28,sold
21875,2024-12-28,sold
21876,2024-12-28,sold
21877,2024-12-28,sold
21878,2024-12-28,sold
21879,2024-12-28,sold
21880,2024-12-29,available
21881,2024-12-29,defective
21882,2024-12-29,sold
21883,2024-12-29,sold
21884,2024-12-29,sold
21885,2024-12-29,sold
21886,2024-12-29,sold
21887,2024-12-29,sold
21888,2024-12-29,sold
21889,2024-12-29,sold
21890,2024-12-29,sold
21891,2024-12-29,sold
21892,2024-12-30,sold
21893,2024-12-30,defective
21894,2024-12-30,sold
21895,2024-12-30,sold
21896,2024-12-30,sold
21897,2024-12-30,sold
21898,2024-12-30,available
21899,2024-12-30,sold
21900,2024-12-30,available
21901,2024-12-30,sold
21902,2024-12-30,sold
21903,2024-12-30,sold
21904,2024-12-31,available
21905,2024-12-31,sold
21906,2024-12-31,sold
21907,2024-12-31,sold
21908,2024-12-31,sold
21909,2024-12-31,sold
21910,2024-12-31,available
21911,2024-12-31,sold
21912,2024-12-31,defective
21913,2024-12-31,sold
21914,2024-12-31,sold
21915,2024-12-31,sold
21916,2025-01-01,sold
21917,2025-01-01,sold
21918,2025-01-01,available
21919,2025-01-01,available
21920,2025-01-01,available
21921,2025-01-01,available
21922,2025-01-01,available
21923,2025-01-01,defective
21924,2025-01-01,available
21925,2025-01-01,defective
21926,2025-01-01,sold
21927,2025-01-01,available
21928,2025-01-01,defective
21929,2025-01-01,sold
21930,2025-01-01,available
21931,2025-01-02,sold
21932,2025-01-02,available
21933,2025-01-02,available
21934,2025-01-02,available
21935,2025-01-02,defective
21936,2025-01-02,available
21937,2025-01-02,sold
21938,2025-01-02,available
21939,2025-01-02,available
21940,2025-01-02,defective
21941,2025-01-02,sold
21942,2025-01-02,available
21943,2025-01-02,sold
21944,2025-01-02,available
21945,2025-01-02,sold
21946,2025-01-03,sold
21947,2025-01-03,available
21948,2025-01-03,sold
21949,2025-01-03,defective
21950,2025-01-03,available
21951,2025-01-03,sold
21952,2025-01-03,available
21953,2025-01-03,sold
21954,2025-01-03,available
21955,2025-01-03,available
21956,2025-01-03,available
21957,2025-01-03,sold
21958,2025-01-03,available
21959,2025-01-03,available
21960,2025-01-03,sold
21961,2025-01-04,available
21962,2025-01-04,sold
21963,2025-01-04,sold
21964,2025-01-04,available
21965,2025-01-04,available
21966,2025-01-04,defective
21967,2025-01-04,sold
21968,2025-01-04,sold
21969,2025-01-04,available
21970,2025-01-04,available
21971,2025-01-04,sold
21972,2025-01-04,available
21973,2025-01-04,available
21974,2025-01-04,defective
21975,2025-01-04,sold
21976,2025-01-05,sold
21977,2025-01-05,available
21978,2025-01-05,defective
21979,2025-01-05,defective
21980,2025-01-05,defective
21981,2025-01-05,sold
21982,2025-01-05,sold
21983,2025-01-05,available
21984,2025-01-05,available
21985,2025-01-05,sold
21986,2025-01-05,defective
21987,2025-01-05,available
21988,2025-01-05,defective
21989,2025-01-05,available
21990,2025-01-05,sold
21991,2025-01-06,available
21992,2025-01-06,available
21993,2025-01-06,sold
21994,2025-01-06,available
21995,2025-01-06,available
21996,2025-01-06,sold
21997,2025-01-06,available
21998,2025-01-06,available
21999,2025-01-06,sold
22000,2025-01-06,available
22001,2025-01-06,defective
22002,2025-01-06,defective
22003,2025-01-06,defective
22004,2025-01-06,available
22005,2025-01-06,available
22006,2025-01-07,defective
22007,2025-01-07,available
22008,2025-01-07,available
22009,2025-01-07,available
22010,2025-01-07,sold
22011,2025-01-07,available
22012,2025-01-07,sold
22013,2025-01-07,available
22014,2025-01-07,available
22015,2025-01-07,available
22016,2025-01-07,available
22017,2025-01-07,sold
22018,2025-01-07,sold
22019,2025-01-07,sold
22020,2025-01-07,available
22021,2025-01-08,available
22022,2025-01-08,available
22023,2025-01-08,available
22024,2025-01-08,sold
22025,2025-01-08,sold
22026,2025-01-08,available
22027,2025-01-08,sold
22028,2025-01-08,available
22029,2025-01-08,available
22030,2025-01-08,available
22031,2025-01-08,available
22032,2025-01-08,sold
22033,2025-01-08,available
22034,2025-01-08,defective
22035,2025-01-08,available
22036,2025-01-09,available
22037,2025-01-09,defective
22038,2025-01-09,available
22039,2025-01-09,sold
22040,2025-01-09,available
22041,2025-01-09,sold
22042,2025-01-09,defective
22043,2025-01-09,defective
22044,2025-01-09,available
22045,2025-01-09,available
22046,2025-01-09,available
22047,2025-01-09,available
22048,2025-01-09,sold
22049,2025-01-09,available
22050,2025-01-09,available
22051,2025-01-10,sold
22052,2025-01-10,available
22053,2025-01-10,sold
22054,2025-01-10,sold
22055,2025-01-10,available
22056,2025-01-10,available
22057,2025-01-10,defective
22058,2025-01-10,available
22059,2025-01-10,sold
22060,2025-01-10,available
22061,2025-01-10,sold
22062,2025-01-10,available
22063,2025-01-10,available
22064,2025-01-10,available
22065,2025-01-10,available
22066,2025-01-11,sold
22067,2025-01-11,sold
22068,2025-01-11,defective
22069,2025-01-11,sold
22070,2025-01-11,defective
22071,2025-01-11,available
22072,2025-01-11,available
22073,2025-01-11,sold
22074,2025-01-11,sold
22075,2025-01-11,sold
22076,2025-01-11,available
22077,2025-01-11,available
22078,2025-01-11,available
22079,2025-01-11,sold
22080,2025-01-11,available
22081,2025-01-12,available
22082,2025-01-12,available
22083,2025-01-12,available
22084,2025-01-12,available
22085,2025-01-12,available
22086,2025-01-12,available
22087,2025-01-12,available
22088,2025-01-12,available
22089,2025-01-12,available
22090,2025-01-12,sold
22091,2025-01-12,available
22092,2025-01-12,available
22093,2025-01-12,available
22094,2025-01-12,defective
22095,2025-01-12,available
22096,2025-01-13,available
22097,2025-01-13,sold
22098,2025-01-13,available
22099,2025-01-13,available
22100,2025-01-13,available
22101,2025-01-13,sold
22102,2025-01-13,available
22103,2025-01-13,sold
22104,2025-01-13,sold
22105,2025-01-13,available
22106,2025-01-13,available
22107,2025-01-13,sold
22108,2025-01-13,available
22109,2025-01-13,available
22110,2025-01-13,defective
22111,2025-01-14,sold
22112,2025-01-14,sold
22113,2025-01-14,available
22114,2025-01-14,available
22115,2025-01-14,available
22116,2025-01-14,sold
22117,2025-01-14,available
22118,2025-01-14,sold
22119,2025-01-14,available
22120,2025-01-14,available
22121,2025-01-14,defective
22122,2025-01-14,available
22123,2025-01-14,defective
22124,2025-01-14,sold
22125,2025-01-14,defective
22126,2025-01-15,available
22127,2025-01-15,available
22128,2025-01-15,available
22129,2025-01-15,defective
22130,2025-01-15,available
22131,2025-01-15,sold
22132,2025-01-15,available
22133,2025-01-15,available
22134,2025-01-15,defective
22135,2025-01-15,sold
22136,2025-01-15,available
22137,2025-01-15,available
22138,2025-01-15,available
22139,2025-01-15,available
22140,2025-01-15,available
22141,2025-01-16,sold
22142,2025-01-16,sold
22143,2025-01-16,sold
22144,2025-01-16,available
22145,2025-01-16,defective
22146,2025-01-16,available
22147,2025-01-16,sold
22148,2025-01-16,sold
22149,2025-01-16,available
22150,2025-01-16,available
22151,2025-01-16,available
22152,2025-01-16,defective
22153,2025-01-16,sold
22154,2025-01-16,available
22155,2025-01-16,available
22156,2025-01-17,available
22157,2025-01-17,available
22158,2025-01-17,defective
22159,2025-01-17,defective
22160,2025-01-17,available
22161,2025-01-17,available
22162,2025-01-17,available
22163,2025-01-17,sold
22164,2025-01-17,defective
22165,2025-01-17,available
22166,2025-01-17,sold
22167,2025-01-17,available
22168,2025-01-17,available
22169,2025-01-17,available
22170,2025-01-17,defective
22171,2025-01-18,available
22172,2025-01-18,available
22173,2025-01-18,available
22174,2025-01-18,sold
22175,2025-01-18,sold
22176,2025-01-18,available
22177,2025-01-18,available
22178,2025-01-18,available
22179,2025-01-18,sold
22180,2025-01-18,available
22181,2025-01-18,sold
22182,2025-01-18,sold
22183,2025-01-18,available
22184,2025-01-18,defective
22185,2025-01-18,available
22186,2025-01-19,available
22187,2025-01-19,sold
22188,2025-01-19,available
22189,2025-01-19,sold
22190,2025-01-19,available
22191,2025-01-19,sold
22192,2025-01-19,sold
22193,2025-01-19,available
22194,2025-01-19,sold
22195,2025-01-19,available
22196,2025-01-19,sold
22197,2025-01-19,defective
22198,2025-01-19,defective
22199,2025-01-19,available
22200,2025-01-19,available
22201,2025-01-20,sold
22202,2025-01-20,defective
22203,2025-01-20,sold
22204,2025-01-20,available
22205,2025-01-20,available
22206,2025-01-20,available
22207,2025-01-20,sold
22208,2025-01-20,available
22209,2025-01-20,available
22210,2025-01-20,sold
22211,2025-01-20,defective
22212,2025-01-20,defective
22213,2025-01-20,defective
22214,2025-01-20,sold
22215,2025-01-20,available
22216,2025-01-21,sold
22217,2025-01-21,available
22218,2025-01-21,defective
22219,2025-01-21,available
22220,2025-01-21,available
22221,2025-01-21,available
22222,2025-01-21,available
22223,2025-01-21,defective
22224,2025-01-21,sold
22225,2025-01-21,available
22226,2025-01-21,available
22227,2025-01-21,available
22228,2025-01-21,sold
22229,2025-01-21,available
22230,2025-01-21,available
22231,2025-01-22,defective
22232,2025-01-22,sold
22233,2025-01-22,available
22234,2025-01-22,sold
22235,2025-01-22,sold
22236,2025-01-22,defective
22237,2025-01-22,available
22238,2025-01-22,sold
22239,2025-01-22,available
22240,2025-01-22,available
22241,2025-01-22,defective
22242,2025-01-22,sold
22243,2025-01-22,available
22244,2025-01-22,defective
22245,2025-01-22,sold
22246,2025-01-23,sold
22247,2025-01-23,sold
22248,2025-01-23,available
22249,2025-01-23,available
22250,2025-01-23,available
22251,2025-01-23,available
22252,2025-01-23,sold
22253,2025-01-23,available
22254,2025-01-23,sold
22255,2025-01-23,sold
22256,2025-01-23,available
22257,2025-01-23,defective
22258,2025-01-23,available
22259,2025-01-23,sold
22260,2025-01-23,sold
22261,2025-01-24,sold
22262,2025-01-24,available
22263,2025-01-24,defective
22264,2025-01-24,available
22265,2025-01-24,available
22266,2025-01-24,available
22267,2025-01-24,defective
22268,2025-01-24,available
22269,2025-01-24,available
22270,2025-01-24,sold
22271,2025-01-24,available
22272,2025-01-24,available
22273,2025-01-24,sold
22274,2025-01-24,sold
22275,2025-01-24,available
22276,2025-01-25,available
22277,2025-01-25,available
22278,2025-01-25,sold
22279,2025-01-25,sold
22280,2025-01-25,available
22281,2025-01-25,available
22282,2025-01-25,available
22283,2025-01-25,sold
22284,2025-01-25,available
22285,2025-01-25,available
22286,2025-01-25,available
22287,2025-01-25,sold
22288,2025-01-25,sold
22289,2025-01-25,sold
22290,2025-01-25,defective
22291,2025-01-26,sold
22292,2025-01-26,available
22293,2025-01-26,available
22294,2025-01-26,defective
22295,2025-01-26,available
22296,2025-01-26,sold
22297,2025-01-26,sold
22298,2025-01-26,sold
22299,2025-01-26,available
22300,2025-01-26,sold
22301,2025-01-26,sold
22302,2025-01-26,available
22303,2025-01-26,available
22304,2025-01-26,available
22305,2025-01-26,sold
22306,2025-01-27,defective
22307,2025-01-27,defective
22308,2025-01-27,sold
22309,2025-01-27,available
22310,2025-01-27,available
22311,2025-01-27,available
22312,2025-01-27,sold
22313,2025-01-27,available
22314,2025-01-27,available
22315,2025-01-27,sold
22316,2025-01-27,available
22317,2025-01-27,sold
22318,2025-01-27,available
22319,2025-01-27,available
22320,2025-01-27,available
22321,2025-01-28,available
22322,2025-01-28,available
22323,2025-01-28,available
22324,2025-01-28,available
22325,2025-01-28,available
22326,2025-01-28,available
22327,2025-01-28,defective
22328,2025-01-28,sold
22329,2025-01-28,sold
22330,2025-01-28,defective
22331,2025-01-28,available
22332,2025-01-28,sold
22333,2025-01-28,sold
22334,2025-01-28,available
22335,2025-01-28,defective
22336,2025-01-29,sold
22337,2025-01-29,sold
22338,2025-01-29,sold
22339,2025-01-29,available
22340,2025-01-29,defective
22341,2025-01-29,available
22342,2025-01-29,defective
22343,2025-01-29,available
22344,2025-01-29,available
22345,2025-01-29,sold
22346,2025-01-29,available
22347,2025-01-29,sold
22348,2025-01-29,available
22349,2025-01-29,sold
22350,2025-01-29,available
22351,2025-01-30,available
22352,2025-01-30,available
22353,2025-01-30,available
22354,2025-01-30,defective
22355,2025-01-30,available
22356,2025-01-30,available
22357,2025-01-30,available
22358,2025-01-30,available
22359,2025-01-30,available
22360,2025-01-30,available
22361,2025-01-30,sold
22362,2025-01-30,available
22363,2025-01-30,sold
22364,2025-01-30,sold
22365,2025-01-30,available
22366,2025-01-31,available
22367,2025-01-31,available
22368,2025-01-31,sold
22369,2025-01-31,defective
22370,2025-01-31,available
22371,2025-01-31,sold
22372,2025-01-31,sold
22373,2025-01-31,defective
22374,2025-01-31,defective
22375,2025-01-31,available
22376,2025-01-31,available
22377,2025-01-31,available
22378,2025-01-31,sold
22379,2025-01-31,available
22380,2025-01-31,sold
22381,2025-02-01,sold
22382,2025-02-01,defective
22383,2025-02-01,available
22384,2025-02-01,available
22385,2025-02-01,sold
22386,2025-02-01,available
22387,2025-02-01,available
22388,2025-02-01,sold
22389,2025-02-01,available
22390,2025-02-01,available
22391,2025-02-01,defective
22392,2025-02-01,available
22393,2025-02-01,sold
22394,2025-02-01,sold
22395,2025-02-01,available
22396,2025-02-02,available
22397,2025-02-02,available
22398,2025-02-02,available
22399,2025-02-02,sold
22400,2025-02-02,available
22401,2025-02-02,sold
22402,2025-02-02,available
22403,2025-02-02,sold
22404,2025-02-02,sold
22405,2025-02-02,available
22406,2025-02-02,defective
22407,2025-02-02,available
22408,2025-02-02,sold
22409,2025-02-02,available
22410,2025-02-02,defective
22411,2025-02-03,available
22412,2025-02-03,available
22413,2025-02-03,available
22414,2025-02-03,sold
22415,2025-02-03,available
22416,2025-02-03,sold
22417,2025-02-03,sold
22418,2025-02-03,defective
22419,2025-02-03,sold
22420,2025-02-03,sold
22421,2025-02-03,available
22422,2025-02-03,available
22423,2025-02-03,sold
22424,2025-02-03,defective
22425,2025-02-03,defective
22426,2025-02-04,defective
22427,2025-02-04,sold
22428,2025-02-04,sold
22429,2025-02-04,sold
22430,2025-02-04,defective
22431,2025-02-04,defective
22432,2025-02-04,available
22433,2025-02-04,available
22434,2025-02-04,available
22435,2025-02-04,sold
22436,2025-02-04,available
22437,2025-02-04,sold
22438,2025-02-04,available
22439,2025-02-04,sold
22440,2025-02-04,available
22441,2025-02-05,sold
22442,2025-02-05,sold
22443,2025-02-05,available
22444,2025-02-05,available
22445,2025-02-05,sold
22446,2025-02-05,available
22447,2025-02-05,sold
22448,2025-02-05,sold
22449,2025-02-05,sold
22450,2025-02-05,sold
22451,2025-02-05,available
22452,2025-02-05,available
22453,2025-02-05,available
22454,2025-02-05,sold
22455,2025-02-05,available
22456,2025-02-06,available
22457,2025-02-06,defective
22458,2025-02-06,sold
22459,2025-02-06,defective
22460,2025-02-06,available
22461,2025-02-06,available
22462,2025-02-06,defective
22463,2025-02-06,available
22464,2025-02-06,available
22465,2025-02-06,sold
22466,2025-02-06,sold
22467,2025-02-06,available
22468,2025-02-06,defective
22469,2025-02-06,defective
22470,2025-02-06,sold
22471,2025-02-07,available
22472,2025-02-07,sold
22473,2025-02-07,sold
22474,2025-02-07,sold
22475,2025-02-07,available
22476,2025-02-07,available
22477,2025-02-07,defective
22478,2025-02-07,sold
22479,2025-02-07,available
22480,2025-02-07,available
22481,2025-02-07,available
22482,2025-02-07,available
22483,2025-02-07,sold
22484,2025-02-07,sold
22485,2025-02-07,available
22486,2025-02-08,defective
22487,2025-02-08,available
22488,2025-02-08,available
22489,2025-02-08,sold
22490,2025-02-08,sold
22491,2025-02-08,available
22492,2025-02-08,available
22493,2025-02-08,available
22494,2025-02-08,defective
22495,2025-02-08,sold
22496,2025-02-08,sold
22497,2025-02-08,available
22498,2025-02-08,sold
22499,2025-02-08,sold
22500,2025-02-08,sold
22501,2025-02-09,sold
22502,2025-02-09,defective
22503,2025-02-09,available
22504,2025-02-09,available
22505,2025-02-09,sold
22506,2025-02-09,sold
22507,2025-02-09,available
22508,2025-02-09,sold
22509,2025-02-09,sold
22510,2025-02-09,sold
22511,2025-02-09,available
22512,2025-02-09,defective
22513,2025-02-09,available
22514,2025-02-09,sold
22515,2025-02-09,available
22516,2025-02-10,available
22517,2025-02-10,available
22518,2025-02-10,available
22519,2025-02-10,sold
22520,2025-02-10,available
22521,2025-02-10,defective
22522,2025-02-10,available
22523,2025-02-10,available
22524,2025-02-10,available
22525,2025-02-10,sold
22526,2025-02-10,available
22527,2025-02-10,available
22528,2025-02-10,sold
22529,2025-02-10,available
22530,2025-02-10,available
22531,2025-02-11,defective
22532,2025-02-11,available
22533,2025-02-11,sold
22534,2025-02-11,sold
22535,2025-02-11,defective
22536,2025-02-11,available
22537,2025-02-11,available
22538,2025-02-11,defective
22539,2025-02-11,available
22540,2025-02-11,sold
22541,2025-02-11,sold
22542,2025-02-11,available
22543,2025-02-11,available
22544,2025-02-11,available
22545,2025-02-11,available
22546,2025-02-12,sold
22547,2025-02-12,defective
22548,2025-02-12,sold
22549,2025-02-12,sold
22550,2025-02-12,sold
22551,2025-02-12,available
22552,2025-02-12,sold
22553,2025-02-12,available
22554,2025-02-12,available
22555,2025-02-12,defective
22556,2025-02-12,available
22557,2025-02-12,sold
22558,2025-02-12,sold
22559,2025-02-12,sold
22560,2025-02-12,available
22561,2025-02-13,sold
22562,2025-02-13,sold
22563,2025-02-13,sold
22564,2025-02-13,available
22565,2025-02-13,available
22566,2025-02-13,available
22567,2025-02-13,sold
22568,2025-02-13,available
22569,2025-02-13,available
22570,2025-02-13,available
22571,2025-02-13,defective
22572,2025-02-13,sold
22573,2025-02-13,sold
22574,2025-02-13,defective
22575,2025-02-13,sold
22576,2025-02-14,defective
22577,2025-02-14,available
22578,2025-02-14,sold
22579,2025-02-14,available
22580,2025-02-14,available
22581,2025-02-14,sold
22582,2025-02-14,defective
22583,2025-02-14,available
22584,2025-02-14,defective
22585,2025-02-14,available
22586,2025-02-14,sold
22587,2025-02-14,defective
22588,2025-02-14,available
22589,2025-02-14,available
22590,2025-02-14,available
22591,2025-02-15,available
22592,2025-02-15,available
22593,2025-02-15,defective
22594,2025-02-15,available
22595,2025-02-15,available
22596,2025-02-15,available
22597,2025-02-15,available
22598,2025-02-15,defective
22599,2025-02-15,sold
22600,2025-02-15,available
22601,2025-02-15,available
22602,2025-02-15,available
22603,2025-02-15,available
22604,2025-02-15,available
22605,2025-02-15,available
22606,2025-02-16,available
22607,2025-02-16,sold
22608,2025-02-16,sold
22609,2025-02-16,available
22610,2025-02-16,sold
22611,2025-02-16,defective
22612,2025-02-16,available
22613,2025-02-16,available
22614,2025-02-16,defective
22615,2025-02-16,sold
22616,2025-02-16,available
22617,2025-02-16,defective
22618,2025-02-16,available
22619,2025-02-16,available
22620,2025-02-16,defective
22621,2025-02-17,sold
22622,2025-02-17,available
22623,2025-02-17,available
22624,2025-02-17,available
22625,2025-02-17,available
22626,2025-02-17,sold
22627,2025-02-17,defective
22628,2025-02-17,sold
22629,2025-02-17,sold
22630,2025-02-17,defective
22631,2025-02-17,defective
22632,2025-02-17,sold
22633,2025-02-17,available
22634,2025-02-17,available
22635,2025-02-17,available
22636,2025-02-18,available
22637,2025-02-18,available
22638,2025-02-18,defective
22639,2025-02-18,available
22640,2025-02-18,available
22641,2025-02-18,sold
22642,2025-02-18,sold
22643,2025-02-18,sold
22644,2025-02-18,available
22645,2025-02-18,available
22646,2025-02-18,available
22647,2025-02-18,available
22648,2025-02-18,defective
22649,2025-02-18,available
22650,2025-02-18,sold
22651,2025-02-19,available
22652,2025-02-19,defective
22653,2025-02-19,available
22654,2025-02-19,sold
22655,2025-02-19,sold
22656,2025-02-19,sold
22657,2025-02-19,available
22658,2025-02-19,defective
22659,2025-02-19,sold
22660,2025-02-19,sold
22661,2025-02-19,available
22662,2025-02-19,available
22663,2025-02-19,available
22664,2025-02-19,sold
22665,2025-02-19,available
22666,2025-02-20,defective
22667,2025-02-20,available
22668,2025-02-20,sold
22669,2025-02-20,sold
22670,2025-02-20,available
22671,2025-02-20,available
22672,2025-02-20,available
22673,2025-02-20,available
22674,2025-02-20,sold
22675,2025-02-20,available
22676,2025-02-20,available
22677,2025-02-20,available
22678,2025-02-20,sold
22679,2025-02-20,available
22680,2025-02-20,sold
22681,2025-02-21,defective
22682,2025-02-21,sold
22683,2025-02-21,available
22684,2025-02-21,available
22685,2025-02-21,available
22686,2025-02-21,sold
22687,2025-02-21,sold
22688,2025-02-21,available
22689,2025-02-21,available
22690,2025-02-21,available
22691,2025-02-21,available
22692,2025-02-21,defective
22693,2025-02-21,defective
22694,2025-02-21,available
22695,2025-02-21,available
22696,2025-02-22,available
22697,2025-02-22,sold
22698,2025-02-22,sold
22699,2025-02-22,available
22700,2025-02-22,sold
22701,2025-02-22,defective
22702,2025-02-22,available
22703,2025-02-22,available
22704,2025-02-22,available
22705,2025-02-22,sold
22706,2025-02-22,available
22707,2025-02-22,sold
22708,2025-02-22,available
22709,2025-02-22,available
22710,2025-02-22,defective
22711,2025-02-23,available
22712,2025-02-23,sold
22713,2025-02-23,available
22714,2025-02-23,available
22715,2025-02-23,available
22716,2025-02-23,available
22717,2025-02-23,available
22718,2025-02-23,sold
22719,2025-02-23,sold
22720,2025-02-23,available
22721,2025-02-23,available
22722,2025-02-23,available
22723,2025-02-23,sold
22724,2025-02-23,available
22725,2025-02-23,defective
22726,2025-02-24,sold
22727,2025-02-24,defective
22728,2025-02-24,sold
22729,2025-02-24,available
22730,2025-02-24,available
22731,2025-02-24,available
22732,2025-02-24,available
22733,2025-02-24,sold
22734,2025-02-24,available
22735,2025-02-24,available
22736,2025-02-24,available
22737,2025-02-24,available
22738,2025-02-24,available
22739,2025-02-24,sold
22740,2025-02-24,available
22741,2025-02-25,sold
22742,2025-02-25,defective
22743,2025-02-25,defective
22744,2025-02-25,available
22745,2025-02-25,available
22746,2025-02-25,available
22747,2025-02-25,available
22748,2025-02-25,available
22749,2025-02-25,sold
22750,2025-02-25,available
22751,2025-02-25,sold
22752,2025-02-25,available
22753,2025-02-25,available
22754,2025-02-25,sold
22755,2025-02-25,available
22756,2025-02-26,defective
22757,2025-02-26,available
22758,2025-02-26,sold
22759,2025-02-26,available
22760,2025-02-26,sold
22761,2025-02-26,defective
22762,2025-02-26,available
22763,2025-02-26,available
22764,2025-02-26,available
22765,2025-02-26,sold
22766,2025-02-26,available
22767,2025-02-26,sold
22768,2025-02-26,sold
22769,2025-02-26,defective
22770,2025-02-26,defective
22771,2025-02-27,available
22772,2025-02-27,available
22773,2025-02-27,available
22774,2025-02-27,sold
22775,2025-02-27,available
22776,2025-02-27,sold
22777,2025-02-27,defective
22778,2025-02-27,available
22779,2025-02-27,sold
22780,2025-02-27,available
22781,2025-02-27,sold
22782,2025-02-27,sold
22783,2025-02-27,available
22784,2025-02-27,sold
22785,2025-02-27,available
22786,2025-02-28,available
22787,2025-02-28,available
22788,2025-02-28,defective
22789,2025-02-28,available
22790,2025-02-28,available
22791,2025-02-28,defective
22792,2025-02-28,sold
22793,2025-02-28,defective
22794,2025-02-28,sold
22795,2025-02-28,available
22796,2025-02-28,defective
22797,2025-02-28,defective
22798,2025-02-28,sold
22799,2025-02-28,sold
22800,2025-02-28,available
22801,2025-03-01,defective
22802,2025-03-01,available
22803,2025-03-01,available
22804,2025-03-01,available
22805,2025-03-01,sold
22806,2025-03-01,sold
22807,2025-03-01,sold
22808,2025-03-01,available
22809,2025-03-01,defective
22810,2025-03-01,available
22811,2025-03-01,available
22812,2025-03-01,available
22813,2025-03-01,available
22814,2025-03-01,defective
22815,2025-03-01,available
22816,2025-03-02,sold
22817,2025-03-02,sold
22818,2025-03-02,available
22819,2025-03-02,available
22820,2025-03-02,available
22821,2025-03-02,available
22822,2025-03-02,defective
22823,2025-03-02,defective
22824,2025-03-02,available
22825,2025-03-02,available
22826,2025-03-02,available
22827,2025-03-02,sold
22828,2025-03-02,available
22829,2025-03-02,available
22830,2025-03-02,defective
22831,2025-03-03,available
22832,2025-03-03,available
22833,2025-03-03,sold
22834,2025-03-03,available
22835,2025-03-03,available
22836,2025-03-03,defective
22837,2025-03-03,available
22838,2025-03-03,available
22839,2025-03-03,available
22840,2025-03-03,sold
22841,2025-03-03,defective
22842,2025-03-03,sold
22843,2025-03-03,defective
22844,2025-03-03,defective
22845,2025-03-03,sold
22846,2025-03-04,available
22847,2025-03-04,available
22848,2025-03-04,available
22849,2025-03-04,sold
22850,2025-03-04,available
22851,2025-03-04,available
22852,2025-03-04,defective
22853,2025-03-04,available
22854,2025-03-04,sold
22855,2025-03-04,sold
22856,2025-03-04,sold
22857,2025-03-04,sold
22858,2025-03-04,sold
22859,2025-03-04,sold
22860,2025-03-04,defective
22861,2025-03-05,defective
22862,2025-03-05,available
22863,2025-03-05,sold
22864,2025-03-05,sold
22865,2025-03-05,sold
22866,2025-03-05,available
22867,2025-03-05,defective
22868,2025-03-05,sold
22869,2025-03-05,sold
22870,2025-03-05,available
22871,2025-03-05,sold
22872,2025-03-05,sold
22873,2025-03-05,sold
22874,2025-03-05,available
22875,2025-03-05,defective
22876,2025-03-06,sold
22877,2025-03-06,available
22878,2025-03-06,available
22879,2025-03-06,defective
22880,2025-03-06,available
22881,2025-03-06,available
22882,2025-03-06,available
22883,2025-03-06,sold
22884,2025-03-06,sold
22885,2025-03-06,available
22886,2025-03-06,sold
22887,2025-03-06,sold
22888,2025-03-06,available
22889,2025-03-06,available
22890,2025-03-06,available
22891,2025-03-07,sold
22892,2025-03-07,sold
22893,2025-03-07,available
22894,2025-03-07,defective
22895,2025-03-07,available
22896,2025-03-07,available
22897,2025-03-07,available
22898,2025-03-07,sold
22899,2025-03-07,available
22900,2025-03-07,available
22901,2025-03-07,available
22902,2025-03-07,sold
22903,2025-03-07,defective
22904,2025-03-07,available
22905,2025-03-07,available
22906,2025-03-08,sold
22907,2025-03-08,available
22908,2025-03-08,defective
22909,2025-03-08,available
22910,2025-03-08,defective
22911,2025-03-08,available
22912,2025-03-08,available
22913,2025-03-08,defective
22914,2025-03-08,sold
22915,2025-03-08,sold
22916,2025-03-08,sold
22917,2025-03-08,available
22918,2025-03-08,available
22919,2025-03-08,sold
22920,2025-03-08,available
22921,2025-03-09,available
22922,2025-03-09,sold
22923,2025-03-09,available
22924,2025-03-09,available
22925,2025-03-09,sold
22926,2025-03-09,sold
22927,2025-03-09,available
22928,2025-03-09,defective
22929,2025-03-09,available
22930,2025-03-09,sold
22931,2025-03-09,sold
22932,2025-03-09,available
22933,2025-03-09,available
22934,2025-03-09,sold
22935,2025-03-09,defective
22936,2025-03-10,available
22937,2025-03-10,defective
22938,2025-03-10,available
22939,2025-03-10,available
22940,2025-03-10,available
22941,2025-03-10,available
22942,2025-03-10,available
22943,2025-03-10,defective
22944,2025-03-10,available
22945,2025-03-10,available
22946,2025-03-10,available
22947,2025-03-10,available
22948,2025-03-10,sold
22949,2025-03-10,available
22950,2025-03-10,sold
22951,2025-03-11,defective
22952,2025-03-11,sold
22953,2025-03-11,available
22954,2025-03-11,sold
22955,2025-03-11,available
22956,2025-03-11,available
22957,2025-03-11,available
22958,2025-03-11,available
22959,2025-03-11,sold
22960,2025-03-11,available
22961,2025-03-11,available
22962,2025-03-11,available
22963,2025-03-11,defective
22964,2025-03-11,available
22965,2025-03-11,sold
22966,2025-03-12,available
22967,2025-03-12,sold
22968,2025-03-12,available
22969,2025-03-12,available
22970,2025-03-12,available
22971,2025-03-12,available
22972,2025-03-12,available
22973,2025-03-12,available
22974,2025-03-12,available
22975,2025-03-12,sold
22976,2025-03-12,available
22977,2025-03-12,available
22978,2025-03-12,sold
22979,2025-03-12,available
22980,2025-03-12,available
22981,2025-03-13,available
22982,2025-03-13,available
22983,2025-03-13,sold
22984,2025-03-13,sold
22985,2025-03-13,sold
22986,2025-03-13,available
22987,2025-03-13,available
22988,2025-03-13,sold
22989,2025-03-13,sold
22990,2025-03-13,available
22991,2025-03-13,available
22992,2025-03-13,defective
22993,2025-03-13,available
22994,2025-03-13,available
22995,2025-03-13,defective
22996,2025-03-14,sold
22997,2025-03-14,available
22998,2025-03-14,available
22999,2025-03-14,sold
23000,2025-03-14,sold
23001,2025-03-14,defective
23002,2025-03-14,defective
23003,2025-03-14,sold
23004,2025-03-14,available
23005,2025-03-14,available
23006,2025-03-14,available
23007,2025-03-14,sold
23008,2025-03-14,defective
23009,2025-03-14,sold
23010,2025-03-14,sold
23011,2025-03-15,sold
23012,2025-03-15,available
23013,2025-03-15,available
23014,2025-03-15,available
23015,2025-03-15,sold
23016,2025-03-15,available
23017,2025-03-15,sold
23018,2025-03-15,sold
23019,2025-03-15,defective
23020,2025-03-15,sold
23021,2025-03-15,defective
23022,2025-03-15,available
23023,2025-03-15,sold
23024,2025-03-15,available
23025,2025-03-15,defective
23026,2025-03-16,available
23027,2025-03-16,available
23028,2025-03-16,available
23029,2025-03-16,defective
23030,2025-03-16,sold
23031,2025-03-16,available
23032,2025-03-16,available
23033,2025-03-16,available
23034,2025-03-16,available
23035,2025-03-16,available
23036,2025-03-16,available
23037,2025-03-16,sold
23038,2025-03-16,available
23039,2025-03-16,defective
23040,2025-03-16,available
23041,2025-03-17,sold
23042,2025-03-17,defective
23043,2025-03-17,defective
23044,2025-03-17,available
23045,2025-03-17,available
23046,2025-03-17,defective
23047,2025-03-17,defective
23048,2025-03-17,sold
23049,2025-03-17,sold
23050,2025-03-17,available
23051,2025-03-17,sold
23052,2025-03-17,available
23053,2025-03-17,defective
23054,2025-03-17,available
23055,2025-03-17,sold
23056,2025-03-18,sold
23057,2025-03-18,defective
23058,2025-03-18,available
23059,2025-03-18,defective
23060,2025-03-18,available
23061,2025-03-18,sold
23062,2025-03-18,available
23063,2025-03-18,defective
23064,2025-03-18,defective
23065,2025-03-18,sold
23066,2025-03-18,available
23067,2025-03-18,available
23068,2025-03-18,available
23069,2025-03-18,available
23070,2025-03-18,available
23071,2025-03-19,available
23072,2025-03-19,defective
23073,2025-03-19,available
23074,2025-03-19,available
23075,2025-03-19,available
23076,2025-03-19,sold
23077,2025-03-19,sold
23078,2025-03-19,available
23079,2025-03-19,sold
23080,2025-03-19,available
23081,2025-03-19,sold
23082,2025-03-19,sold
23083,2025-03-19,available
23084,2025-03-19,sold
23085,2025-03-19,available
23086,2025-03-20,available
23087,2025-03-20,available
23088,2025-03-20,available
23089,2025-03-20,available
23090,2025-03-20,available
23091,2025-03-20,sold
23092,2025-03-20,available
23093,2025-03-20,defective
23094,2025-03-20,sold
23095,2025-03-20,sold
23096,2025-03-20,sold
23097,2025-03-20,available
23098,2025-03-20,sold
23099,2025-03-20,available
23100,2025-03-20,available
23101,2025-03-21,sold
23102,2025-03-21,sold
23103,2025-03-21,available
23104,2025-03-21,sold
23105,2025-03-21,available
23106,2025-03-21,available
23107,2025-03-21,available
23108,2025-03-21,available
23109,2025-03-21,available
23110,2025-03-21,available
23111,2025-03-21,available
23112,2025-03-21,available
23113,2025-03-21,available
23114,2025-03-21,defective
23115,2025-03-21,available
23116,2025-03-22,available
23117,2025-03-22,sold
23118,2025-03-22,defective
23119,2025-03-22,defective
23120,2025-03-22,available
23121,2025-03-22,available
23122,2025-03-22,available
23123,2025-03-22,available
23124,2025-03-22,available
23125,2025-03-22,available
23126,2025-03-22,available
23127,2025-03-22,sold
23128,2025-03-22,available
23129,2025-03-22,sold
23130,2025-03-22,available
23131,2025-03-23,sold
23132,2025-03-23,sold
23133,2025-03-23,available
23134,2025-03-23,sold
23135,2025-03-23,available
23136,2025-03-23,available
23137,2025-03-23,available
23138,2025-03-23,available
23139,2025-03-23,available
23140,2025-03-23,sold
23141,2025-03-23,sold
23142,2025-03-23,available
23143,2025-03-23,available
23144,2025-03-23,sold
23145,2025-03-23,available
23146,2025-03-24,available
23147,2025-03-24,available
23148,2025-03-24,sold
23149,2025-03-24,available
23150,2025-03-24,sold
23151,2025-03-24,available
23152,2025-03-24,available
23153,2025-03-24,available
23154,2025-03-24,available
23155,2025-03-24,sold
23156,2025-03-24,available
23157,2025-03-24,sold
23158,2025-03-24,sold
23159,2025-03-24,available
23160,2025-03-24,available
23161,2025-03-25,available
23162,2025-03-25,sold
23163,2025-03-25,sold
23164,2025-03-25,available
23165,2025-03-25,defective
23166,2025-03-25,available
23167,2025-03-25,available
23168,2025-03-25,available
23169,2025-03-25,sold
23170,2025-03-25,sold
23171,2025-03-25,defective
23172,2025-03-25,sold
23173,2025-03-25,sold
23174,2025-03-25,sold
23175,2025-03-25,sold
23176,2025-03-26,available
23177,2025-03-26,available
23178,2025-03-26,sold
23179,2025-03-26,defective
23180,2025-03-26,defective
23181,2025-03-26,available
23182,2025-03-26,sold
23183,2025-03-26,available
23184,2025-03-26,defective
23185,2025-03-26,available
23186,2025-03-26,sold
23187,2025-03-26,available
23188,2025-03-26,sold
23189,2025-03-26,available
23190,2025-03-26,available
23191,2025-03-27,sold
23192,2025-03-27,sold
23193,2025-03-27,sold
23194,2025-03-27,sold
23195,2025-03-27,sold
23196,2025-03-27,available
23197,2025-03-27,available
23198,2025-03-27,sold
23199,2025-03-27,available
23200,2025-03-27,sold
23201,2025-03-27,available
23202,2025-03-27,sold
23203,2025-03-27,available
23204,2025-03-27,defective
23205,2025-03-27,sold
23206,2025-03-28,sold
23207,2025-03-28,available
23208,2025-03-28,available
23209,2025-03-28,available
23210,2025-03-28,defective
23211,2025-03-28,available
23212,2025-03-28,available
23213,2025-03-28,available
23214,2025-03-28,available
23215,2025-03-28,sold
23216,2025-03-28,sold
23217,2025-03-28,sold
23218,2025-03-28,available
23219,2025-03-28,available
23220,2025-03-28,sold
23221,2025-03-29,available
23222,2025-03-29,sold
23223,2025-03-29,available
23224,2025-03-29,available
23225,2025-03-29,available
23226,2025-03-29,sold
23227,2025-03-29,available
23228,2025-03-29,available
23229,2025-03-29,defective
23230,2025-03-29,sold
23231,2025-03-29,sold
23232,2025-03-29,available
23233,2025-03-29,defective
23234,2025-03-29,sold
23235,2025-03-29,available
23236,2025-03-30,sold
23237,2025-03-30,sold
23238,2025-03-30,available
23239,2025-03-30,available
23240,2025-03-30,defective
23241,2025-03-30,available
23242,2025-03-30,sold
23243,2025-03-30,sold
23244,2025-03-30,defective
23245,2025-03-30,sold
23246,2025-03-30,available
23247,2025-03-30,available
23248,2025-03-30,sold
23249,2025-03-30,available
23250,2025-03-30,available
23251,2025-03-31,sold
23252,2025-03-31,available
23253,2025-03-31,available
23254,2025-03-31,available
23255,2025-03-31,available
23256,2025-03-31,available
23257,2025-03-31,available
23258,2025-03-31,available
23259,2025-03-31,defective
23260,2025-03-31,available
23261,2025-03-31,available
23262,2025-03-31,sold
23263,2025-03-31,available
23264,2025-03-31,available
23265,2025-03-31,available
23266,2025-04-01,available
23267,2025-04-01,available
23268,2025-04-01,sold
23269,2025-04-01,available
23270,2025-04-01,available
23271,2025-04-01,defective
23272,2025-04-01,defective
23273,2025-04-01,available
23274,2025-04-01,sold
23275,2025-04-01,sold
23276,2025-04-01,available
23277,2025-04-01,defective
23278,2025-04-01,defective
23279,2025-04-01,sold
23280,2025-04-01,available
23281,2025-04-02,available
23282,2025-04-02,available
23283,2025-04-02,available
23284,2025-04-02,available
23285,2025-04-02,available
23286,2025-04-02,sold
23287,2025-04-02,available
23288,2025-04-02,available
23289,2025-04-02,sold
23290,2025-04-02,available
23291,2025-04-02,sold
23292,2025-04-02,available
23293,2025-04-02,sold
23294,2025-04-02,available
23295,2025-04-02,sold
23296,2025-04-03,available
23297,2025-04-03,available
23298,2025-04-03,sold
23299,2025-04-03,available
23300,2025-04-03,sold
23301,2025-04-03,available
23302,2025-04-03,available
23303,2025-04-03,available
23304,2025-04-03,available
23305,2025-04-03,sold
23306,2025-04-03,defective
23307,2025-04-03,available
23308,2025-04-03,available
23309,2025-04-03,available
23310,2025-04-03,available
23311,2025-04-04,sold
23312,2025-04-04,defective
23313,2025-04-04,available
23314,2025-04-04,defective
23315,2025-04-04,available
23316,2025-04-04,available
23317,2025-04-04,available
23318,2025-04-04,available
23319,2025-04-04,sold
23320,2025-04-04,available
23321,2025-04-04,available
23322,2025-04-04,available
23323,2025-04-04,available
23324,2025-04-04,available
23325,2025-04-04,defective
23326,2025-04-05,available
23327,2025-04-05,available
23328,2025-04-05,available
23329,2025-04-05,sold
23330,2025-04-05,defective
23331,2025-04-05,defective
23332,2025-04-05,available
23333,2025-04-05,available
23334,2025-04-05,available
23335,2025-04-05,available
23336,2025-04-05,sold
23337,2025-04-05,available
23338,2025-04-05,available
23339,2025-04-05,available
23340,2025-04-05,sold
23341,2025-04-06,defective
23342,2025-04-06,available
23343,2025-04-06,available
23344,2025-04-06,available
23345,2025-04-06,available
23346,2025-04-06,sold
23347,2025-04-06,sold
23348,2025-04-06,sold
23349,2025-04-06,defective
23350,2025-04-06,sold
23351,2025-04-06,sold
23352,2025-04-06,available
23353,2025-04-06,available
23354,2025-04-06,sold
23355,2025-04-06,available
23356,2025-04-07,sold
23357,2025-04-07,available
23358,2025-04-07,available
23359,2025-04-07,available
23360,2025-04-07,sold
23361,2025-04-07,available
23362,2025-04-07,available
23363,2025-04-07,sold
23364,2025-04-07,sold
23365,2025-04-07,available
23366,2025-04-07,available
23367,2025-04-07,available
23368,2025-04-07,available
23369,2025-04-07,available
23370,2025-04-07,defective
23371,2025-04-08,available
23372,2025-04-08,sold
23373,2025-04-08,available
23374,2025-04-08,sold
23375,2025-04-08,sold
23376,2025-04-08,sold
23377,2025-04-08,available
23378,2025-04-08,available
23379,2025-04-08,defective
23380,2025-04-08,available
23381,2025-04-08,sold
23382,2025-04-08,defective
23383,2025-04-08,available
23384,2025-04-08,available
23385,2025-04-08,available
23386,2025-04-09,available
23387,2025-04-09,sold
23388,2025-04-09,available
23389,2025-04-09,sold
23390,2025-04-09,available
23391,2025-04-09,sold
23392,2025-04-09,available
23393,2025-04-09,available
23394,2025-04-09,sold
23395,2025-04-09,sold
23396,2025-04-09,available
23397,2025-04-09,available
23398,2025-04-09,available
23399,2025-04-09,available
23400,2025-04-09,available
23401,2025-04-10,available
23402,2025-04-10,sold
23403,2025-04-10,sold
23404,2025-04-10,sold
23405,2025-04-10,sold
23406,2025-04-10,available
23407,2025-04-10,available
23408,2025-04-10,available
23409,2025-04-10,available
23410,2025-04-10,available
23411,2025-04-10,defective
23412,2025-04-10,sold
23413,2025-04-10,available
23414,2025-04-10,defective
23415,2025-04-10,sold
23416,2025-04-11,available
23417,2025-04-11,sold
23418,2025-04-11,sold
23419,2025-04-11,sold
23420,2025-04-11,sold
23421,2025-04-11,available
23422,2025-04-11,available
23423,2025-04-11,sold
23424,2025-04-11,available
23425,2025-04-11,available
23426,2025-04-11,available
23427,2025-04-11,available
23428,2025-04-11,available
23429,2025-04-11,defective
23430,2025-04-11,sold
23431,2025-04-12,defective
23432,2025-04-12,available
23433,2025-04-12,sold
23434,2025-04-12,available
23435,2025-04-12,available
23436,2025-04-12,sold
23437,2025-04-12,sold
23438,2025-04-12,sold
23439,2025-04-12,available
23440,2025-04-12,sold
23441,2025-04-12,defective
23442,2025-04-12,sold
23443,2025-04-12,available
23444,2025-04-12,available
23445,2025-04-12,available
23446,2025-04-13,available
23447,2025-04-13,sold
23448,2025-04-13,sold
23449,2025-04-13,defective
23450,2025-04-13,sold
23451,2025-04-13,available
23452,2025-04-13,available
23453,2025-04-13,available
23454,2025-04-13,available
23455,2025-04-13,sold
23456,2025-04-13,sold
23457,2025-04-13,available
23458,2025-04-13,defective
23459,2025-04-13,available
23460,2025-04-13,available
23461,2025-04-14,sold
23462,2025-04-14,available
23463,2025-04-14,defective
23464,2025-04-14,defective
23465,2025-04-14,available
23466,2025-04-14,available
23467,2025-04-14,sold
23468,2025-04-14,sold
23469,2025-04-14,defective
23470,2025-04-14,available
23471,2025-04-14,available
23472,2025-04-14,available
23473,2025-04-14,available
23474,2025-04-14,available
23475,2025-04-14,sold
23476,2025-04-15,defective
23477,2025-04-15,sold
23478,2025-04-15,sold
23479,2025-04-15,available
23480,2025-04-15,sold
23481,2025-04-15,defective
23482,2025-04-15,sold
23483,2025-04-15,available
23484,2025-04-15,sold
23485,2025-04-15,sold
23486,2025-04-15,sold
23487,2025-04-15,available
23488,2025-04-15,defective
23489,2025-04-15,sold
23490,2025-04-15,available
23491,2025-04-16,sold
23492,2025-04-16,available
23493,2025-04-16,sold
23494,2025-04-16,available
23495,2025-04-16,available
23496,2025-04-16,sold
23497,2025-04-16,available
23498,2025-04-16,defective
23499,2025-04-16,sold
23500,2025-04-16,available
23501,2025-04-16,available
23502,2025-04-16,available
23503,2025-04-16,available
23504,2025-04-16,sold
23505,2025-04-16,available
23506,2025-04-17,available
23507,2025-04-17,defective
23508,2025-04-17,available
23509,2025-04-17,available
23510,2025-04-17,defective
23511,2025-04-17,available
23512,2025-04-17,available
23513,2025-04-17,sold
23514,2025-04-17,defective
23515,2025-04-17,sold
23516,2025-04-17,available
23517,2025-04-17,sold
23518,2025-04-17,available
23519,2025-04-17,sold
23520,2025-04-17,available
23521,2025-04-18,available
23522,2025-04-18,available
23523,2025-04-18,defective
23524,2025-04-18,available
23525,2025-04-18,available
23526,2025-04-18,available
23527,2025-04-18,available
23528,2025-04-18,available
23529,2025-04-18,available
23530,2025-04-18,sold
23531,2025-04-18,available
23532,2025-04-18,available
23533,2025-04-18,sold
23534,2025-04-18,available
23535,2025-04-18,defective
23536,2025-04-19,sold
23537,2025-04-19,available
23538,2025-04-19,sold
23539,2025-04-19,sold
23540,2025-04-19,available
23541,2025-04-19,available
23542,2025-04-19,available
23543,2025-04-19,defective
23544,2025-04-19,sold
23545,2025-04-19,defective
23546,2025-04-19,available
23547,2025-04-19,available
23548,2025-04-19,defective
23549,2025-04-19,available
23550,2025-04-19,defective
23551,2025-04-20,available
23552,2025-04-20,available
23553,2025-04-20,available
23554,2025-04-20,sold
23555,2025-04-20,available
23556,2025-04-20,available
23557,2025-04-20,available
23558,2025-04-20,sold
23559,2025-04-20,sold
23560,2025-04-20,available
23561,2025-04-20,available
23562,2025-04-20,defective
23563,2025-04-20,available
23564,2025-04-20,sold
23565,2025-04-20,available
23566,2025-04-21,defective
23567,2025-04-21,available
23568,2025-04-21,available
23569,2025-04-21,available
23570,2025-04-21,available
23571,2025-04-21,available
23572,2025-04-21,available
23573,2025-04-21,sold
23574,2025-04-21,available
23575,2025-04-21,defective
23576,2025-04-21,sold
23577,2025-04-21,sold
23578,2025-04-21,sold
23579,2025-04-21,sold
23580,2025-04-21,defective
23581,2025-04-22,available
23582,2025-04-22,sold
23583,2025-04-22,available
23584,2025-04-22,available
23585,2025-04-22,available
23586,2025-04-22,sold
23587,2025-04-22,sold
23588,2025-04-22,available
23589,2025-04-22,defective
23590,2025-04-22,defective
23591,2025-04-22,sold
23592,2025-04-22,available
23593,2025-04-22,available
23594,2025-04-22,available
23595,2025-04-22,available
23596,2025-04-23,defective
23597,2025-04-23,available
23598,2025-04-23,available
23599,2025-04-23,defective
23600,2025-04-23,available
23601,2025-04-23,sold
23602,2025-04-23,defective
23603,2025-04-23,available
23604,2025-04-23,available
23605,2025-04-23,sold
23606,2025-04-23,sold
23607,2025-04-23,sold
23608,2025-04-23,defective
23609,2025-04-23,available
23610,2025-04-23,available
23611,2025-04-24,sold
23612,2025-04-24,sold
23613,2025-04-24,available
23614,2025-04-24,defective
23615,2025-04-24,sold
23616,2025-04-24,sold
23617,2025-04-24,sold
23618,2025-04-24,available
23619,2025-04-24,sold
23620,2025-04-24,available
23621,2025-04-24,available
23622,2025-04-24,available
23623,2025-04-24,available
23624,2025-04-24,sold
23625,2025-04-24,available
23626,2025-04-25,available
23627,2025-04-25,available
23628,2025-04-25,available
23629,2025-04-25,available
23630,2025-04-25,available
23631,2025-04-25,available
23632,2025-04-25,available
23633,2025-04-25,available
23634,2025-04-25,sold
23635,2025-04-25,available
23636,2025-04-25,available
23637,2025-04-25,available
23638,2025-04-25,available
23639,2025-04-25,available
23640,2025-04-25,available
23641,2025-04-26,available
23642,2025-04-26,available
23643,2025-04-26,available
23644,2025-04-26,available
23645,2025-04-26,defective
23646,2025-04-26,available
23647,2025-04-26,available
23648,2025-04-26,defective
23649,2025-04-26,available
23650,2025-04-26,available
23651,2025-04-26,available
23652,2025-04-26,available
23653,2025-04-26,available
23654,2025-04-26,available
23655,2025-04-26,available
23656,2025-04-27,available
23657,2025-04-27,available
23658,2025-04-27,sold
23659,2025-04-27,available
23660,2025-04-27,available
23661,2025-04-27,available
23662,2025-04-27,available
23663,2025-04-27,sold
23664,2025-04-27,defective
23665,2025-04-27,available
23666,2025-04-27,defective
23667,2025-04-27,available
23668,2025-04-27,available
23669,2025-04-27,sold
23670,2025-04-27,available
23671,2025-04-28,available
23672,2025-04-28,defective
23673,2025-04-28,available
23674,2025-04-28,available
23675,2025-04-28,available
23676,2025-04-28,sold
23677,2025-04-28,available
23678,2025-04-28,defective
23679,2025-04-28,sold
23680,2025-04-28,defective
23681,2025-04-28,sold
23682,2025-04-28,available
23683,2025-04-28,sold
23684,2025-04-28,available
23685,2025-04-28,sold
23686,2025-04-29,available
23687,2025-04-29,sold
23688,2025-04-29,available
23689,2025-04-29,available
23690,2025-04-29,available
23691,2025-04-29,sold
23692,2025-04-29,available
23693,2025-04-29,defective
23694,2025-04-29,available
23695,2025-04-29,available
23696,2025-04-29,defective
23697,2025-04-29,sold
23698,2025-04-29,available
23699,2025-04-29,available
23700,2025-04-29,available
23701,2025-04-30,available
23702,2025-04-30,available
23703,2025-04-30,available
23704,2025-04-30,available
23705,2025-04-30,sold
23706,2025-04-30,sold
23707,2025-04-30,available
23708,2025-04-30,defective
23709,2025-04-30,defective
23710,2025-04-30,sold
23711,2025-04-30,sold
23712,2025-04-30,available
23713,2025-04-30,available
23714,2025-04-30,sold
23715,2025-04-30,sold
23716,2025-05-01,available
23717,2025-05-01,available
23718,2025-05-01,defective
23719,2025-05-01,available
23720,2025-05-01,sold
23721,2025-05-01,defective
23722,2025-05-01,sold
23723,2025-05-01,available
23724,2025-05-01,available
23725,2025-05-01,defective
23726,2025-05-01,available
23727,2025-05-01,available
23728,2025-05-01,available
23729,2025-05-01,defective
23730,2025-05-01,available
23731,2025-05-02,defective
23732,2025-05-02,available
23733,2025-05-02,available
23734,2025-05-02,available
23735,2025-05-02,available
23736,2025-05-02,available
23737,2025-05-02,sold
23738,2025-05-02,available
23739,2025-05-02,available
23740,2025-05-02,sold
23741,2025-05-02,available
23742,2025-05-02,sold
23743,2025-05-02,available
23744,2025-05-02,available
23745,2025-05-02,available
23746,2025-05-03,sold
23747,2025-05-03,available
23748,2025-05-03,sold
23749,2025-05-03,sold
23750,2025-05-03,available
23751,2025-05-03,defective
23752,2025-05-03,defective
23753,2025-05-03,available
23754,2025-05-03,available
23755,2025-05-03,sold
23756,2025-05-03,available
23757,2025-05-03,defective
23758,2025-05-03,defective
23759,2025-05-03,available
23760,2025-05-03,defective
23761,2025-05-04,available
23762,2025-05-04,available
23763,2025-05-04,available
23764,2025-05-04,sold
23765,2025-05-04,available
23766,2025-05-04,available
23767,2025-05-04,defective
23768,2025-05-04,defective
23769,2025-05-04,sold
23770,2025-05-04,available
23771,2025-05-04,available
23772,2025-05-04,sold
23773,2025-05-04,sold
23774,2025-05-04,available
23775,2025-05-04,sold
23776,2025-05-05,available
23777,2025-05-05,sold
23778,2025-05-05,sold
23779,2025-05-05,available
23780,2025-05-05,available
23781,2025-05-05,available
23782,2025-05-05,sold
23783,2025-05-05,available
23784,2025-05-05,available
23785,2025-05-05,available
23786,2025-05-05,available
23787,2025-05-05,available
23788,2025-05-05,available
23789,2025-05-05,available
23790,2025-05-05,available
23791,2025-05-06,available
23792,2025-05-06,available
23793,2025-05-06,defective
23794,2025-05-06,sold
23795,2025-05-06,sold
23796,2025-05-06,available
23797,2025-05-06,sold
23798,2025-05-06,available
23799,2025-05-06,available
23800,2025-05-06,available
23801,2025-05-06,available
23802,2025-05-06,sold
23803,2025-05-06,available
23804,2025-05-06,available
23805,2025-05-06,available
23806,2025-05-07,available
23807,2025-05-07,defective
23808,2025-05-07,available
23809,2025-05-07,sold
23810,2025-05-07,defective
23811,2025-05-07,sold
23812,2025-05-07,sold
23813,2025-05-07,available
23814,2025-05-07,defective
23815,2025-05-07,available
23816,2025-05-07,available
23817,2025-05-07,available
23818,2025-05-07,available
23819,2025-05-07,available
23820,2025-05-07,available
23821,2025-05-08,defective
23822,2025-05-08,available
23823,2025-05-08,defective
23824,2025-05-08,sold
23825,2025-05-08,sold
23826,2025-05-08,available
23827,2025-05-08,available
23828,2025-05-08,sold
23829,2025-05-08,available
23830,2025-05-08,defective
23831,2025-05-08,available
23832,2025-05-08,sold
23833,2025-05-08,available
23834,2025-05-08,defective
23835,2025-05-08,available
23836,2025-05-09,available
23837,2025-05-09,available
23838,2025-05-09,sold
23839,2025-05-09,available
23840,2025-05-09,sold
23841,2025-05-09,available
23842,2025-05-09,available
23843,2025-05-09,available
23844,2025-05-09,available
23845,2025-05-09,available
23846,2025-05-09,sold
23847,2025-05-09,available
23848,2025-05-09,defective
23849,2025-05-09,available
23850,2025-05-09,available
23851,2025-05-10,sold
23852,2025-05-10,available
23853,2025-05-10,available
23854,2025-05-10,available
23855,2025-05-10,defective
23856,2025-05-10,available
23857,2025-05-10,defective
23858,2025-05-10,available
23859,2025-05-10,available
23860,2025-05-10,sold
23861,2025-05-10,defective
23862,2025-05-10,available
23863,2025-05-10,sold
23864,2025-05-10,available
23865,2025-05-10,available
23866,2025-05-11,available
23867,2025-05-11,sold
23868,2025-05-11,available
23869,2025-05-11,available
23870,2025-05-11,available
23871,2025-05-11,available
23872,2025-05-11,sold
23873,2025-05-11,defective
23874,2025-05-11,available
23875,2025-05-11,sold
23876,2025-05-11,available
23877,2025-05-11,sold
23878,2025-05-11,available
23879,2025-05-11,available
23880,2025-05-11,available
23881,2025-05-12,available
23882,2025-05-12,sold
23883,2025-05-12,available
23884,2025-05-12,available
23885,2025-05-12,defective
23886,2025-05-12,sold
23887,2025-05-12,sold
23888,2025-05-12,available
23889,2025-05-12,available
23890,2025-05-12,available
23891,2025-05-12,available
23892,2025-05-12,defective
23893,2025-05-12,sold
23894,2025-05-12,sold
23895,2025-05-12,available
23896,2025-05-13,available
23897,2025-05-13,available
23898,2025-05-13,sold
23899,2025-05-13,available
23900,2025-05-13,available
23901,2025-05-13,available
23902,2025-05-13,defective
23903,2025-05-13,sold
23904,2025-05-13,sold
23905,2025-05-13,available
23906,2025-05-13,sold
23907,2025-05-13,defective
23908,2025-05-13,available
23909,2025-05-13,sold
23910,2025-05-13,available
23911,2025-05-14,defective
23912,2025-05-14,available
23913,2025-05-14,sold
23914,2025-05-14,defective
23915,2025-05-14,sold
23916,2025-05-14,available
23917,2025-05-14,available
23918,2025-05-14,available
23919,2025-05-14,available
23920,2025-05-14,available
23921,2025-05-14,sold
23922,2025-05-14,sold
23923,2025-05-14,available
23924,2025-05-14,available
23925,2025-05-14,sold
23926,2025-05-15,sold
23927,2025-05-15,available
23928,2025-05-15,available
23929,2025-05-15,defective
23930,2025-05-15,sold
23931,2025-05-15,defective
23932,2025-05-15,available
23933,2025-05-15,sold
23934,2025-05-15,available
23935,2025-05-15,available
23936,2025-05-15,available
23937,2025-05-15,available
23938,2025-05-15,available
23939,2025-05-15,available
23940,2025-05-15,available
23941,2025-05-16,available
23942,2025-05-16,available
23943,2025-05-16,available
23944,2025-05-16,available
23945,2025-05-16,sold
23946,2025-05-16,available
23947,2025-05-16,available
23948,2025-05-16,available
23949,2025-05-16,available
23950,2025-05-16,available
23951,2025-05-16,available
23952,2025-05-16,available
23953,2025-05-16,available
23954,2025-05-16,defective
23955,2025-05-16,sold
23956,2025-05-17,sold
23957,2025-05-17,available
23958,2025-05-17,available
23959,2025-05-17,available
23960,2025-05-17,available
23961,2025-05-17,defective
23962,2025-05-17,available
23963,2025-05-17,available
23964,2025-05-17,sold
23965,2025-05-17,available
23966,2025-05-17,available
23967,2025-05-17,available
23968,2025-05-17,available
23969,2025-05-17,available
23970,2025-05-17,sold
23971,2025-05-18,available
23972,2025-05-18,available
23973,2025-05-18,sold
23974,2025-05-18,sold
23975,2025-05-18,available
23976,2025-05-18,sold
23977,2025-05-18,available
23978,2025-05-18,defective
23979,2025-05-18,sold
23980,2025-05-18,available
23981,2025-05-18,available
23982,2025-05-18,sold
23983,2025-05-18,sold
23984,2025-05-18,available
23985,2025-05-18,available
23986,2025-05-19,available
23987,2025-05-19,available
23988,2025-05-19,defective
23989,2025-05-19,available
23990,2025-05-19,available
23991,2025-05-19,available
23992,2025-05-19,available
23993,2025-05-19,defective
23994,2025-05-19,available
23995,2025-05-19,defective
23996,2025-05-19,sold
23997,2025-05-19,available
23998,2025-05-19,sold
23999,2025-05-19,sold
24000,2025-05-19,defective
24001,2025-05-20,sold
24002,2025-05-20,defective
24003,2025-05-20,available
24004,2025-05-20,defective
24005,2025-05-20,available
24006,2025-05-20,available
24007,2025-05-20,sold
24008,2025-05-20,available
24009,2025-05-20,available
24010,2025-05-20,available
24011,2025-05-20,sold
24012,2025-05-20,available
24013,2025-05-20,available
24014,2025-05-20,available
24015,2025-05-20,available
24016,2025-05-21,sold
24017,2025-05-21,defective
24018,2025-05-21,sold
24019,2025-05-21,sold
24020,2025-05-21,available
24021,2025-05-21,defective
24022,2025-05-21,sold
24023,2025-05-21,available
24024,2025-05-21,available
24025,2025-05-21,available
24026,2025-05-21,available
24027,2025-05-21,available
24028,2025-05-21,defective
24029,2025-05-21,sold
24030,2025-05-21,available
24031,2025-05-22,defective
24032,2025-05-22,sold
24033,2025-05-22,available
24034,2025-05-22,sold
24035,2025-05-22,available
24036,2025-05-22,sold
24037,2025-05-22,available
24038,2025-05-22,available
24039,2025-05-22,available
24040,2025-05-22,sold
24041,2025-05-22,sold
24042,2025-05-22,available
24043,2025-05-22,available
24044,2025-05-22,available
24045,2025-05-22,sold
24046,2025-05-23,available
24047,2025-05-23,available
24048,2025-05-23,sold
24049,2025-05-23,available
24050,2025-05-23,available
24051,2025-05-23,defective
24052,2025-05-23,defective
24053,2025-05-23,available
24054,2025-05-23,sold
24055,2025-05-23,defective
24056,2025-05-23,sold
24057,2025-05-23,available
24058,2025-05-23,available
24059,2025-05-23,defective
24060,2025-05-23,available
24061,2025-05-24,available
24062,2025-05-24,sold
24063,2025-05-24,available
24064,2025-05-24,available
24065,2025-05-24,available
24066,2025-05-24,sold
24067,2025-05-24,available
24068,2025-05-24,sold
24069,2025-05-24,sold
24070,2025-05-24,defective
24071,2025-05-24,sold
24072,2025-05-24,defective
24073,2025-05-24,available
24074,2025-05-24,sold
24075,2025-05-24,available
24076,2025-05-25,available
24077,2025-05-25,available
24078,2025-05-25,available
24079,2025-05-25,available
24080,2025-05-25,available
24081,2025-05-25,available
24082,2025-05-25,sold
24083,2025-05-25,defective
24084,2025-05-25,available
24085,2025-05-25,available
24086,2025-05-25,defective
24087,2025-05-25,available
24088,2025-05-25,available
24089,2025-05-25,sold
24090,2025-05-25,available
24091,2025-05-26,sold
24092,2025-05-26,sold
24093,2025-05-26,available
24094,2025-05-26,available
24095,2025-05-26,sold
24096,2025-05-26,sold
24097,2025-05-26,sold
24098,2025-05-26,defective
24099,2025-05-26,available
24100,2025-05-26,available
24101,2025-05-26,sold
24102,2025-05-26,defective
24103,2025-05-26,available
24104,2025-05-26,available
24105,2025-05-26,sold
24106,2025-05-27,available
24107,2025-05-27,available
24108,2025-05-27,sold
24109,2025-05-27,sold
24110,2025-05-27,sold
24111,2025-05-27,defective
24112,2025-05-27,sold
24113,2025-05-27,sold
24114,2025-05-27,available
24115,2025-05-27,available
24116,2025-05-27,available
24117,2025-05-27,defective
24118,2025-05-27,available
24119,2025-05-27,sold
24120,2025-05-27,available
24121,2025-05-28,available
24122,2025-05-28,available
24123,2025-05-28,available
24124,2025-05-28,sold
24125,2025-05-28,available
24126,2025-05-28,available
24127,2025-05-28,available
24128,2025-05-28,available
24129,2025-05-28,available
24130,2025-05-28,sold
24131,2025-05-28,sold
24132,2025-05-28,available
24133,2025-05-28,available
24134,2025-05-28,available
24135,2025-05-28,sold
24136,2025-05-29,defective
24137,2025-05-29,defective
24138,2025-05-29,available
24139,2025-05-29,defective
24140,2025-05-29,available
24141,2025-05-29,available
24142,2025-05-29,available
24143,2025-05-29,available
24144,2025-05-29,available
24145,2025-05-29,available
24146,2025-05-29,sold
24147,2025-05-29,available
24148,2025-05-29,available
24149,2025-05-29,sold
24150,2025-05-29,available
24151,2025-05-30,sold
24152,2025-05-30,available
24153,2025-05-30,sold
24154,2025-05-30,available
24155,2025-05-30,available
24156,2025-05-30,available
24157,2025-05-30,available
24158,2025-05-30,defective
24159,2025-05-30,available
24160,2025-05-30,available
24161,2025-05-30,available
24162,2025-05-30,defective
24163,2025-05-30,sold
24164,2025-05-30,available
24165,2025-05-30,available
24166,2025-05-31,available
24167,2025-05-31,defective
24168,2025-05-31,available
24169,2025-05-31,available
24170,2025-05-31,available
24171,2025-05-31,available
24172,2025-05-31,defective
24173,2025-05-31,available
24174,2025-05-31,available
24175,2025-05-31,available
24176,2025-05-31,sold
24177,2025-05-31,available
24178,2025-05-31,available
24179,2025-05-31,sold
24180,2025-05-31,available
24181,2025-06-01,available
24182,2025-06-01,available
24183,2025-06-01,sold
24184,2025-06-01,sold
24185,2025-06-01,available
24186,2025-06-01,available
24187,2025-06-01,sold
24188,2025-06-01,defective
24189,2025-06-01,defective
24190,2025-06-01,sold
24191,2025-06-01,available
24192,2025-06-01,sold
24193,2025-06-01,defective
24194,2025-06-01,available
24195,2025-06-01,available
24196,2025-06-02,available
24197,2025-06-02,sold
24198,2025-06-02,sold
24199,2025-06-02,sold
24200,2025-06-02,sold
24201,2025-06-02,sold
24202,2025-06-02,defective
24203,2025-06-02,defective
24204,2025-06-02,available
24205,2025-06-02,sold
24206,2025-06-02,defective
24207,2025-06-02,available
24208,2025-06-02,sold
24209,2025-06-02,defective
24210,2025-06-02,sold
24211,2025-06-03,available
24212,2025-06-03,sold
24213,2025-06-03,available
24214,2025-06-03,sold
24215,2025-06-03,available
24216,2025-06-03,available
24217,2025-06-03,available
24218,2025-06-03,available
24219,2025-06-03,sold
24220,2025-06-03,available
24221,2025-06-03,available
24222,2025-06-03,defective
24223,2025-06-03,available
24224,2025-06-03,available
24225,2025-06-03,available
24226,2025-06-04,sold
24227,2025-06-04,available
24228,2025-06-04,sold
24229,2025-06-04,available
24230,2025-06-04,sold
24231,2025-06-04,available
24232,2025-06-04,available
24233,2025-06-04,available
24234,2025-06-04,sold
24235,2025-06-04,available
24236,2025-06-04,available
24237,2025-06-04,defective
24238,2025-06-04,sold
24239,2025-06-04,available
24240,2025-06-04,defective
24241,2025-06-05,available
24242,2025-06-05,available
24243,2025-06-05,defective
24244,2025-06-05,available
24245,2025-06-05,available
24246,2025-06-05,available
24247,2025-06-05,available
24248,2025-06-05,available
24249,2025-06-05,defective
24250,2025-06-05,available
24251,2025-06-05,defective
24252,2025-06-05,sold
24253,2025-06-05,sold
24254,2025-06-05,sold
24255,2025-06-05,sold
24256,2025-06-06,available
24257,2025-06-06,available
24258,2025-06-06,available
24259,2025-06-06,sold
24260,2025-06-06,available
24261,2025-06-06,defective
24262,2025-06-06,available
24263,2025-06-06,available
24264,2025-06-06,defective
24265,2025-06-06,sold
24266,2025-06-06,sold
24267,2025-06-06,available
24268,2025-06-06,available
24269,2025-06-06,available
24270,2025-06-06,available
24271,2025-06-07,sold
24272,2025-06-07,available
24273,2025-06-07,available
24274,2025-06-07,available
24275,2025-06-07,sold
24276,2025-06-07,defective
24277,2025-06-07,sold
24278,2025-06-07,available
24279,2025-06-07,available
24280,2025-06-07,available
24281,2025-06-07,sold
24282,2025-06-07,sold
24283,2025-06-07,defective
24284,2025-06-07,sold
24285,2025-06-07,available
24286,2025-06-08,defective
24287,2025-06-08,available
24288,2025-06-08,sold
24289,2025-06-08,available
24290,2025-06-08,sold
24291,2025-06-08,available
24292,2025-06-08,sold
24293,2025-06-08,available
24294,2025-06-08,sold
24295,2025-06-08,available
24296,2025-06-08,sold
24297,2025-06-08,available
24298,2025-06-08,sold
24299,2025-06-08,available
24300,2025-06-08,available
24301,2025-06-09,available
24302,2025-06-09,available
24303,2025-06-09,available
24304,2025-06-09,available
24305,2025-06-09,sold
24306,2025-06-09,available
24307,2025-06-09,sold
24308,2025-06-09,available
24309,2025-06-09,available
24310,2025-06-09,available
24311,2025-06-09,defective
24312,2025-06-09,available
24313,2025-06-09,defective
24314,2025-06-09,available
24315,2025-06-09,available
24316,2025-06-10,available
24317,2025-06-10,defective
24318,2025-06-10,available
24319,2025-06-10,sold
24320,2025-06-10,sold
24321,2025-06-10,available
24322,2025-06-10,available
24323,2025-06-10,available
24324,2025-06-10,sold
24325,2025-06-10,sold
24326,2025-06-10,available
24327,2025-06-10,available
24328,2025-06-10,defective
24329,2025-06-10,defective
24330,2025-06-10,sold
24331,2025-06-11,sold
24332,2025-06-11,available
24333,2025-06-11,defective
24334,2025-06-11,available
24335,2025-06-11,available
24336,2025-06-11,available
24337,2025-06-11,defective
24338,2025-06-11,sold
24339,2025-06-11,available
24340,2025-06-11,available
24341,2025-06-11,sold
24342,2025-06-11,sold
24343,2025-06-11,available
24344,2025-06-11,available
24345,2025-06-11,available
24346,2025-06-12,available
24347,2025-06-12,defective
24348,2025-06-12,sold
24349,2025-06-12,available
24350,2025-06-12,defective
24351,2025-06-12,defective
24352,2025-06-12,available
24353,2025-06-12,defective
24354,2025-06-12,sold
24355,2025-06-12,available
24356,2025-06-12,sold
24357,2025-06-12,sold
24358,2025-06-12,available
24359,2025-06-12,sold
24360,2025-06-12,defective
24361,2025-06-13,available
24362,2025-06-13,defective
24363,2025-06-13,sold
24364,2025-06-13,available
24365,2025-06-13,available
24366,2025-06-13,defective
24367,2025-06-13,sold
24368,2025-06-13,defective
24369,2025-06-13,defective
24370,2025-06-13,sold
24371,2025-06-13,sold
24372,2025-06-13,available
24373,2025-06-13,available
24374,2025-06-13,available
24375,2025-06-13,sold
24376,2025-06-14,available
24377,2025-06-14,defective
24378,2025-06-14,sold
24379,2025-06-14,available
24380,2025-06-14,available
24381,2025-06-14,sold
24382,2025-06-14,available
24383,2025-06-14,sold
24384,2025-06-14,defective
24385,2025-06-14,available
24386,2025-06-14,available
24387,2025-06-14,sold
24388,2025-06-14,available
24389,2025-06-14,available
24390,2025-06-14,available
24391,2025-06-15,available
24392,2025-06-15,available
24393,2025-06-15,available
24394,2025-06-15,sold
24395,2025-06-15,available
24396,2025-06-15,available
24397,2025-06-15,defective
24398,2025-06-15,sold
24399,2025-06-15,sold
24400,2025-06-15,defective
24401,2025-06-15,available
24402,2025-06-15,available
24403,2025-06-15,defective
24404,2025-06-15,sold
24405,2025-06-15,sold
24406,2025-06-16,available
24407,2025-06-16,sold
24408,2025-06-16,available
24409,2025-06-16,defective
24410,2025-06-16,defective
24411,2025-06-16,available
24412,2025-06-16,available
24413,2025-06-16,sold
24414,2025-06-16,available
24415,2025-06-16,defective
24416,2025-06-16,sold
24417,2025-06-16,available
24418,2025-06-16,available
24419,2025-06-16,defective
24420,2025-06-16,available
24421,2025-06-17,available
24422,2025-06-17,available
24423,2025-06-17,sold
24424,2025-06-17,available
24425,2025-06-17,defective
24426,2025-06-17,available
24427,2025-06-17,defective
24428,2025-06-17,defective
24429,2025-06-17,available
24430,2025-06-17,available
24431,2025-06-17,sold
24432,2025-06-17,defective
24433,2025-06-17,available
24434,2025-06-17,sold
24435,2025-06-17,defective
24436,2025-06-18,available
24437,2025-06-18,sold
24438,2025-06-18,available
24439,2025-06-18,available
24440,2025-06-18,available
24441,2025-06-18,sold
24442,2025-06-18,defective
24443,2025-06-18,available
24444,2025-06-18,available
24445,2025-06-18,available
24446,2025-06-18,available
24447,2025-06-18,available
24448,2025-06-18,available
24449,2025-06-18,available
24450,2025-06-18,available
24451,2025-06-19,sold
24452,2025-06-19,available
24453,2025-06-19,defective
24454,2025-06-19,available
24455,2025-06-19,sold
24456,2025-06-19,sold
24457,2025-06-19,sold
24458,2025-06-19,defective
24459,2025-06-19,available
24460,2025-06-19,defective
24461,2025-06-19,available
24462,2025-06-19,available
24463,2025-06-19,available
24464,2025-06-19,sold
24465,2025-06-19,available
24466,2025-06-20,available
24467,2025-06-20,defective
24468,2025-06-20,sold
24469,2025-06-20,sold
24470,2025-06-20,available
24471,2025-06-20,defective
24472,2025-06-20,available
24473,2025-06-20,available
24474,2025-06-20,sold
24475,2025-06-20,available
24476,2025-06-20,available
24477,2025-06-20,available
24478,2025-06-20,defective
24479,2025-06-20,sold
24480,2025-06-20,available
24481,2025-06-21,defective
24482,2025-06-21,sold
24483,2025-06-21,sold
24484,2025-06-21,defective
24485,2025-06-21,defective
24486,2025-06-21,available
24487,2025-06-21,available
24488,2025-06-21,sold
24489,2025-06-21,available
24490,2025-06-21,available
24491,2025-06-21,available
24492,2025-06-21,available
24493,2025-06-21,sold
24494,2025-06-21,sold
24495,2025-06-21,defective
24496,2025-06-22,sold
24497,2025-06-22,sold
24498,2025-06-22,available
24499,2025-06-22,available
24500,2025-06-22,available
24501,2025-06-22,sold
24502,2025-06-22,defective
24503,2025-06-22,sold
24504,2025-06-22,defective
24505,2025-06-22,sold
24506,2025-06-22,available
24507,2025-06-22,available
24508,2025-06-22,available
24509,2025-06-22,available
24510,2025-06-22,sold
24511,2025-06-23,defective
24512,2025-06-23,sold
24513,2025-06-23,available
24514,2025-06-23,sold
24515,2025-06-23,defective
24516,2025-06-23,available
24517,2025-06-23,defective
24518,2025-06-23,available
24519,2025-06-23,available
24520,2025-06-23,sold
24521,2025-06-23,available
24522,2025-06-23,available
24523,2025-06-23,available
24524,2025-06-23,available
24525,2025-06-23,available
24526,2025-06-24,available
24527,2025-06-24,available
24528,2025-06-24,available
24529,2025-06-24,defective
24530,2025-06-24,defective
24531,2025-06-24,available
24532,2025-06-24,sold
24533,2025-06-24,available
24534,2025-06-24,available
24535,2025-06-24,sold
24536,2025-06-24,available
24537,2025-06-24,sold
24538,2025-06-24,available
24539,2025-06-24,sold
24540,2025-06-24,available
24541,2025-06-25,available
24542,2025-06-25,available
24543,2025-06-25,sold
24544,2025-06-25,defective
24545,2025-06-25,sold
24546,2025-06-25,available
24547,2025-06-25,available
24548,2025-06-25,available
24549,2025-06-25,available
24550,2025-06-25,available
24551,2025-06-25,defective
24552,2025-06-25,sold
24553,2025-06-25,defective
24554,2025-06-25,available
24555,2025-06-25,sold
24556,2025-06-26,available
24557,2025-06-26,sold
24558,2025-06-26,available
24559,2025-06-26,defective
24560,2025-06-26,available
24561,2025-06-26,available
24562,2025-06-26,available
24563,2025-06-26,sold
24564,2025-06-26,sold
24565,2025-06-26,available
24566,2025-06-26,defective
24567,2025-06-26,available
24568,2025-06-26,available
24569,2025-06-26,sold
24570,2025-06-26,available
24571,2025-06-27,sold
24572,2025-06-27,available
24573,2025-06-27,sold
24574,2025-06-27,defective
24575,2025-06-27,sold
24576,2025-06-27,available
24577,2025-06-27,defective
24578,2025-06-27,defective
24579,2025-06-27,available
24580,2025-06-27,available
24581,2025-06-27,available
24582,2025-06-27,available
24583,2025-06-27,available
24584,2025-06-27,available
24585,2025-06-27,available
24586,2025-06-28,defective
24587,2025-06-28,sold
24588,2025-06-28,sold
24589,2025-06-28,available
24590,2025-06-28,available
24591,2025-06-28,available
24592,2025-06-28,available
24593,2025-06-28,sold
24594,2025-06-28,available
24595,2025-06-28,available
24596,2025-06-28,sold
24597,2025-06-28,available
24598,2025-06-28,available
24599,2025-06-28,sold
24600,2025-06-28,defective
24601,2025-06-29,available
24602,2025-06-29,sold
24603,2025-06-29,available
24604,2025-06-29,available
24605,2025-06-29,available
24606,2025-06-29,available
24607,2025-06-29,available
24608,2025-06-29,defective
24609,2025-06-29,available
24610,2025-06-29,available
24611,2025-06-29,available
24612,2025-06-29,available
24613,2025-06-29,sold
24614,2025-06-29,defective
24615,2025-06-29,defective
24616,2025-06-30,sold
24617,2025-06-30,available
24618,2025-06-30,sold
24619,2025-06-30,available
24620,2025-06-30,available
24621,2025-06-30,defective
24622,2025-06-30,available
24623,2025-06-30,available
24624,2025-06-30,sold
24625,2025-06-30,sold
24626,2025-06-30,defective
24627,2025-06-30,sold
24628,2025-06-30,defective
24629,2025-06-30,available
24630,2025-06-30,sold
24631,2025-07-01,defective
24632,2025-07-01,available
24633,2025-07-01,available
24634,2025-07-01,available
24635,2025-07-01,available
24636,2025-07-01,available
24637,2025-07-01,defective
24638,2025-07-01,available
24639,2025-07-01,available
24640,2025-07-01,available
24641,2025-07-01,available
24642,2025-07-01,available
24643,2025-07-01,defective
24644,2025-07-01,available
24645,2025-07-01,available
24646,2025-07-02,sold
24647,2025-07-02,sold
24648,2025-07-02,available
24649,2025-07-02,sold
24650,2025-07-02,defective
24651,2025-07-02,defective
24652,2025-07-02,available
24653,2025-07-02,sold
24654,2025-07-02,available
24655,2025-07-02,available
24656,2025-07-02,defective
24657,2025-07-02,sold
24658,2025-07-02,available
24659,2025-07-02,sold
24660,2025-07-02,available
24661,2025-07-03,defective
24662,2025-07-03,available
24663,2025-07-03,defective
24664,2025-07-03,defective
24665,2025-07-03,sold
24666,2025-07-03,sold
24667,2025-07-03,available
24668,2025-07-03,available
24669,2025-07-03,available
24670,2025-07-03,available
24671,2025-07-03,sold
24672,2025-07-03,available
24673,2025-07-03,defective
24674,2025-07-03,sold
24675,2025-07-03,available
24676,2025-07-04,available
24677,2025-07-04,available
24678,2025-07-04,available
24679,2025-07-04,available
24680,2025-07-04,available
24681,2025-07-04,sold
24682,2025-07-04,available
24683,2025-07-04,sold
24684,2025-07-04,available
24685,2025-07-04,available
24686,2025-07-04,available
24687,2025-07-04,sold
24688,2025-07-04,sold
24689,2025-07-04,available
24690,2025-07-04,sold
24691,2025-07-05,sold
24692,2025-07-05,sold
24693,2025-07-05,available
24694,2025-07-05,available
24695,2025-07-05,available
24696,2025-07-05,defective
24697,2025-07-05,available
24698,2025-07-05,defective
24699,2025-07-05,available
24700,2025-07-05,available
24701,2025-07-05,available
24702,2025-07-05,available
24703,2025-07-05,available
24704,2025-07-05,available
24705,2025-07-05,available
24706,2025-07-06,sold
24707,2025-07-06,sold
24708,2025-07-06,sold
24709,2025-07-06,available
24710,2025-07-06,sold
24711,2025-07-06,available
24712,2025-07-06,sold
24713,2025-07-06,available
24714,2025-07-06,available
24715,2025-07-06,sold
24716,2025-07-06,available
24717,2025-07-06,available
24718,2025-07-06,available
24719,2025-07-06,available
24720,2025-07-06,defective
24721,2025-07-07,available
24722,2025-07-07,sold
24723,2025-07-07,defective
24724,2025-07-07,available
24725,2025-07-07,available
24726,2025-07-07,available
24727,2025-07-07,sold
24728,2025-07-07,available
24729,2025-07-07,available
24730,2025-07-07,available
24731,2025-07-07,sold
24732,2025-07-07,available
24733,2025-07-07,sold
24734,2025-07-07,available
24735,2025-07-07,available
24736,2025-07-08,sold
24737,2025-07-08,defective
24738,2025-07-08,defective
24739,2025-07-08,available
24740,2025-07-08,sold
24741,2025-07-08,available
24742,2025-07-08,available
24743,2025-07-08,available
24744,2025-07-08,available
24745,2025-07-08,sold
24746,2025-07-08,defective
24747,2025-07-08,sold
24748,2025-07-08,defective
24749,2025-07-08,available
24750,2025-07-08,available
24751,2025-07-09,sold
24752,2025-07-09,sold
24753,2025-07-09,available
24754,2025-07-09,defective
24755,2025-07-09,sold
24756,2025-07-09,available
24757,2025-07-09,sold
24758,2025-07-09,sold
24759,2025-07-09,available
24760,2025-07-09,available
24761,2025-07-09,sold
24762,2025-07-09,available
24763,2025-07-09,sold
24764,2025-07-09,defective
24765,2025-07-09,available
24766,2025-07-10,defective
24767,2025-07-10,available
24768,2025-07-10,sold
24769,2025-07-10,available
24770,2025-07-10,sold
24771,2025-07-10,defective
24772,2025-07-10,available
24773,2025-07-10,available
24774,2025-07-10,available
24775,2025-07-10,available
24776,2025-07-10,sold
24777,2025-07-10,sold
24778,2025-07-10,available
24779,2025-07-10,defective
24780,2025-07-10,available
24781,2025-07-11,sold
24782,2025-07-11,sold
24783,2025-07-11,sold
24784,2025-07-11,available
24785,2025-07-11,available
24786,2025-07-11,sold
24787,2025-07-11,available
24788,2025-07-11,available
24789,2025-07-11,available
24790,2025-07-11,available
24791,2025-07-11,available
24792,2025-07-11,sold
24793,2025-07-11,available
24794,2025-07-11,sold
24795,2025-07-11,available
24796,2025-07-12,sold
24797,2025-07-12,available
24798,2025-07-12,sold
24799,2025-07-12,available
24800,2025-07-12,available
24801,2025-07-12,available
24802,2025-07-12,sold
24803,2025-07-12,available
24804,2025-07-12,sold
24805,2025-07-12,available
24806,2025-07-12,defective
24807,2025-07-12,defective
24808,2025-07-12,defective
24809,2025-07-12,sold
24810,2025-07-12,available
24811,2025-07-13,available
24812,2025-07-13,defective
24813,2025-07-13,available
24814,2025-07-13,available
24815,2025-07-13,sold
24816,2025-07-13,sold
24817,2025-07-13,available
24818,2025-07-13,available
24819,2025-07-13,available
24820,2025-07-13,available
24821,2025-07-13,sold
24822,2025-07-13,defective
24823,2025-07-13,sold
24824,2025-07-13,available
24825,2025-07-13,available
24826,2025-07-14,available
24827,2025-07-14,sold
24828,2025-07-14,sold
24829,2025-07-14,sold
24830,2025-07-14,available
24831,2025-07-14,available
24832,2025-07-14,available
24833,2025-07-14,sold
24834,2025-07-14,available
24835,2025-07-14,available
24836,2025-07-14,available
24837,2025-07-14,sold
24838,2025-07-14,sold
24839,2025-07-14,sold
24840,2025-07-14,defective
24841,2025-07-15,available
24842,2025-07-15,available
24843,2025-07-15,sold
24844,2025-07-15,available
24845,2025-07-15,available
24846,2025-07-15,sold
24847,2025-07-15,defective
24848,2025-07-15,available
24849,2025-07-15,available
24850,2025-07-15,available
24851,2025-07-15,available
24852,2025-07-15,available
24853,2025-07-15,available
24854,2025-07-15,available
24855,2025-07-15,available
24856,2025-07-16,defective
24857,2025-07-16,defective
24858,2025-07-16,sold
24859,2025-07-16,available
24860,2025-07-16,sold
24861,2025-07-16,defective
24862,2025-07-16,defective
24863,2025-07-16,sold
24864,2025-07-16,sold
24865,2025-07-16,sold
24866,2025-07-16,sold
24867,2025-07-16,defective
24868,2025-07-16,sold
24869,2025-07-16,sold
24870,2025-07-16,available
24871,2025-07-17,sold
24872,2025-07-17,sold
24873,2025-07-17,available
24874,2025-07-17,available
24875,2025-07-17,sold
24876,2025-07-17,available
24877,2025-07-17,available
24878,2025-07-17,available
24879,2025-07-17,available
24880,2025-07-17,available
24881,2025-07-17,available
24882,2025-07-17,sold
24883,2025-07-17,available
24884,2025-07-17,available
24885,2025-07-17,sold
24886,2025-07-18,sold
24887,2025-07-18,available
24888,2025-07-18,available
24889,2025-07-18,available
24890,2025-07-18,sold
24891,2025-07-18,available
24892,2025-07-18,available
24893,2025-07-18,available
24894,2025-07-18,available
24895,2025-07-18,available
24896,2025-07-18,available
24897,2025-07-18,available
24898,2025-07-18,available
24899,2025-07-18,available
24900,2025-07-18,available
24901,2025-07-19,available
24902,2025-07-19,available
24903,2025-07-19,available
24904,2025-07-19,available
24905,2025-07-19,sold
24906,2025-07-19,sold
24907,2025-07-19,available
24908,2025-07-19,sold
24909,2025-07-19,sold
24910,2025-07-19,available
24911,2025-07-19,defective
24912,2025-07-19,available
24913,2025-07-19,available
24914,2025-07-19,available
24915,2025-07-19,defective
24916,2025-07-20,available
24917,2025-07-20,sold
24918,2025-07-20,sold
24919,2025-07-20,available
24920,2025-07-20,available
24921,2025-07-20,sold
24922,2025-07-20,available
24923,2025-07-20,available
24924,2025-07-20,sold
24925,2025-07-20,available
24926,2025-07-20,available
24927,2025-07-20,defective
24928,2025-07-20,available
24929,2025-07-20,available
24930,2025-07-20,sold
24931,2025-07-21,available
24932,2025-07-21,sold
24933,2025-07-21,available
24934,2025-07-21,available
24935,2025-07-21,defective
24936,2025-07-21,available
24937,2025-07-21,available
24938,2025-07-21,available
24939,2025-07-21,available
24940,2025-07-21,available
24941,2025-07-21,available
24942,2025-07-21,defective
24943,2025-07-21,sold
24944,2025-07-21,sold
24945,2025-07-21,sold
24946,2025-07-22,available
24947,2025-07-22,sold
24948,2025-07-22,sold
24949,2025-07-22,sold
24950,2025-07-22,available
24951,2025-07-22,sold
24952,2025-07-22,sold
24953,2025-07-22,available
24954,2025-07-22,available
24955,2025-07-22,sold
24956,2025-07-22,sold
24957,2025-07-22,sold
24958,2025-07-22,available
24959,2025-07-22,available
24960,2025-07-22,available
24961,2025-07-23,sold
24962,2025-07-23,available
24963,2025-07-23,defective
24964,2025-07-23,available
24965,2025-07-23,sold
24966,2025-07-23,sold
24967,2025-07-23,available
24968,2025-07-23,available
24969,2025-07-23,available
24970,2025-07-23,sold
24971,2025-07-23,available
24972,2025-07-23,sold
24973,2025-07-23,sold
24974,2025-07-23,available
24975,2025-07-23,sold
24976,2025-07-24,defective
24977,2025-07-24,defective
24978,2025-07-24,available
24979,2025-07-24,available
24980,2025-07-24,sold
24981,2025-07-24,sold
24982,2025-07-24,available
24983,2025-07-24,available
24984,2025-07-24,defective
24985,2025-07-24,defective
24986,2025-07-24,available
24987,2025-07-24,defective
24988,2025-07-24,available
24989,2025-07-24,sold
24990,2025-07-24,available
24991,2025-07-25,sold
24992,2025-07-25,sold
24993,2025-07-25,available
24994,2025-07-25,available
24995,2025-07-25,available
24996,2025-07-25,sold
24997,2025-07-25,defective
24998,2025-07-25,available
24999,2025-07-25,sold
25000,2025-07-25,defective
25001,2025-07-25,defective
25002,2025-07-25,available
25003,2025-07-25,sold
25004,2025-07-25,defective
25005,2025-07-25,sold
25006,2025-07-26,available
25007,2025-07-26,sold
25008,2025-07-26,sold
25009,2025-07-26,available
25010,2025-07-26,available
25011,2025-07-26,sold
25012,2025-07-26,available
25013,2025-07-26,defective
25014,2025-07-26,sold
25015,2025-07-26,sold
25016,2025-07-26,available
25017,2025-07-26,available
25018,2025-07-26,defective
25019,2025-07-26,sold
25020,2025-07-26,sold
25021,2025-07-27,available
25022,2025-07-27,available
25023,2025-07-27,sold
25024,2025-07-27,available
25025,2025-07-27,available
25026,2025-07-27,defective
25027,2025-07-27,defective
25028,2025-07-27,defective
25029,2025-07-27,defective
25030,2025-07-27,sold
25031,2025-07-27,available
25032,2025-07-27,available
25033,2025-07-27,available
25034,2025-07-27,sold
25035,2025-07-27,available
25036,2025-07-28,available
25037,2025-07-28,available
25038,2025-07-28,available
25039,2025-07-28,available
25040,2025-07-28,available
25041,2025-07-28,defective
25042,2025-07-28,sold
25043,2025-07-28,available
25044,2025-07-28,available
25045,2025-07-28,available
25046,2025-07-28,sold
25047,2025-07-28,available
25048,2025-07-28,available
25049,2025-07-28,sold
25050,2025-07-28,sold
25051,2025-07-29,available
25052,2025-07-29,available
25053,2025-07-29,sold
25054,2025-07-29,available
25055,2025-07-29,available
25056,2025-07-29,available
25057,2025-07-29,available
25058,2025-07-29,available
25059,2025-07-29,sold
25060,2025-07-29,sold
25061,2025-07-29,sold
25062,2025-07-29,available
25063,2025-07-29,sold
25064,2025-07-29,available
25065,2025-07-29,available
25066,2025-07-30,available
25067,2025-07-30,available
25068,2025-07-30,available
25069,2025-07-30,available
25070,2025-07-30,defective
25071,2025-07-30,sold
25072,2025-07-30,defective
25073,2025-07-30,sold
25074,2025-07-30,available
25075,2025-07-30,defective
25076,2025-07-30,available
25077,2025-07-30,defective
25078,2025-07-30,available
25079,2025-07-30,sold
25080,2025-07-30,available
25081,2025-07-31,available
25082,2025-07-31,sold
25083,2025-07-31,defective
25084,2025-07-31,defective
25085,2025-07-31,defective
25086,2025-07-31,sold
25087,2025-07-31,available
25088,2025-07-31,available
25089,2025-07-31,available
25090,2025-07-31,available
25091,2025-07-31,available
25092,2025-07-31,sold
25093,2025-07-31,sold
25094,2025-07-31,sold
25095,2025-07-31,sold
25096,2025-08-01,available
25097,2025-08-01,available
25098,2025-08-01,sold
25099,2025-08-01,available
25100,2025-08-01,sold
25101,2025-08-01,sold
25102,2025-08-01,sold
25103,2025-08-01,sold
25104,2025-08-01,available
25105,2025-08-01,available
25106,2025-08-01,available
25107,2025-08-01,defective
25108,2025-08-01,defective
25109,2025-08-01,sold
25110,2025-08-01,available
25111,2025-08-02,available
25112,2025-08-02,defective
25113,2025-08-02,available
25114,2025-08-02,available
25115,2025-08-02,available
25116,2025-08-02,defective
25117,2025-08-02,sold
25118,2025-08-02,available
25119,2025-08-02,sold
25120,2025-08-02,available
25121,2025-08-02,available
25122,2025-08-02,available
25123,2025-08-02,available
25124,2025-08-02,sold
25125,2025-08-02,available
25126,2025-08-03,defective
25127,2025-08-03,available
25128,2025-08-03,available
25129,2025-08-03,defective
25130,2025-08-03,available
25131,2025-08-03,available
25132,2025-08-03,sold
25133,2025-08-03,defective
25134,2025-08-03,sold
25135,2025-08-03,available
25136,2025-08-03,sold
25137,2025-08-03,sold
25138,2025-08-03,available
25139,2025-08-03,available
25140,2025-08-03,available
25141,2025-08-04,available
25142,2025-08-04,available
25143,2025-08-04,sold
25144,2025-08-04,available
25145,2025-08-04,defective
25146,2025-08-04,available
25147,2025-08-04,available
25148,2025-08-04,available
25149,2025-08-04,defective
25150,2025-08-04,sold
25151,2025-08-04,available
25152,2025-08-04,sold
25153,2025-08-04,available
25154,2025-08-04,sold
25155,2025-08-04,available
25156,2025-08-05,available
25157,2025-08-05,available
25158,2025-08-05,sold
25159,2025-08-05,available
25160,2025-08-05,available
25161,2025-08-05,available
25162,2025-08-05,sold
25163,2025-08-05,available
25164,2025-08-05,available
25165,2025-08-05,sold
25166,2025-08-05,sold
25167,2025-08-05,sold
25168,2025-08-05,sold
25169,2025-08-05,available
25170,2025-08-05,available
25171,2025-08-06,available
25172,2025-08-06,sold
25173,2025-08-06,available
25174,2025-08-06,available
25175,2025-08-06,defective
25176,2025-08-06,available
25177,2025-08-06,available
25178,2025-08-06,sold
25179,2025-08-06,defective
25180,2025-08-06,available
25181,2025-08-06,available
25182,2025-08-06,defective
25183,2025-08-06,available
25184,2025-08-06,available
25185,2025-08-06,available
25186,2025-08-07,sold
25187,2025-08-07,available
25188,2025-08-07,available
25189,2025-08-07,available
25190,2025-08-07,sold
25191,2025-08-07,available
25192,2025-08-07,sold
25193,2025-08-07,available
25194,2025-08-07,available
25195,2025-08-07,defective
25196,2025-08-07,available
25197,2025-08-07,available
25198,2025-08-07,available
25199,2025-08-07,available
25200,2025-08-07,available
25201,2025-08-08,available
25202,2025-08-08,available
25203,2025-08-08,defective
25204,2025-08-08,sold
25205,2025-08-08,sold
25206,2025-08-08,available
25207,2025-08-08,available
25208,2025-08-08,available
25209,2025-08-08,sold
25210,2025-08-08,defective
25211,2025-08-08,sold
25212,2025-08-08,available
25213,2025-08-08,available
25214,2025-08-08,defective
25215,2025-08-08,available
25216,2025-08-09,available
25217,2025-08-09,sold
25218,2025-08-09,available
25219,2025-08-09,available
25220,2025-08-09,available
25221,2025-08-09,sold
25222,2025-08-09,sold
25223,2025-08-09,available
25224,2025-08-09,available
25225,2025-08-09,defective
25226,2025-08-09,available
25227,2025-08-09,sold
25228,2025-08-09,available
25229,2025-08-09,sold
25230,2025-08-09,available
25231,2025-08-10,defective
25232,2025-08-10,available
25233,2025-08-10,sold
25234,2025-08-10,sold
25235,2025-08-10,sold
25236,2025-08-10,sold
25237,2025-08-10,available
25238,2025-08-10,sold
25239,2025-08-10,available
25240,2025-08-10,available
25241,2025-08-10,available
25242,2025-08-10,available
25243,2025-08-10,available
25244,2025-08-10,sold
25245,2025-08-10,available
25246,2025-08-11,available
25247,2025-08-11,available
25248,2025-08-11,available
25249,2025-08-11,available
25250,2025-08-11,sold
25251,2025-08-11,available
25252,2025-08-11,available
25253,2025-08-11,sold
25254,2025-08-11,available
25255,2025-08-11,available
25256,2025-08-11,sold
25257,2025-08-11,available
25258,2025-08-11,available
25259,2025-08-11,available
25260,2025-08-11,sold
25261,2025-08-12,available
25262,2025-08-12,available
25263,2025-08-12,available
25264,2025-08-12,sold
25265,2025-08-12,sold
25266,2025-08-12,available
25267,2025-08-12,sold
25268,2025-08-12,sold
25269,2025-08-12,available
25270,2025-08-12,sold
25271,2025-08-12,available
25272,2025-08-12,available
25273,2025-08-12,sold
25274,2025-08-12,available
25275,2025-08-12,sold
25276,2025-08-13,available
25277,2025-08-13,available
25278,2025-08-13,sold
25279,2025-08-13,defective
25280,2025-08-13,sold
25281,2025-08-13,sold
25282,2025-08-13,sold
25283,2025-08-13,sold
25284,2025-08-13,available
25285,2025-08-13,available
25286,2025-08-13,sold
25287,2025-08-13,sold
25288,2025-08-13,available
25289,2025-08-13,sold
25290,2025-08-13,sold
25291,2025-08-14,sold
25292,2025-08-14,available
25293,2025-08-14,sold
25294,2025-08-14,sold
25295,2025-08-14,available
25296,2025-08-14,sold
25297,2025-08-14,available
25298,2025-08-14,available
25299,2025-08-14,available
25300,2025-08-14,sold
25301,2025-08-14,sold
25302,2025-08-14,available
25303,2025-08-14,defective
25304,2025-08-14,available
25305,2025-08-14,available
25306,2025-08-15,available
25307,2025-08-15,available
25308,2025-08-15,available
25309,2025-08-15,available
25310,2025-08-15,available
25311,2025-08-15,sold
25312,2025-08-15,available
25313,2025-08-15,available
25314,2025-08-15,sold
25315,2025-08-15,defective
25316,2025-08-15,available
25317,2025-08-15,available
25318,2025-08-15,defective
25319,2025-08-15,available
25320,2025-08-15,sold
25321,2025-08-16,defective
25322,2025-08-16,available
25323,2025-08-16,available
25324,2025-08-16,available
25325,2025-08-16,available
25326,2025-08-16,defective
25327,2025-08-16,sold
25328,2025-08-16,sold
25329,2025-08-16,defective
25330,2025-08-16,available
25331,2025-08-16,available
25332,2025-08-16,sold
25333,2025-08-16,available
25334,2025-08-16,defective
25335,2025-08-16,available
25336,2025-08-17,sold
25337,2025-08-17,available
25338,2025-08-17,available
25339,2025-08-17,available
25340,2025-08-17,available
25341,2025-08-17,sold
25342,2025-08-17,available
25343,2025-08-17,available
25344,2025-08-17,available
25345,2025-08-17,sold
25346,2025-08-17,available
25347,2025-08-17,available
25348,2025-08-17,sold
25349,2025-08-17,sold
25350,2025-08-17,defective
25351,2025-08-18,available
25352,2025-08-18,defective
25353,2025-08-18,available
25354,2025-08-18,defective
25355,2025-08-18,available
25356,2025-08-18,sold
25357,2025-08-18,sold
25358,2025-08-18,available
25359,2025-08-18,available
25360,2025-08-18,available
25361,2025-08-18,available
25362,2025-08-18,sold
25363,2025-08-18,sold
25364,2025-08-18,defective
25365,2025-08-18,sold
25366,2025-08-19,available
25367,2025-08-19,defective
25368,2025-08-19,sold
25369,2025-08-19,available
25370,2025-08-19,available
25371,2025-08-19,sold
25372,2025-08-19,defective
25373,2025-08-19,sold
25374,2025-08-19,defective
25375,2025-08-19,available
25376,2025-08-19,defective
25377,2025-08-19,available
25378,2025-08-19,sold
25379,2025-08-19,sold
25380,2025-08-19,sold
25381,2025-08-20,defective
25382,2025-08-20,sold
25383,2025-08-20,sold
25384,2025-08-20,available
25385,2025-08-20,available
25386,2025-08-20,available
25387,2025-08-20,available
25388,2025-08-20,available
25389,2025-08-20,defective
25390,2025-08-20,sold
25391,2025-08-20,defective
25392,2025-08-20,available
25393,2025-08-20,sold
25394,2025-08-20,sold
25395,2025-08-20,sold
25396,2025-08-21,available
25397,2025-08-21,available
25398,2025-08-21,sold
25399,2025-08-21,defective
25400,2025-08-21,available
25401,2025-08-21,available
25402,2025-08-21,available
25403,2025-08-21,available
25404,2025-08-21,defective
25405,2025-08-21,available
25406,2025-08-21,sold
25407,2025-08-21,defective
25408,2025-08-21,available
25409,2025-08-21,sold
25410,2025-08-21,sold
25411,2025-08-22,available
25412,2025-08-22,available
25413,2025-08-22,available
25414,2025-08-22,sold
25415,2025-08-22,defective
25416,2025-08-22,sold
25417,2025-08-22,defective
25418,2025-08-22,sold
25419,2025-08-22,sold
25420,2025-08-22,sold
25421,2025-08-22,sold
25422,2025-08-22,available
25423,2025-08-22,available
25424,2025-08-22,available
25425,2025-08-22,available
25426,2025-08-23,sold
25427,2025-08-23,defective
25428,2025-08-23,available
25429,2025-08-23,available
25430,2025-08-23,available
25431,2025-08-23,available
25432,2025-08-23,available
25433,2025-08-23,available
25434,2025-08-23,defective
25435,2025-08-23,sold
25436,2025-08-23,available
25437,2025-08-23,sold
25438,2025-08-23,sold
25439,2025-08-23,sold
25440,2025-08-23,available
25441,2025-08-24,sold
25442,2025-08-24,defective
25443,2025-08-24,available
25444,2025-08-24,available
25445,2025-08-24,available
25446,2025-08-24,sold
25447,2025-08-24,available
25448,2025-08-24,sold
25449,2025-08-24,sold
25450,2025-08-24,available
25451,2025-08-24,defective
25452,2025-08-24,available
25453,2025-08-24,defective
25454,2025-08-24,sold
25455,2025-08-24,available
25456,2025-08-25,sold
25457,2025-08-25,available
25458,2025-08-25,defective
25459,2025-08-25,available
25460,2025-08-25,available
25461,2025-08-25,sold
25462,2025-08-25,defective
25463,2025-08-25,defective
25464,2025-08-25,sold
25465,2025-08-25,available
25466,2025-08-25,sold
25467,2025-08-25,defective
25468,2025-08-25,available
25469,2025-08-25,sold
25470,2025-08-25,sold
25471,2025-08-26,available
25472,2025-08-26,available
25473,2025-08-26,defective
25474,2025-08-26,available
25475,2025-08-26,available
25476,2025-08-26,available
25477,2025-08-26,available
25478,2025-08-26,sold
25479,2025-08-26,available
25480,2025-08-26,sold
25481,2025-08-26,available
25482,2025-08-26,sold
25483,2025-08-26,sold
25484,2025-08-26,available
25485,2025-08-26,available
25486,2025-08-27,sold
25487,2025-08-27,available
25488,2025-08-27,sold
25489,2025-08-27,available
25490,2025-08-27,available
25491,2025-08-27,available
25492,2025-08-27,sold
25493,2025-08-27,available
25494,2025-08-27,defective
25495,2025-08-27,sold
25496,2025-08-27,available
25497,2025-08-27,available
25498,2025-08-27,sold
25499,2025-08-27,defective
25500,2025-08-27,available
25501,2025-08-28,sold
25502,2025-08-28,available
25503,2025-08-28,sold
25504,2025-08-28,sold
25505,2025-08-28,available
25506,2025-08-28,defective
25507,2025-08-28,sold
25508,2025-08-28,sold
25509,2025-08-28,sold
25510,2025-08-28,sold
25511,2025-08-28,available
25512,2025-08-28,sold
25513,2025-08-28,available
25514,2025-08-28,defective
25515,2025-08-28,available
25516,2025-08-29,sold
25517,2025-08-29,defective
25518,2025-08-29,available
25519,2025-08-29,sold
25520,2025-08-29,available
25521,2025-08-29,available
25522,2025-08-29,defective
25523,2025-08-29,available
25524,2025-08-29,defective
25525,2025-08-29,available
25526,2025-08-29,available
25527,2025-08-29,defective
25528,2025-08-29,defective
25529,2025-08-29,sold
25530,2025-08-29,defective
25531,2025-08-30,sold
25532,2025-08-30,available
25533,2025-08-30,available
25534,2025-08-30,sold
25535,2025-08-30,sold
25536,2025-08-30,sold
25537,2025-08-30,available
25538,2025-08-30,available
25539,2025-08-30,available
25540,2025-08-30,available
25541,2025-08-30,defective
25542,2025-08-30,available
25543,2025-08-30,available
25544,2025-08-30,available
25545,2025-08-30,available
25546,2025-08-31,defective
25547,2025-08-31,available
25548,2025-08-31,sold
25549,2025-08-31,sold
25550,2025-08-31,sold
25551,2025-08-31,available
25552,2025-08-31,available
25553,2025-08-31,available
25554,2025-08-31,available
25555,2025-08-31,available
25556,2025-08-31,available
25557,2025-08-31,sold
25558,2025-08-31,available
25559,2025-08-31,available
25560,2025-08-31,sold
25561,2025-09-01,defective
25562,2025-09-01,sold
25563,2025-09-01,available
25564,2025-09-01,available
25565,2025-09-01,available
25566,2025-09-01,sold
25567,2025-09-01,sold
25568,2025-09-01,sold
25569,2025-09-01,sold
25570,2025-09-01,sold
25571,2025-09-01,sold
25572,2025-09-01,sold
25573,2025-09-01,sold
25574,2025-09-01,sold
25575,2025-09-01,available
25576,2025-09-02,available
25577,2025-09-02,sold
25578,2025-09-02,available
25579,2025-09-02,available
25580,2025-09-02,available
25581,2025-09-02,available
25582,2025-09-02,sold
25583,2025-09-02,available
25584,2025-09-02,available
25585,2025-09-02,available
25586,2025-09-02,available
25587,2025-09-02,available
25588,2025-09-02,available
25589,2025-09-02,available
25590,2025-09-02,available
25591,2025-09-03,sold
25592,2025-09-03,defective
25593,2025-09-03,available
25594,2025-09-03,available
25595,2025-09-03,available
25596,2025-09-03,sold
25597,2025-09-03,sold
25598,2025-09-03,available
25599,2025-09-03,available
25600,2025-09-03,available
25601,2025-09-03,available
25602,2025-09-03,sold
25603,2025-09-03,available
25604,2025-09-03,available
25605,2025-09-03,available
25606,2025-09-04,available
25607,2025-09-04,sold
25608,2025-09-04,available
25609,2025-09-04,defective
25610,2025-09-04,sold
25611,2025-09-04,available
25612,2025-09-04,defective
25613,2025-09-04,sold
25614,2025-09-04,available
25615,2025-09-04,available
25616,2025-09-04,available
25617,2025-09-04,available
25618,2025-09-04,available
25619,2025-09-04,available
25620,2025-09-04,sold
25621,2025-09-05,available
25622,2025-09-05,sold
25623,2025-09-05,available
25624,2025-09-05,sold
25625,2025-09-05,available
25626,2025-09-05,available
25627,2025-09-05,defective
25628,2025-09-05,available
25629,2025-09-05,sold
25630,2025-09-05,defective
25631,2025-09-05,available
25632,2025-09-05,sold
25633,2025-09-05,defective
25634,2025-09-05,available
25635,2025-09-05,sold
25636,2025-09-06,available
25637,2025-09-06,sold
25638,2025-09-06,available
25639,2025-09-06,available
25640,2025-09-06,sold
25641,2025-09-06,sold
25642,2025-09-06,available
25643,2025-09-06,available
25644,2025-09-06,sold
25645,2025-09-06,sold
25646,2025-09-06,available
25647,2025-09-06,available
25648,2025-09-06,available
25649,2025-09-06,sold
25650,2025-09-06,sold
25651,2025-09-07,sold
25652,2025-09-07,sold
25653,2025-09-07,available
25654,2025-09-07,defective
25655,2025-09-07,sold
25656,2025-09-07,available
25657,2025-09-07,sold
25658,2025-09-07,available
25659,2025-09-07,available
25660,2025-09-07,defective
25661,2025-09-07,sold
25662,2025-09-07,available
25663,2025-09-07,sold
25664,2025-09-07,available
25665,2025-09-07,available
25666,2025-09-08,sold
25667,2025-09-08,available
25668,2025-09-08,sold
25669,2025-09-08,sold
25670,2025-09-08,sold
25671,2025-09-08,defective
25672,2025-09-08,available
25673,2025-09-08,available
25674,2025-09-08,available
25675,2025-09-08,available
25676,2025-09-08,available
25677,2025-09-08,available
25678,2025-09-08,available
25679,2025-09-08,available
25680,2025-09-08,available
25681,2025-09-09,available
25682,2025-09-09,sold
25683,2025-09-09,available
25684,2025-09-09,available
25685,2025-09-09,available
25686,2025-09-09,sold
25687,2025-09-09,sold
25688,2025-09-09,available
25689,2025-09-09,available
25690,2025-09-09,available
25691,2025-09-09,available
25692,2025-09-09,sold
25693,2025-09-09,available
25694,2025-09-09,available
25695,2025-09-09,sold
25696,2025-09-10,available
25697,2025-09-10,sold
25698,2025-09-10,sold
25699,2025-09-10,available
25700,2025-09-10,sold
25701,2025-09-10,available
25702,2025-09-10,available
25703,2025-09-10,available
25704,2025-09-10,sold
25705,2025-09-10,available
25706,2025-09-10,available
25707,2025-09-10,defective
25708,2025-09-10,available
25709,2025-09-10,available
25710,2025-09-10,available
25711,2025-09-11,available
25712,2025-09-11,available
25713,2025-09-11,available
25714,2025-09-11,sold
25715,2025-09-11,sold
25716,2025-09-11,sold
25717,2025-09-11,available
25718,2025-09-11,available
25719,2025-09-11,sold
25720,2025-09-11,defective
25721,2025-09-11,available
25722,2025-09-11,available
25723,2025-09-11,available
25724,2025-09-11,available
25725,2025-09-11,available
25726,2025-09-12,sold
25727,2025-09-12,sold
25728,2025-09-12,available
25729,2025-09-12,available
25730,2025-09-12,available
25731,2025-09-12,available
25732,2025-09-12,available
25733,2025-09-12,available
25734,2025-09-12,sold
25735,2025-09-12,available
25736,2025-09-12,available
25737,2025-09-12,sold
25738,2025-09-12,defective
25739,2025-09-12,available
25740,2025-09-12,available
25741,2025-09-13,available
25742,2025-09-13,defective
25743,2025-09-13,defective
25744,2025-09-13,available
25745,2025-09-13,defective
25746,2025-09-13,available
25747,2025-09-13,sold
25748,2025-09-13,available
25749,2025-09-13,sold
25750,2025-09-13,sold
25751,2025-09-13,sold
25752,2025-09-13,available
25753,2025-09-13,sold
25754,2025-09-13,sold
25755,2025-09-13,available
25756,2025-09-14,available
25757,2025-09-14,available
25758,2025-09-14,defective
25759,2025-09-14,available
25760,2025-09-14,available
25761,2025-09-14,available
25762,2025-09-14,available
25763,2025-09-14,available
25764,2025-09-14,sold
25765,2025-09-14,defective
25766,2025-09-14,available
25767,2025-09-14,available
25768,2025-09-14,defective
25769,2025-09-14,available
25770,2025-09-14,available
25771,2025-09-15,sold
25772,2025-09-15,available
25773,2025-09-15,available
25774,2025-09-15,available
25775,2025-09-15,available
25776,2025-09-15,available
25777,2025-09-15,sold
25778,2025-09-15,sold
25779,2025-09-15,available
25780,2025-09-15,available
25781,2025-09-15,sold
25782,2025-09-15,sold
25783,2025-09-15,sold
25784,2025-09-15,available
25785,2025-09-15,available
25786,2025-09-16,available
25787,2025-09-16,available
25788,2025-09-16,sold
25789,2025-09-16,available
25790,2025-09-16,defective
25791,2025-09-16,sold
25792,2025-09-16,available
25793,2025-09-16,available
25794,2025-09-16,sold
25795,2025-09-16,sold
25796,2025-09-16,available
25797,2025-09-16,sold
25798,2025-09-16,available
25799,2025-09-16,available
25800,2025-09-16,available
25801,2025-09-17,available
25802,2025-09-17,sold
25803,2025-09-17,sold
25804,2025-09-17,available
25805,2025-09-17,available
25806,2025-09-17,available
25807,2025-09-17,sold
25808,2025-09-17,available
25809,2025-09-17,available
25810,2025-09-17,sold
25811,2025-09-17,sold
25812,2025-09-17,available
25813,2025-09-17,defective
25814,2025-09-17,defective
25815,2025-09-17,available
25816,2025-09-18,sold
25817,2025-09-18,sold
25818,2025-09-18,sold
25819,2025-09-18,available
25820,2025-09-18,available
25821,2025-09-18,available
25822,2025-09-18,defective
25823,2025-09-18,sold
25824,2025-09-18,defective
25825,2025-09-18,sold
25826,2025-09-18,available
25827,2025-09-18,sold
25828,2025-09-18,available
25829,2025-09-18,available
25830,2025-09-18,available
25831,2025-09-19,available
25832,2025-09-19,sold
25833,2025-09-19,available
25834,2025-09-19,defective
25835,2025-09-19,available
25836,2025-09-19,defective
25837,2025-09-19,available
25838,2025-09-19,available
25839,2025-09-19,defective
25840,2025-09-19,defective
25841,2025-09-19,defective
25842,2025-09-19,sold
25843,2025-09-19,available
25844,2025-09-19,available
25845,2025-09-19,available
25846,2025-09-20,available
25847,2025-09-20,sold
25848,2025-09-20,available
25849,2025-09-20,defective
25850,2025-09-20,available
25851,2025-09-20,available
25852,2025-09-20,available
25853,2025-09-20,available
25854,2025-09-20,available
25855,2025-09-20,available
25856,2025-09-20,sold
25857,2025-09-20,available
25858,2025-09-20,sold
25859,2025-09-20,sold
25860,2025-09-20,available
25861,2025-09-21,defective
25862,2025-09-21,sold
25863,2025-09-21,defective
25864,2025-09-21,available
25865,2025-09-21,available
25866,2025-09-21,defective
25867,2025-09-21,available
25868,2025-09-21,available
25869,2025-09-21,available
25870,2025-09-21,available
25871,2025-09-21,available
25872,2025-09-21,sold
25873,2025-09-21,sold
25874,2025-09-21,sold
25875,2025-09-21,sold
25876,2025-09-22,available
25877,2025-09-22,sold
25878,2025-09-22,available
25879,2025-09-22,available
25880,2025-09-22,available
25881,2025-09-22,available
25882,2025-09-22,sold
25883,2025-09-22,available
25884,2025-09-22,available
25885,2025-09-22,available
25886,2025-09-22,available
25887,2025-09-22,defective
25888,2025-09-22,defective
25889,2025-09-22,sold
25890,2025-09-22,sold
25891,2025-09-23,sold
25892,2025-09-23,available
25893,2025-09-23,sold
25894,2025-09-23,sold
25895,2025-09-23,defective
25896,2025-09-23,sold
25897,2025-09-23,available
25898,2025-09-23,sold
25899,2025-09-23,available
25900,2025-09-23,available
25901,2025-09-23,available
25902,2025-09-23,defective
25903,2025-09-23,available
25904,2025-09-23,available
25905,2025-09-23,defective
25906,2025-09-24,sold
25907,2025-09-24,defective
25908,2025-09-24,available
25909,2025-09-24,available
25910,2025-09-24,available
25911,2025-09-24,available
25912,2025-09-24,available
25913,2025-09-24,defective
25914,2025-09-24,defective
25915,2025-09-24,defective
25916,2025-09-24,sold
25917,2025-09-24,sold
25918,2025-09-24,available
25919,2025-09-24,sold
25920,2025-09-24,sold
25921,2025-09-25,sold
25922,2025-09-25,sold
25923,2025-09-25,available
25924,2025-09-25,defective
25925,2025-09-25,available
25926,2025-09-25,available
25927,2025-09-25,sold
25928,2025-09-25,sold
25929,2025-09-25,defective
25930,2025-09-25,sold
25931,2025-09-25,defective
25932,2025-09-25,available
25933,2025-09-25,available
25934,2025-09-25,defective
25935,2025-09-25,available
25936,2025-09-26,defective
25937,2025-09-26,defective
25938,2025-09-26,sold
25939,2025-09-26,available
25940,2025-09-26,sold
25941,2025-09-26,available
25942,2025-09-26,defective
25943,2025-09-26,sold
25944,2025-09-26,available
25945,2025-09-26,available
25946,2025-09-26,available
25947,2025-09-26,available
25948,2025-09-26,sold
25949,2025-09-26,sold
25950,2025-09-26,sold
25951,2025-09-27,defective
25952,2025-09-27,available
25953,2025-09-27,available
25954,2025-09-27,sold
25955,2025-09-27,sold
25956,2025-09-27,available
25957,2025-09-27,available
25958,2025-09-27,available
25959,2025-09-27,available
25960,2025-09-27,available
25961,2025-09-27,available
25962,2025-09-27,sold
25963,2025-09-27,available
25964,2025-09-27,sold
25965,2025-09-27,available
25966,2025-09-28,defective
25967,2025-09-28,available
25968,2025-09-28,sold
25969,2025-09-28,defective
25970,2025-09-28,available
25971,2025-09-28,available
25972,2025-09-28,sold
25973,2025-09-28,defective
25974,2025-09-28,available
25975,2025-09-28,sold
25976,2025-09-28,defective
25977,2025-09-28,sold
25978,2025-09-28,defective
25979,2025-09-28,available
25980,2025-09-28,sold
25981,2025-09-29,sold
25982,2025-09-29,available
25983,2025-09-29,sold
25984,2025-09-29,available
25985,2025-09-29,available
25986,2025-09-29,defective
25987,2025-09-29,sold
25988,2025-09-29,available
25989,2025-09-29,available
25990,2025-09-29,defective
25991,2025-09-29,available
25992,2025-09-29,sold
25993,2025-09-29,available
25994,2025-09-29,available
25995,2025-09-29,available
25996,2025-09-30,sold
25997,2025-09-30,available
25998,2025-09-30,available
25999,2025-09-30,available
26000,2025-09-30,available
26001,2025-09-30,available
26002,2025-09-30,available
26003,2025-09-30,available
26004,2025-09-30,sold
26005,2025-09-30,available
26006,2025-09-30,available
26007,2025-09-30,defective
26008,2025-09-30,available
26009,2025-09-30,defective
26010,2025-09-30,available
26011,2025-10-01,available
26012,2025-10-01,sold
26013,2025-10-01,available
26014,2025-10-01,available
26015,2025-10-01,sold
26016,2025-10-01,available
26017,2025-10-01,available
26018,2025-10-01,defective
26019,2025-10-01,available
26020,2025-10-01,available
26021,2025-10-01,sold
26022,2025-10-01,available
26023,2025-10-01,sold
26024,2025-10-01,available
26025,2025-10-01,available
26026,2025-10-02,available
26027,2025-10-02,available
26028,2025-10-02,available
26029,2025-10-02,sold
26030,2025-10-02,available
26031,2025-10-02,available
26032,2025-10-02,available
26033,2025-10-02,available
26034,2025-10-02,available
26035,2025-10-02,sold
26036,2025-10-02,available
26037,2025-10-02,available
26038,2025-10-02,sold
26039,2025-10-02,available
26040,2025-10-02,defective
26041,2025-10-03,available
26042,2025-10-03,available
26043,2025-10-03,sold
26044,2025-10-03,sold
26045,2025-10-03,available
26046,2025-10-03,available
26047,2025-10-03,available
26048,2025-10-03,sold
26049,2025-10-03,available
26050,2025-10-03,sold
26051,2025-10-03,available
26052,2025-10-03,available
26053,2025-10-03,available
26054,2025-10-03,sold
26055,2025-10-03,available
26056,2025-10-04,sold
26057,2025-10-04,available
26058,2025-10-04,available
26059,2025-10-04,sold
26060,2025-10-04,available
26061,2025-10-04,available
26062,2025-10-04,available
26063,2025-10-04,available
26064,2025-10-04,sold
26065,2025-10-04,defective
26066,2025-10-04,sold
26067,2025-10-04,sold
26068,2025-10-04,available
26069,2025-10-04,available
26070,2025-10-04,available
26071,2025-10-05,available
26072,2025-10-05,sold
26073,2025-10-05,defective
26074,2025-10-05,available
26075,2025-10-05,available
26076,2025-10-05,available
26077,2025-10-05,available
26078,2025-10-05,available
26079,2025-10-05,defective
26080,2025-10-05,available
26081,2025-10-05,available
26082,2025-10-05,sold
26083,2025-10-05,available
26084,2025-10-05,available
26085,2025-10-05,available
26086,2025-10-06,available
26087,2025-10-06,available
26088,2025-10-06,available
26089,2025-10-06,available
26090,2025-10-06,available
26091,2025-10-06,sold
26092,2025-10-06,available
26093,2025-10-06,defective
26094,2025-10-06,sold
26095,2025-10-06,available
26096,2025-10-06,sold
26097,2025-10-06,available
26098,2025-10-06,defective
26099,2025-10-06,sold
26100,2025-10-06,available
26101,2025-10-07,sold
26102,2025-10-07,sold
26103,2025-10-07,available
26104,2025-10-07,available
26105,2025-10-07,available
26106,2025-10-07,available
26107,2025-10-07,sold
26108,2025-10-07,defective
26109,2025-10-07,defective
26110,2025-10-07,defective
26111,2025-10-07,available
26112,2025-10-07,available
26113,2025-10-07,available
26114,2025-10-07,available
26115,2025-10-07,available
26116,2025-10-08,available
26117,2025-10-08,available
26118,2025-10-08,available
26119,2025-10-08,available
26120,2025-10-08,sold
26121,2025-10-08,available
26122,2025-10-08,sold
26123,2025-10-08,sold
26124,2025-10-08,defective
26125,2025-10-08,defective
26126,2025-10-08,defective
26127,2025-10-08,sold
26128,2025-10-08,sold
26129,2025-10-08,sold
26130,2025-10-08,sold
26131,2025-10-09,sold
26132,2025-10-09,sold
26133,2025-10-09,available
26134,2025-10-09,sold
26135,2025-10-09,available
26136,2025-10-09,available
26137,2025-10-09,available
26138,2025-10-09,available
26139,2025-10-09,sold
26140,2025-10-09,sold
26141,2025-10-09,sold
26142,2025-10-09,available
26143,2025-10-09,sold
26144,2025-10-09,sold
26145,2025-10-09,available
26146,2025-10-10,available
26147,2025-10-10,available
26148,2025-10-10,available
26149,2025-10-10,sold
26150,2025-10-10,available
26151,2025-10-10,available
26152,2025-10-10,sold
26153,2025-10-10,sold
26154,2025-10-10,defective
26155,2025-10-10,sold
26156,2025-10-10,available
26157,2025-10-10,available
26158,2025-10-10,defective
26159,2025-10-10,available
26160,2025-10-10,available
26161,2025-10-11,available
26162,2025-10-11,available
26163,2025-10-11,sold
26164,2025-10-11,sold
26165,2025-10-11,sold
26166,2025-10-11,sold
26167,2025-10-11,available
26168,2025-10-11,available
26169,2025-10-11,available
26170,2025-10-11,defective
26171,2025-10-11,available
26172,2025-10-11,available
26173,2025-10-11,available
26174,2025-10-11,defective
26175,2025-10-11,available
26176,2025-10-12,sold
26177,2025-10-12,available
26178,2025-10-12,available
26179,2025-10-12,available
26180,2025-10-12,available
26181,2025-10-12,available
26182,2025-10-12,available
26183,2025-10-12,available
26184,2025-10-12,available
26185,2025-10-12,sold
26186,2025-10-12,available
26187,2025-10-12,sold
26188,2025-10-12,sold
26189,2025-10-12,available
26190,2025-10-12,available
26191,2025-10-13,available
26192,2025-10-13,defective
26193,2025-10-13,sold
26194,2025-10-13,available
26195,2025-10-13,defective
26196,2025-10-13,sold
26197,2025-10-13,sold
26198,2025-10-13,sold
26199,2025-10-13,available
26200,2025-10-13,sold
26201,2025-10-13,available
26202,2025-10-13,sold
26203,2025-10-13,defective
26204,2025-10-13,sold
26205,2025-10-13,available
26206,2025-10-14,available
26207,2025-10-14,defective
26208,2025-10-14,available
26209,2025-10-14,sold
26210,2025-10-14,available
26211,2025-10-14,defective
26212,2025-10-14,available
26213,2025-10-14,defective
26214,2025-10-14,available
26215,2025-10-14,sold
26216,2025-10-14,available
26217,2025-10-14,available
26218,2025-10-14,sold
26219,2025-10-14,sold
26220,2025-10-14,sold
26221,2025-10-15,available
26222,2025-10-15,available
26223,2025-10-15,sold
26224,2025-10-15,sold
26225,2025-10-15,sold
26226,2025-10-15,sold
26227,2025-10-15,available
26228,2025-10-15,available
26229,2025-10-15,available
26230,2025-10-15,sold
26231,2025-10-15,available
26232,2025-10-15,available
26233,2025-10-15,available
26234,2025-10-15,available
26235,2025-10-15,available
26236,2025-10-16,available
26237,2025-10-16,defective
26238,2025-10-16,sold
26239,2025-10-16,available
26240,2025-10-16,sold
26241,2025-10-16,available
26242,2025-10-16,available
26243,2025-10-16,available
26244,2025-10-16,available
26245,2025-10-16,sold
26246,2025-10-16,sold
26247,2025-10-16,available
26248,2025-10-16,available
26249,2025-10-16,available
26250,2025-10-16,available
26251,2025-10-17,available
26252,2025-10-17,available
26253,2025-10-17,available
26254,2025-10-17,available
26255,2025-10-17,available
26256,2025-10-17,defective
26257,2025-10-17,sold
26258,2025-10-17,sold
26259,2025-10-17,available
26260,2025-10-17,defective
26261,2025-10-17,sold
26262,2025-10-17,available
26263,2025-10-17,available
26264,2025-10-17,available
26265,2025-10-17,available
26266,2025-10-18,sold
26267,2025-10-18,available
26268,2025-10-18,defective
26269,2025-10-18,sold
26270,2025-10-18,available
26271,2025-10-18,available
26272,2025-10-18,available
26273,2025-10-18,sold
26274,2025-10-18,defective
26275,2025-10-18,sold
26276,2025-10-18,sold
26277,2025-10-18,available
26278,2025-10-18,available
26279,2025-10-18,available
26280,2025-10-18,sold
26281,2025-10-19,sold
26282,2025-10-19,available
26283,2025-10-19,available
26284,2025-10-19,defective
26285,2025-10-19,available
26286,2025-10-19,defective
26287,2025-10-19,available
26288,2025-10-19,available
26289,2025-10-19,available
26290,2025-10-19,sold
26291,2025-10-19,available
26292,2025-10-19,available
26293,2025-10-19,available
26294,2025-10-19,available
26295,2025-10-19,available
26296,2025-10-20,available
26297,2025-10-20,available
26298,2025-10-20,sold
26299,2025-10-20,sold
26300,2025-10-20,sold
26301,2025-10-20,available
26302,2025-10-20,available
26303,2025-10-20,defective
26304,2025-10-20,sold
26305,2025-10-20,available
26306,2025-10-20,available
26307,2025-10-20,sold
26308,2025-10-20,available
26309,2025-10-20,sold
26310,2025-10-20,available
26311,2025-10-21,available
26312,2025-10-21,available
26313,2025-10-21,sold
26314,2025-10-21,available
26315,2025-10-21,available
26316,2025-10-21,available
26317,2025-10-21,available
26318,2025-10-21,available
26319,2025-10-21,sold
26320,2025-10-21,sold
26321,2025-10-21,available
26322,2025-10-21,available
26323,2025-10-21,available
26324,2025-10-21,available
26325,2025-10-21,defective
26326,2025-10-22,available
26327,2025-10-22,available
26328,2025-10-22,defective
26329,2025-10-22,available
26330,2025-10-22,sold
26331,2025-10-22,sold
26332,2025-10-22,defective
26333,2025-10-22,available
26334,2025-10-22,sold
26335,2025-10-22,available
26336,2025-10-22,available
26337,2025-10-22,available
26338,2025-10-22,defective
26339,2025-10-22,available
26340,2025-10-22,sold
26341,2025-10-23,available
26342,2025-10-23,sold
26343,2025-10-23,sold
26344,2025-10-23,defective
26345,2025-10-23,sold
26346,2025-10-23,available
26347,2025-10-23,available
26348,2025-10-23,available
26349,2025-10-23,available
26350,2025-10-23,sold
26351,2025-10-23,available
26352,2025-10-23,sold
26353,2025-10-23,available
26354,2025-10-23,available
26355,2025-10-23,available
26356,2025-10-24,available
26357,2025-10-24,sold
26358,2025-10-24,available
26359,2025-10-24,available
26360,2025-10-24,available
26361,2025-10-24,available
26362,2025-10-24,sold
26363,2025-10-24,sold
26364,2025-10-24,available
26365,2025-10-24,available
26366,2025-10-24,defective
26367,2025-10-24,available
26368,2025-10-24,defective
26369,2025-10-24,sold
26370,2025-10-24,available
26371,2025-10-25,available
26372,2025-10-25,available
26373,2025-10-25,available
26374,2025-10-25,available
26375,2025-10-25,sold
26376,2025-10-25,available
26377,2025-10-25,sold
26378,2025-10-25,defective
26379,2025-10-25,available
26380,2025-10-25,sold
26381,2025-10-25,sold
26382,2025-10-25,sold
26383,2025-10-25,sold
26384,2025-10-25,available
26385,2025-10-25,sold
26386,2025-10-26,available
26387,2025-10-26,defective
26388,2025-10-26,defective
26389,2025-10-26,available
26390,2025-10-26,sold
26391,2025-10-26,available
26392,2025-10-26,defective
26393,2025-10-26,available
26394,2025-10-26,sold
26395,2025-10-26,available
26396,2025-10-26,available
26397,2025-10-26,available
26398,2025-10-26,sold
26399,2025-10-26,defective
26400,2025-10-26,sold
26401,2025-10-27,available
26402,2025-10-27,defective
26403,2025-10-27,available
26404,2025-10-27,available
26405,2025-10-27,available
26406,2025-10-27,sold
26407,2025-10-27,available
26408,2025-10-27,sold
26409,2025-10-27,available
26410,2025-10-27,available
26411,2025-10-27,available
26412,2025-10-27,sold
26413,2025-10-27,sold
26414,2025-10-27,available
26415,2025-10-27,sold
26416,2025-10-28,available
26417,2025-10-28,available
26418,2025-10-28,available
26419,2025-10-28,available
26420,2025-10-28,available
26421,2025-10-28,available
26422,2025-10-28,sold
26423,2025-10-28,available
26424,2025-10-28,defective
26425,2025-10-28,defective
26426,2025-10-28,sold
26427,2025-10-28,sold
26428,2025-10-28,available
26429,2025-10-28,available
26430,2025-10-28,available
26431,2025-10-29,sold
26432,2025-10-29,sold
26433,2025-10-29,sold
26434,2025-10-29,available
26435,2025-10-29,sold
26436,2025-10-29,available
26437,2025-10-29,available
26438,2025-10-29,available
26439,2025-10-29,sold
26440,2025-10-29,sold
26441,2025-10-29,available
26442,2025-10-29,available
26443,2025-10-29,sold
26444,2025-10-29,available
26445,2025-10-29,defective
26446,2025-10-30,available
26447,2025-10-30,available
26448,2025-10-30,sold
26449,2025-10-30,available
26450,2025-10-30,sold
26451,2025-10-30,available
26452,2025-10-30,available
26453,2025-10-30,defective
26454,2025-10-30,defective
26455,2025-10-30,available
26456,2025-10-30,available
26457,2025-10-30,available
26458,2025-10-30,available
26459,2025-10-30,sold
26460,2025-10-30,available
26461,2025-10-31,sold
26462,2025-10-31,sold
26463,2025-10-31,available
26464,2025-10-31,sold
26465,2025-10-31,sold
26466,2025-10-31,sold
26467,2025-10-31,available
26468,2025-10-31,defective
26469,2025-10-31,sold
26470,2025-10-31,sold
26471,2025-10-31,sold
26472,2025-10-31,available
26473,2025-10-31,available
26474,2025-10-31,available
26475,2025-10-31,available
26476,2025-11-01,defective
26477,2025-11-01,defective
26478,2025-11-01,available
26479,2025-11-01,available
26480,2025-11-01,sold
26481,2025-11-01,available
26482,2025-11-01,sold
26483,2025-11-01,sold
26484,2025-11-01,defective
26485,2025-11-01,sold
26486,2025-11-01,sold
26487,2025-11-01,sold
26488,2025-11-01,available
26489,2025-11-01,available
26490,2025-11-01,sold
26491,2025-11-02,available
26492,2025-11-02,sold
26493,2025-11-02,available
26494,2025-11-02,available
26495,2025-11-02,available
26496,2025-11-02,available
26497,2025-11-02,available
26498,2025-11-02,available
26499,2025-11-02,defective
26500,2025-11-02,available
26501,2025-11-02,sold
26502,2025-11-02,defective
26503,2025-11-02,available
26504,2025-11-02,sold
26505,2025-11-02,available
26506,2025-11-03,sold
26507,2025-11-03,available
26508,2025-11-03,sold
26509,2025-11-03,available
26510,2025-11-03,sold
26511,2025-11-03,sold
26512,2025-11-03,available
26513,2025-11-03,available
26514,2025-11-03,sold
26515,2025-11-03,sold
26516,2025-11-03,sold
26517,2025-11-03,available
26518,2025-11-03,available
26519,2025-11-03,defective
26520,2025-11-03,available
26521,2025-11-04,available
26522,2025-11-04,sold
26523,2025-11-04,available
26524,2025-11-04,available
26525,2025-11-04,defective
26526,2025-11-04,defective
26527,2025-11-04,defective
26528,2025-11-04,available
26529,2025-11-04,defective
26530,2025-11-04,sold
26531,2025-11-04,available
26532,2025-11-04,sold
26533,2025-11-04,sold
26534,2025-11-04,available
26535,2025-11-04,sold
26536,2025-11-05,sold
26537,2025-11-05,available
26538,2025-11-05,sold
26539,2025-11-05,defective
26540,2025-11-05,defective
26541,2025-11-05,sold
26542,2025-11-05,available
26543,2025-11-05,sold
26544,2025-11-05,available
26545,2025-11-05,sold
26546,2025-11-05,sold
26547,2025-11-05,available
26548,2025-11-05,available
26549,2025-11-05,sold
26550,2025-11-05,sold
26551,2025-11-06,available
26552,2025-11-06,available
26553,2025-11-06,sold
26554,2025-11-06,sold
26555,2025-11-06,defective
26556,2025-11-06,defective
26557,2025-11-06,sold
26558,2025-11-06,available
26559,2025-11-06,sold
26560,2025-11-06,sold
26561,2025-11-06,sold
26562,2025-11-06,defective
26563,2025-11-06,available
26564,2025-11-06,defective
26565,2025-11-06,sold
26566,2025-11-07,available
26567,2025-11-07,available
26568,2025-11-07,sold
26569,2025-11-07,available
26570,2025-11-07,sold
26571,2025-11-07,sold
26572,2025-11-07,available
26573,2025-11-07,available
26574,2025-11-07,defective
26575,2025-11-07,available
26576,2025-11-07,sold
26577,2025-11-07,available
26578,2025-11-07,sold
26579,2025-11-07,available
26580,2025-11-07,defective
26581,2025-11-08,available
26582,2025-11-08,available
26583,2025-11-08,available
26584,2025-11-08,available
26585,2025-11-08,sold
26586,2025-11-08,sold
26587,2025-11-08,sold
26588,2025-11-08,sold
26589,2025-11-08,sold
26590,2025-11-08,available
26591,2025-11-08,available
26592,2025-11-08,available
26593,2025-11-08,available
26594,2025-11-08,sold
26595,2025-11-08,available
26596,2025-11-09,sold
26597,2025-11-09,available
26598,2025-11-09,available
26599,2025-11-09,sold
26600,2025-11-09,available
26601,2025-11-09,available
26602,2025-11-09,sold
26603,2025-11-09,available
26604,2025-11-09,available
26605,2025-11-09,sold
26606,2025-11-09,available
26607,2025-11-09,available
26608,2025-11-09,sold
26609,2025-11-09,available
26610,2025-11-09,available
26611,2025-11-10,sold
26612,2025-11-10,sold
26613,2025-11-10,available
26614,2025-11-10,available
26615,2025-11-10,sold
26616,2025-11-10,sold
26617,2025-11-10,available
26618,2025-11-10,sold
26619,2025-11-10,available
26620,2025-11-10,available
26621,2025-11-10,defective
26622,2025-11-10,available
26623,2025-11-10,sold
26624,2025-11-10,sold
26625,2025-11-10,available
26626,2025-11-11,available
26627,2025-11-11,available
26628,2025-11-11,sold
26629,2025-11-11,defective
26630,2025-11-11,available
26631,2025-11-11,sold
26632,2025-11-11,available
26633,2025-11-11,sold
26634,2025-11-11,available
26635,2025-11-11,available
26636,2025-11-11,available
26637,2025-11-11,sold
26638,2025-11-11,sold
26639,2025-11-11,available
26640,2025-11-11,available
26641,2025-11-12,defective
26642,2025-11-12,sold
26643,2025-11-12,available
26644,2025-11-12,available
26645,2025-11-12,available
26646,2025-11-12,sold
26647,2025-11-12,available
26648,2025-11-12,available
26649,2025-11-12,sold
26650,2025-11-12,available
26651,2025-11-12,defective
26652,2025-11-12,available
26653,2025-11-12,defective
26654,2025-11-12,sold
26655,2025-11-12,available
26656,2025-11-13,available
26657,2025-11-13,sold
26658,2025-11-13,available
26659,2025-11-13,available
26660,2025-11-13,defective
26661,2025-11-13,defective
26662,2025-11-13,available
26663,2025-11-13,available
26664,2025-11-13,available
26665,2025-11-13,available
26666,2025-11-13,available
26667,2025-11-13,defective
26668,2025-11-13,available
26669,2025-11-13,sold
26670,2025-11-13,sold
26671,2025-11-14,defective
26672,2025-11-14,sold
26673,2025-11-14,defective
26674,2025-11-14,sold
26675,2025-11-14,available
26676,2025-11-14,available
26677,2025-11-14,sold
26678,2025-11-14,sold
26679,2025-11-14,available
26680,2025-11-14,defective
26681,2025-11-14,available
26682,2025-11-14,defective
26683,2025-11-14,sold
26684,2025-11-14,available
26685,2025-11-14,available
26686,2025-11-15,available
26687,2025-11-15,available
26688,2025-11-15,sold
26689,2025-11-15,available
26690,2025-11-15,available
26691,2025-11-15,defective
26692,2025-11-15,sold
26693,2025-11-15,available
26694,2025-11-15,available
26695,2025-11-15,sold
26696,2025-11-15,defective
26697,2025-11-15,defective
26698,2025-11-15,sold
26699,2025-11-15,available
26700,2025-11-15,sold
26701,2025-11-16,available
26702,2025-11-16,available
26703,2025-11-16,sold
26704,2025-11-16,defective
26705,2025-11-16,available
26706,2025-11-16,defective
26707,2025-11-16,available
26708,2025-11-16,defective
26709,2025-11-16,sold
26710,2025-11-16,available
26711,2025-11-16,sold
26712,2025-11-16,available
26713,2025-11-16,available
26714,2025-11-16,sold
26715,2025-11-16,available
26716,2025-11-17,available
26717,2025-11-17,sold
26718,2025-11-17,available
26719,2025-11-17,available
26720,2025-11-17,available
26721,2025-11-17,sold
26722,2025-11-17,available
26723,2025-11-17,available
26724,2025-11-17,sold
26725,2025-11-17,sold
26726,2025-11-17,defective
26727,2025-11-17,sold
26728,2025-11-17,available
26729,2025-11-17,available
26730,2025-11-17,available
26731,2025-11-18,defective
26732,2025-11-18,available
26733,2025-11-18,sold
26734,2025-11-18,available
26735,2025-11-18,available
26736,2025-11-18,sold
26737,2025-11-18,available
26738,2025-11-18,defective
26739,2025-11-18,sold
26740,2025-11-18,available
26741,2025-11-18,available
26742,2025-11-18,defective
26743,2025-11-18,available
26744,2025-11-18,sold
26745,2025-11-18,sold
26746,2025-11-19,available
26747,2025-11-19,available
26748,2025-11-19,sold
26749,2025-11-19,defective
26750,2025-11-19,available
26751,2025-11-19,available
26752,2025-11-19,defective
26753,2025-11-19,available
26754,2025-11-19,available
26755,2025-11-19,sold
26756,2025-11-19,sold
26757,2025-11-19,defective
26758,2025-11-19,available
26759,2025-11-19,available
26760,2025-11-19,available
26761,2025-11-20,available
26762,2025-11-20,sold
26763,2025-11-20,available
26764,2025-11-20,sold
26765,2025-11-20,available
26766,2025-11-20,defective
26767,2025-11-20,available
26768,2025-11-20,sold
26769,2025-11-20,sold
26770,2025-11-20,defective
26771,2025-11-20,sold
26772,2025-11-20,defective
26773,2025-11-20,available
26774,2025-11-20,available
26775,2025-11-20,defective
26776,2025-11-21,available
26777,2025-11-21,sold
26778,2025-11-21,sold
26779,2025-11-21,available
26780,2025-11-21,available
26781,2025-11-21,available
26782,2025-11-21,sold
26783,2025-11-21,defective
26784,2025-11-21,sold
26785,2025-11-21,sold
26786,2025-11-21,available
26787,2025-11-21,available
26788,2025-11-21,available
26789,2025-11-21,available
26790,2025-11-21,sold
26791,2025-11-22,available
26792,2025-11-22,sold
26793,2025-11-22,available
26794,2025-11-22,available
26795,2025-11-22,available
26796,2025-11-22,sold
26797,2025-11-22,defective
26798,2025-11-22,available
26799,2025-11-22,available
26800,2025-11-22,available
26801,2025-11-22,defective
26802,2025-11-22,available
26803,2025-11-22,available
26804,2025-11-22,available
26805,2025-11-22,sold
26806,2025-11-23,available
26807,2025-11-23,available
26808,2025-11-23,sold
26809,2025-11-23,sold
26810,2025-11-23,available
26811,2025-11-23,available
26812,2025-11-23,available
26813,2025-11-23,available
26814,2025-11-23,sold
26815,2025-11-23,sold
26816,2025-11-23,available
26817,2025-11-23,available
26818,2025-11-23,available
26819,2025-11-23,sold
26820,2025-11-23,available
26821,2025-11-24,available
26822,2025-11-24,available
26823,2025-11-24,available
26824,2025-11-24,available
26825,2025-11-24,available
26826,2025-11-24,available
26827,2025-11-24,available
26828,2025-11-24,available
26829,2025-11-24,available
26830,2025-11-24,available
26831,2025-11-24,available
26832,2025-11-24,defective
26833,2025-11-24,sold
26834,2025-11-24,sold
26835,2025-11-24,available
26836,2025-11-25,sold
26837,2025-11-25,defective
26838,2025-11-25,sold
26839,2025-11-25,available
26840,2025-11-25,defective
26841,2025-11-25,sold
26842,2025-11-25,available
26843,2025-11-25,available
26844,2025-11-25,available
26845,2025-11-25,defective
26846,2025-11-25,available
26847,2025-11-25,available
26848,2025-11-25,available
26849,2025-11-25,available
26850,2025-11-25,available
26851,2025-11-26,available
26852,2025-11-26,defective
26853,2025-11-26,sold
26854,2025-11-26,available
26855,2025-11-26,defective
26856,2025-11-26,sold
26857,2025-11-26,available
26858,2025-11-26,available
26859,2025-11-26,sold
26860,2025-11-26,available
26861,2025-11-26,sold
26862,2025-11-26,sold
26863,2025-11-26,available
26864,2025-11-26,defective
26865,2025-11-26,sold
26866,2025-11-27,sold
26867,2025-11-27,sold
26868,2025-11-27,defective
26869,2025-11-27,available
26870,2025-11-27,available
26871,2025-11-27,available
26872,2025-11-27,available
26873,2025-11-27,available
26874,2025-11-27,available
26875,2025-11-27,available
26876,2025-11-27,available
26877,2025-11-27,available
26878,2025-11-27,available
26879,2025-11-27,defective
26880,2025-11-27,defective
26881,2025-11-28,available
26882,2025-11-28,defective
26883,2025-11-28,defective
26884,2025-11-28,available
26885,2025-11-28,available
26886,2025-11-28,available
26887,2025-11-28,sold
26888,2025-11-28,sold
26889,2025-11-28,sold
26890,2025-11-28,available
26891,2025-11-28,available
26892,2025-11-28,defective
26893,2025-11-28,available
26894,2025-11-28,sold
26895,2025-11-28,available
26896,2025-11-29,sold
26897,2025-11-29,sold
26898,2025-11-29,sold
26899,2025-11-29,available
26900,2025-11-29,available
26901,2025-11-29,sold
26902,2025-11-29,available
26903,2025-11-29,available
26904,2025-11-29,sold
26905,2025-11-29,defective
26906,2025-11-29,available
26907,2025-11-29,sold
26908,2025-11-29,available
26909,2025-11-29,sold
26910,2025-11-29,sold
26911,2025-11-30,available
26912,2025-11-30,sold
26913,2025-11-30,available
26914,2025-11-30,available
26915,2025-11-30,defective
26916,2025-11-30,available
26917,2025-11-30,available
26918,2025-11-30,sold
26919,2025-11-30,available
26920,2025-11-30,available
26921,2025-11-30,available
26922,2025-11-30,available
26923,2025-11-30,available
26924,2025-11-30,available
26925,2025-11-30,available
26926,2025-12-01,available
26927,2025-12-01,defective
26928,2025-12-01,available
26929,2025-12-01,sold
26930,2025-12-01,sold
26931,2025-12-01,sold
26932,2025-12-01,available
26933,2025-12-01,sold
26934,2025-12-01,available
26935,2025-12-01,available
26936,2025-12-01,available
26937,2025-12-01,defective
26938,2025-12-01,available
26939,2025-12-01,available
26940,2025-12-01,available
26941,2025-12-02,sold
26942,2025-12-02,available
26943,2025-12-02,available
26944,2025-12-02,sold
26945,2025-12-02,sold
26946,2025-12-02,sold
26947,2025-12-02,available
26948,2025-12-02,available
26949,2025-12-02,available
26950,2025-12-02,sold
26951,2025-12-02,available
26952,2025-12-02,available
26953,2025-12-02,available
26954,2025-12-02,available
26955,2025-12-02,sold
26956,2025-12-03,sold
26957,2025-12-03,sold
26958,2025-12-03,available
26959,2025-12-03,available
26960,2025-12-03,available
26961,2025-12-03,available
26962,2025-12-03,defective
26963,2025-12-03,available
26964,2025-12-03,sold
26965,2025-12-03,sold
26966,2025-12-03,defective
26967,2025-12-03,defective
26968,2025-12-03,sold
26969,2025-12-03,available
26970,2025-12-03,defective
26971,2025-12-04,available
26972,2025-12-04,available
26973,2025-12-04,available
26974,2025-12-04,available
26975,2025-12-04,available
26976,2025-12-04,sold
26977,2025-12-04,available
26978,2025-12-04,available
26979,2025-12-04,sold
26980,2025-12-04,available
26981,2025-12-04,sold
26982,2025-12-04,sold
26983,2025-12-04,defective
26984,2025-12-04,available
26985,2025-12-04,available
26986,2025-12-05,available
26987,2025-12-05,available
26988,2025-12-05,available
26989,2025-12-05,sold
26990,2025-12-05,available
26991,2025-12-05,sold
26992,2025-12-05,available
26993,2025-12-05,available
26994,2025-12-05,sold
26995,2025-12-05,available
26996,2025-12-05,defective
26997,2025-12-05,available
26998,2025-12-05,defective
26999,2025-12-05,defective
27000,2025-12-05,defective
27001,2025-12-06,available
27002,2025-12-06,available
27003,2025-12-06,sold
27004,2025-12-06,sold
27005,2025-12-06,available
27006,2025-12-06,sold
27007,2025-12-06,sold
27008,2025-12-06,sold
27009,2025-12-06,available
27010,2025-12-06,defective
27011,2025-12-06,sold
27012,2025-12-06,available
27013,2025-12-06,available
27014,2025-12-06,defective
27015,2025-12-06,defective
27016,2025-12-07,sold
27017,2025-12-07,defective
27018,2025-12-07,sold
27019,2025-12-07,available
27020,2025-12-07,sold
27021,2025-12-07,available
27022,2025-12-07,sold
27023,2025-12-07,sold
27024,2025-12-07,available
27025,2025-12-07,sold
27026,2025-12-07,available
27027,2025-12-07,sold
27028,2025-12-07,available
27029,2025-12-07,available
27030,2025-12-07,available
27031,2025-12-08,defective
27032,2025-12-08,available
27033,2025-12-08,available
27034,2025-12-08,available
27035,2025-12-08,defective
27036,2025-12-08,available
27037,2025-12-08,available
27038,2025-12-08,available
27039,2025-12-08,available
27040,2025-12-08,sold
27041,2025-12-08,available
27042,2025-12-08,defective
27043,2025-12-08,sold
27044,2025-12-08,available
27045,2025-12-08,defective
27046,2025-12-09,available
27047,2025-12-09,available
27048,2025-12-09,available
27049,2025-12-09,available
27050,2025-12-09,available
27051,2025-12-09,available
27052,2025-12-09,available
27053,2025-12-09,available
27054,2025-12-09,available
27055,2025-12-09,available
27056,2025-12-09,sold
27057,2025-12-09,available
27058,2025-12-09,available
27059,2025-12-09,sold
27060,2025-12-09,available
27061,2025-12-10,sold
27062,2025-12-10,available
27063,2025-12-10,defective
27064,2025-12-10,sold
27065,2025-12-10,available
27066,2025-12-10,sold
27067,2025-12-10,sold
27068,2025-12-10,available
27069,2025-12-10,sold
27070,2025-12-10,available
27071,2025-12-10,available
27072,2025-12-10,available
27073,2025-12-10,sold
27074,2025-12-10,defective
27075,2025-12-10,available
27076,2025-12-11,available
27077,2025-12-11,available
27078,2025-12-11,available
27079,2025-12-11,sold
27080,2025-12-11,available
27081,2025-12-11,available
27082,2025-12-11,available
27083,2025-12-11,available
27084,2025-12-11,available
27085,2025-12-11,sold
27086,2025-12-11,sold
27087,2025-12-11,available
27088,2025-12-11,available
27089,2025-12-11,sold
27090,2025-12-11,defective
27091,2025-12-12,available
27092,2025-12-12,sold
27093,2025-12-12,sold
27094,2025-12-12,available
27095,2025-12-12,sold
27096,2025-12-12,available
27097,2025-12-12,available
27098,2025-12-12,available
27099,2025-12-12,sold
27100,2025-12-12,available
27101,2025-12-12,available
27102,2025-12-12,defective
27103,2025-12-12,available
27104,2025-12-12,available
27105,2025-12-12,defective
27106,2025-12-13,sold
27107,2025-12-13,available
27108,2025-12-13,sold
27109,2025-12-13,sold
27110,2025-12-13,sold
27111,2025-12-13,available
27112,2025-12-13,defective
27113,2025-12-13,sold
27114,2025-12-13,available
27115,2025-12-13,sold
27116,2025-12-13,defective
27117,2025-12-13,available
27118,2025-12-13,available
27119,2025-12-13,available
27120,2025-12-13,sold
27121,2025-12-14,available
27122,2025-12-14,sold
27123,2025-12-14,available
27124,2025-12-14,available
27125,2025-12-14,available
27126,2025-12-14,sold
27127,2025-12-14,available
27128,2025-12-14,available
27129,2025-12-14,defective
27130,2025-12-14,available
27131,2025-12-14,sold
27132,2025-12-14,sold
27133,2025-12-14,sold
27134,2025-12-14,defective
27135,2025-12-14,sold
27136,2025-12-15,defective
27137,2025-12-15,available
27138,2025-12-15,sold
27139,2025-12-15,available
27140,2025-12-15,sold
27141,2025-12-15,available
27142,2025-12-15,available
27143,2025-12-15,available
27144,2025-12-15,defective
27145,2025-12-15,available
27146,2025-12-15,available
27147,2025-12-15,available
27148,2025-12-15,available
27149,2025-12-15,sold
27150,2025-12-15,available
27151,2025-12-16,available
27152,2025-12-16,sold
27153,2025-12-16,sold
27154,2025-12-16,available
27155,2025-12-16,sold
27156,2025-12-16,sold
27157,2025-12-16,available
27158,2025-12-16,sold
27159,2025-12-16,defective
27160,2025-12-16,defective
27161,2025-12-16,available
27162,2025-12-16,sold
27163,2025-12-16,available
27164,2025-12-16,sold
27165,2025-12-16,available
27166,2025-12-17,available
27167,2025-12-17,available
27168,2025-12-17,available
27169,2025-12-17,available
27170,2025-12-17,sold
27171,2025-12-17,sold
27172,2025-12-17,defective
27173,2025-12-17,available
27174,2025-12-17,available
27175,2025-12-17,sold
27176,2025-12-17,defective
27177,2025-12-17,sold
27178,2025-12-17,available
27179,2025-12-17,sold
27180,2025-12-17,available
27181,2025-12-18,available
27182,2025-12-18,available
27183,2025-12-18,defective
27184,2025-12-18,defective
27185,2025-12-18,defective
27186,2025-12-18,available
27187,2025-12-18,sold
27188,2025-12-18,available
27189,2025-12-18,available
27190,2025-12-18,sold
27191,2025-12-18,sold
27192,2025-12-18,defective
27193,2025-12-18,available
27194,2025-12-18,available
27195,2025-12-18,defective
27196,2025-12-19,available
27197,2025-12-19,sold
27198,2025-12-19,sold
27199,2025-12-19,available
27200,2025-12-19,sold
27201,2025-12-19,available
27202,2025-12-19,available
27203,2025-12-19,sold
27204,2025-12-19,available
27205,2025-12-19,available
27206,2025-12-19,sold
27207,2025-12-19,sold
27208,2025-12-19,defective
27209,2025-12-19,sold
27210,2025-12-19,sold
27211,2025-12-20,available
27212,2025-12-20,sold
27213,2025-12-20,defective
27214,2025-12-20,defective
27215,2025-12-20,available
27216,2025-12-20,available
27217,2025-12-20,available
27218,2025-12-20,sold
27219,2025-12-20,available
27220,2025-12-20,available
27221,2025-12-20,sold
27222,2025-12-20,sold
27223,2025-12-20,defective
27224,2025-12-20,defective
27225,2025-12-20,available
27226,2025-12-21,available
27227,2025-12-21,available
27228,2025-12-21,sold
27229,2025-12-21,available
27230,2025-12-21,sold
27231,2025-12-21,available
27232,2025-12-21,sold
27233,2025-12-21,available
27234,2025-12-21,available
27235,2025-12-21,defective
27236,2025-12-21,sold
27237,2025-12-21,available
27238,2025-12-21,available
27239,2025-12-21,sold
27240,2025-12-21,available
27241,2025-12-22,available
27242,2025-12-22,defective
27243,2025-12-22,available
27244,2025-12-22,sold
27245,2025-12-22,available
27246,2025-12-22,available
27247,2025-12-22,available
27248,2025-12-22,sold
27249,2025-12-22,defective
27250,2025-12-22,sold
27251,2025-12-22,available
27252,2025-12-22,sold
27253,2025-12-22,available
27254,2025-12-22,sold
27255,2025-12-22,sold
27256,2025-12-23,sold
27257,2025-12-23,sold
27258,2025-12-23,defective
27259,2025-12-23,available
27260,2025-12-23,available
27261,2025-12-23,available
27262,2025-12-23,available
27263,2025-12-23,sold
27264,2025-12-23,defective
27265,2025-12-23,available
27266,2025-12-23,available
27267,2025-12-23,available
27268,2025-12-23,available
27269,2025-12-23,sold
27270,2025-12-23,sold
27271,2025-12-24,sold
27272,2025-12-24,sold
27273,2025-12-24,available
27274,2025-12-24,available
27275,2025-12-24,available
27276,2025-12-24,available
27277,2025-12-24,sold
27278,2025-12-24,sold
27279,2025-12-24,available
27280,2025-12-24,available
27281,2025-12-24,defective
27282,2025-12-24,sold
27283,2025-12-24,available
27284,2025-12-24,sold
27285,2025-12-24,available
27286,2025-12-25,available
27287,2025-12-25,sold
27288,2025-12-25,available
27289,2025-12-25,available
27290,2025-12-25,available
27291,2025-12-25,sold
27292,2025-12-25,sold
27293,2025-12-25,defective
27294,2025-12-25,sold
27295,2025-12-25,available
27296,2025-12-25,sold
27297,2025-12-25,available
27298,2025-12-25,available
27299,2025-12-25,defective
27300,2025-12-25,available
27301,2025-12-26,available
27302,2025-12-26,available
27303,2025-12-26,available
27304,2025-12-26,defective
27305,2025-12-26,available
27306,2025-12-26,available
27307,2025-12-26,available
27308,2025-12-26,available
27309,2025-12-26,sold
27310,2025-12-26,sold
27311,2025-12-26,available
27312,2025-12-26,available
27313,2025-12-26,available
27314,2025-12-26,available
27315,2025-12-26,available
27316,2025-12-27,available
27317,2025-12-27,sold
27318,2025-12-27,available
27319,2025-12-27,available
27320,2025-12-27,defective
27321,2025-12-27,sold
27322,2025-12-27,available
27323,2025-12-27,sold
27324,2025-12-27,available
27325,2025-12-27,defective
27326,2025-12-27,available
27327,2025-12-27,sold
27328,2025-12-27,available
27329,2025-12-27,sold
27330,2025-12-27,available
27331,2025-12-28,available
27332,2025-12-28,available
27333,2025-12-28,sold
27334,2025-12-28,available
27335,2025-12-28,available
27336,2025-12-28,available
27337,2025-12-28,sold
27338,2025-12-28,available
27339,2025-12-28,sold
27340,2025-12-28,available
27341,2025-12-28,available
27342,2025-12-28,available
27343,2025-12-28,available
27344,2025-12-28,available
27345,2025-12-28,available
27346,2025-12-29,available
27347,2025-12-29,available
27348,2025-12-29,available
27349,2025-12-29,sold
27350,2025-12-29,available
27351,2025-12-29,available
27352,2025-12-29,sold
27353,2025-12-29,sold
27354,2025-12-29,available
27355,2025-12-29,defective
27356,2025-12-29,available
27357,2025-12-29,available
27358,2025-12-29,sold
27359,2025-12-29,available
27360,2025-12-29,available
27361,2025-12-30,available
27362,2025-12-30,available
27363,2025-12-30,available
27364,2025-12-30,available
27365,2025-12-30,available
27366,2025-12-30,available
27367,2025-12-30,available
27368,2025-12-30,available
27369,2025-12-30,available
27370,2025-12-30,defective
27371,2025-12-30,sold
27372,2025-12-30,sold
27373,2025-12-30,available
27374,2025-12-30,available
27375,2025-12-30,available
27376,2025-12-31,sold
27377,2025-12-31,sold
27378,2025-12-31,defective
27379,2025-12-31,defective
27380,2025-12-31,available
27381,2025-12-31,defective
27382,2025-12-31,available
27383,2025-12-31,defective
27384,2025-12-31,available
27385,2025-12-31,sold
27386,2025-12-31,defective
27387,2025-12-31,available
27388,2025-12-31,sold
27389,2025-12-31,defective
27390,2025-12-31,available
27391,2026-01-01,available
27392,2026-01-01,available
27393,2026-01-01,defective
27394,2026-01-01,defective
27395,2026-01-01,available
27396,2026-01-01,available
27397,2026-01-01,defective
27398,2026-01-01,available
27399,2026-01-01,available
27400,2026-01-01,available
27401,2026-01-01,available
27402,2026-01-01,available
27403,2026-01-01,available
27404,2026-01-01,available
27405,2026-01-01,available
27406,2026-01-02,sold
27407,2026-01-02,defective
27408,2026-01-02,available
27409,2026-01-02,sold
27410,2026-01-02,sold
27411,2026-01-02,available
27412,2026-01-02,sold
27413,2026-01-02,available
27414,2026-01-02,sold
27415,2026-01-02,available
27416,2026-01-02,available
27417,2026-01-02,sold
27418,2026-01-02,sold
27419,2026-01-02,available
27420,2026-01-02,available
27421,2026-01-03,defective
27422,2026-01-03,sold
27423,2026-01-03,available
27424,2026-01-03,sold
27425,2026-01-03,sold
27426,2026-01-03,sold
27427,2026-01-03,available
27428,2026-01-03,available
27429,2026-01-03,sold
27430,2026-01-03,sold
27431,2026-01-03,available
27432,2026-01-03,available
27433,2026-01-03,available
27434,2026-01-03,defective
27435,2026-01-03,sold
27436,2026-01-04,sold
27437,2026-01-04,available
27438,2026-01-04,available
27439,2026-01-04,available
27440,2026-01-04,available
27441,2026-01-04,available
27442,2026-01-04,available
27443,2026-01-04,available
27444,2026-01-04,sold
27445,2026-01-04,available
27446,2026-01-04,available
27447,2026-01-04,sold
27448,2026-01-04,available
27449,2026-01-04,sold
27450,2026-01-04,sold
27451,2026-01-05,sold
27452,2026-01-05,available
27453,2026-01-05,available
27454,2026-01-05,sold
27455,2026-01-05,available
27456,2026-01-05,available
27457,2026-01-05,defective
27458,2026-01-05,available
27459,2026-01-05,available
27460,2026-01-05,available
27461,2026-01-05,sold
27462,2026-01-05,sold
27463,2026-01-05,sold
27464,2026-01-05,available
27465,2026-01-05,sold
27466,2026-01-06,sold
27467,2026-01-06,defective
27468,2026-01-06,sold
27469,2026-01-06,sold
27470,2026-01-06,sold
27471,2026-01-06,available
27472,2026-01-06,available
27473,2026-01-06,sold
27474,2026-01-06,sold
27475,2026-01-06,sold
27476,2026-01-06,available
27477,2026-01-06,defective
27478,2026-01-06,sold
27479,2026-01-06,available
27480,2026-01-06,available
27481,2026-01-07,available
27482,2026-01-07,available
27483,2026-01-07,sold
27484,2026-01-07,available
27485,2026-01-07,defective
27486,2026-01-07,sold
27487,2026-01-07,available
27488,2026-01-07,defective
27489,2026-01-07,available
27490,2026-01-07,sold
27491,2026-01-07,sold
27492,2026-01-07,available
27493,2026-01-07,sold
27494,2026-01-07,sold
27495,2026-01-07,sold
27496,2026-01-08,available
27497,2026-01-08,available
27498,2026-01-08,available
27499,2026-01-08,available
27500,2026-01-08,defective
27501,2026-01-08,defective
27502,2026-01-08,defective
27503,2026-01-08,defective
27504,2026-01-08,sold
27505,2026-01-08,available
27506,2026-01-08,defective
27507,2026-01-08,sold
27508,2026-01-08,sold
27509,2026-01-08,available
27510,2026-01-08,defective
27511,2026-01-09,sold
27512,2026-01-09,defective
27513,2026-01-09,sold
27514,2026-01-09,available
27515,2026-01-09,sold
27516,2026-01-09,defective
27517,2026-01-09,available
27518,2026-01-09,sold
27519,2026-01-09,sold
27520,2026-01-09,sold
27521,2026-01-09,sold
27522,2026-01-09,available
27523,2026-01-09,sold
27524,2026-01-09,sold
27525,2026-01-09,sold
27526,2026-01-10,sold
27527,2026-01-10,available
27528,2026-01-10,sold
27529,2026-01-10,sold
27530,2026-01-10,available
27531,2026-01-10,sold
27532,2026-01-10,sold
27533,2026-01-10,available
27534,2026-01-10,available
27535,2026-01-10,available
27536,2026-01-10,available
27537,2026-01-10,sold
27538,2026-01-10,available
27539,2026-01-10,defective
27540,2026-01-10,sold
27541,2026-01-11,available
27542,2026-01-11,sold
27543,2026-01-11,available
27544,2026-01-11,available
27545,2026-01-11,sold
27546,2026-01-11,sold
27547,2026-01-11,defective
27548,2026-01-11,sold
27549,2026-01-11,sold
27550,2026-01-11,sold
27551,2026-01-11,available
27552,2026-01-11,available
27553,2026-01-11,available
27554,2026-01-11,sold
27555,2026-01-11,sold
27556,2026-01-12,sold
27557,2026-01-12,available
27558,2026-01-12,available
27559,2026-01-12,available
27560,2026-01-12,defective
27561,2026-01-12,available
27562,2026-01-12,defective
27563,2026-01-12,available
27564,2026-01-12,sold
27565,2026-01-12,defective
27566,2026-01-12,sold
27567,2026-01-12,available
27568,2026-01-12,defective
27569,2026-01-12,sold
27570,2026-01-12,available
27571,2026-01-13,sold
27572,2026-01-13,sold
27573,2026-01-13,sold
27574,2026-01-13,available
27575,2026-01-13,available
27576,2026-01-13,available
27577,2026-01-13,sold
27578,2026-01-13,sold
27579,2026-01-13,available
27580,2026-01-13,defective
27581,2026-01-13,available
27582,2026-01-13,available
27583,2026-01-13,available
27584,2026-01-13,sold
27585,2026-01-13,available
27586,2026-01-14,available
27587,2026-01-14,sold
27588,2026-01-14,sold
27589,2026-01-14,available
27590,2026-01-14,sold
27591,2026-01-14,available
27592,2026-01-14,available
27593,2026-01-14,sold
27594,2026-01-14,available
27595,2026-01-14,available
27596,2026-01-14,sold
27597,2026-01-14,available
27598,2026-01-14,available
27599,2026-01-14,available
27600,2026-01-14,available
27601,2026-01-15,sold
27602,2026-01-15,sold
27603,2026-01-15,sold
27604,2026-01-15,available
27605,2026-01-15,available
27606,2026-01-15,available
27607,2026-01-15,available
27608,2026-01-15,available
27609,2026-01-15,sold
27610,2026-01-15,defective
27611,2026-01-15,defective
27612,2026-01-15,available
27613,2026-01-15,available
27614,2026-01-15,sold
27615,2026-01-15,available
27616,2026-01-16,available
27617,2026-01-16,available
27618,2026-01-16,available
27619,2026-01-16,available
27620,2026-01-16,sold
27621,2026-01-16,available
27622,2026-01-16,available
27623,2026-01-16,available
27624,2026-01-16,available
27625,2026-01-16,available
27626,2026-01-16,sold
27627,2026-01-16,available
27628,2026-01-16,available
27629,2026-01-16,sold
27630,2026-01-16,defective
27631,2026-01-17,available
27632,2026-01-17,defective
27633,2026-01-17,available
27634,2026-01-17,available
27635,2026-01-17,sold
27636,2026-01-17,sold
27637,2026-01-17,defective
27638,2026-01-17,available
27639,2026-01-17,available
27640,2026-01-17,available
27641,2026-01-17,defective
27642,2026-01-17,sold
27643,2026-01-17,available
27644,2026-01-17,available
27645,2026-01-17,defective
27646,2026-01-18,available
27647,2026-01-18,available
27648,2026-01-18,sold
27649,2026-01-18,sold
27650,2026-01-18,defective
27651,2026-01-18,available
27652,2026-01-18,available
27653,2026-01-18,available
27654,2026-01-18,sold
27655,2026-01-18,sold
27656,2026-01-18,sold
27657,2026-01-18,available
27658,2026-01-18,defective
27659,2026-01-18,defective
27660,2026-01-18,available
27661,2026-01-19,defective
27662,2026-01-19,sold
27663,2026-01-19,sold
27664,2026-01-19,defective
27665,2026-01-19,available
27666,2026-01-19,sold
27667,2026-01-19,sold
27668,2026-01-19,available
27669,2026-01-19,sold
27670,2026-01-19,available
27671,2026-01-19,sold
27672,2026-01-19,sold
27673,2026-01-19,available
27674,2026-01-19,sold
27675,2026-01-19,available
27676,2026-01-20,defective
27677,2026-01-20,available
27678,2026-01-20,available
27679,2026-01-20,available
27680,2026-01-20,available
27681,2026-01-20,available
27682,2026-01-20,sold
27683,2026-01-20,available
27684,2026-01-20,defective
27685,2026-01-20,sold
27686,2026-01-20,defective
27687,2026-01-20,sold
27688,2026-01-20,sold
27689,2026-01-20,sold
27690,2026-01-20,defective
27691,2026-01-21,sold
27692,2026-01-21,available
27693,2026-01-21,available
27694,2026-01-21,available
27695,2026-01-21,sold
27696,2026-01-21,available
27697,2026-01-21,sold
27698,2026-01-21,sold
27699,2026-01-21,sold
27700,2026-01-21,available
27701,2026-01-21,sold
27702,2026-01-21,sold
27703,2026-01-21,available
27704,2026-01-21,defective
27705,2026-01-21,sold
27706,2026-01-22,defective
27707,2026-01-22,available
27708,2026-01-22,sold
27709,2026-01-22,available
27710,2026-01-22,available
27711,2026-01-22,available
27712,2026-01-22,sold
27713,2026-01-22,available
27714,2026-01-22,defective
27715,2026-01-22,available
27716,2026-01-22,available
27717,2026-01-22,available
27718,2026-01-22,sold
27719,2026-01-22,defective
27720,2026-01-22,available
27721,2026-01-23,available
27722,2026-01-23,available
27723,2026-01-23,available
27724,2026-01-23,sold
27725,2026-01-23,defective
27726,2026-01-23,sold
27727,2026-01-23,sold
27728,2026-01-23,available
27729,2026-01-23,available
27730,2026-01-23,available
27731,2026-01-23,sold
27732,2026-01-23,available
27733,2026-01-23,defective
27734,2026-01-23,sold
27735,2026-01-23,available
27736,2026-01-24,defective
27737,2026-01-24,available
27738,2026-01-24,sold
27739,2026-01-24,defective
27740,2026-01-24,sold
27741,2026-01-24,sold
27742,2026-01-24,sold
27743,2026-01-24,available
27744,2026-01-24,available
27745,2026-01-24,sold
27746,2026-01-24,sold
27747,2026-01-24,sold
27748,2026-01-24,sold
27749,2026-01-24,available
27750,2026-01-24,available
27751,2026-01-25,available
27752,2026-01-25,sold
27753,2026-01-25,available
27754,2026-01-25,sold
27755,2026-01-25,defective
27756,2026-01-25,defective
27757,2026-01-25,available
27758,2026-01-25,defective
27759,2026-01-25,available
27760,2026-01-25,available
27761,2026-01-25,available
27762,2026-01-25,available
27763,2026-01-25,available
27764,2026-01-25,sold
27765,2026-01-25,available
27766,2026-01-26,available
27767,2026-01-26,sold
27768,2026-01-26,available
27769,2026-01-26,sold
27770,2026-01-26,sold
27771,2026-01-26,sold
27772,2026-01-26,available
27773,2026-01-26,sold
27774,2026-01-26,sold
27775,2026-01-26,sold
27776,2026-01-26,available
27777,2026-01-26,sold
27778,2026-01-26,available
27779,2026-01-26,sold
27780,2026-01-26,available
27781,2026-01-27,available
27782,2026-01-27,defective
27783,2026-01-27,available
27784,2026-01-27,sold
27785,2026-01-27,available
27786,2026-01-27,defective
27787,2026-01-27,sold
27788,2026-01-27,sold
27789,2026-01-27,sold
27790,2026-01-27,available
27791,2026-01-27,sold
27792,2026-01-27,sold
27793,2026-01-27,available
27794,2026-01-27,sold
27795,2026-01-27,sold
27796,2026-01-28,available
27797,2026-01-28,sold
27798,2026-01-28,available
27799,2026-01-28,available
27800,2026-01-28,available
27801,2026-01-28,sold
27802,2026-01-28,available
27803,2026-01-28,defective
27804,2026-01-28,available
27805,2026-01-28,sold
27806,2026-01-28,available
27807,2026-01-28,sold
27808,2026-01-28,available
27809,2026-01-28,available
27810,2026-01-28,available
27811,2026-01-29,sold
27812,2026-01-29,available
27813,2026-01-29,available
27814,2026-01-29,available
27815,2026-01-29,sold
27816,2026-01-29,available
27817,2026-01-29,available
27818,2026-01-29,available
27819,2026-01-29,sold
27820,2026-01-29,available
27821,2026-01-29,defective
27822,2026-01-29,defective
27823,2026-01-29,available
27824,2026-01-29,defective
27825,2026-01-29,available
27826,2026-01-30,available
27827,2026-01-30,available
27828,2026-01-30,available
27829,2026-01-30,defective
27830,2026-01-30,available
27831,2026-01-30,available
27832,2026-01-30,available
27833,2026-01-30,available
27834,2026-01-30,available
27835,2026-01-30,sold
27836,2026-01-30,available
27837,2026-01-30,sold
27838,2026-01-30,sold
27839,2026-01-30,available
27840,2026-01-30,available
27841,2026-01-31,available
27842,2026-01-31,sold
27843,2026-01-31,available
27844,2026-01-31,sold
27845,2026-01-31,available
27846,2026-01-31,available
27847,2026-01-31,available
27848,2026-01-31,defective
27849,2026-01-31,sold
27850,2026-01-31,available
27851,2026-01-31,available
27852,2026-01-31,sold
27853,2026-01-31,sold
27854,2026-01-31,sold
27855,2026-01-31,available
27856,2026-02-01,defective
27857,2026-02-01,defective
27858,2026-02-01,sold
27859,2026-02-01,sold
27860,2026-02-01,available
27861,2026-02-01,available
27862,2026-02-01,sold
27863,2026-02-01,sold
27864,2026-02-01,sold
27865,2026-02-01,sold
27866,2026-02-01,defective
27867,2026-02-01,available
27868,2026-02-01,defective
27869,2026-02-01,available
27870,2026-02-01,available
27871,2026-02-02,available
27872,2026-02-02,sold
27873,2026-02-02,defective
27874,2026-02-02,available
27875,2026-02-02,available
27876,2026-02-02,available
27877,2026-02-02,defective
27878,2026-02-02,available
27879,2026-02-02,defective
27880,2026-02-02,sold
27881,2026-02-02,available
27882,2026-02-02,defective
27883,2026-02-02,sold
27884,2026-02-02,available
27885,2026-02-02,available
27886,2026-02-03,available
27887,2026-02-03,sold
27888,2026-02-03,sold
27889,2026-02-03,available
27890,2026-02-03,available
27891,2026-02-03,defective
27892,2026-02-03,available
27893,2026-02-03,defective
27894,2026-02-03,sold
27895,2026-02-03,available
27896,2026-02-03,available
27897,2026-02-03,available
27898,2026-02-03,available
27899,2026-02-03,available
27900,2026-02-03,available
27901,2026-02-04,available
27902,2026-02-04,available
27903,2026-02-04,available
27904,2026-02-04,sold
27905,2026-02-04,available
27906,2026-02-04,available
27907,2026-02-04,defective
27908,2026-02-04,sold
27909,2026-02-04,available
27910,2026-02-04,available
27911,2026-02-04,available
27912,2026-02-04,available
27913,2026-02-04,defective
27914,2026-02-04,available
27915,2026-02-04,defective
27916,2026-02-05,available
27917,2026-02-05,available
27918,2026-02-05,defective
27919,2026-02-05,available
27920,2026-02-05,sold
27921,2026-02-05,available
27922,2026-02-05,available
27923,2026-02-05,available
27924,2026-02-05,sold
27925,2026-02-05,available
27926,2026-02-05,sold
27927,2026-02-05,defective
27928,2026-02-05,defective
27929,2026-02-05,sold
27930,2026-02-05,defective
27931,2026-02-06,available
27932,2026-02-06,defective
27933,2026-02-06,defective
27934,2026-02-06,available
27935,2026-02-06,sold
27936,2026-02-06,available
27937,2026-02-06,available
27938,2026-02-06,sold
27939,2026-02-06,sold
27940,2026-02-06,sold
27941,2026-02-06,available
27942,2026-02-06,available
27943,2026-02-06,defective
27944,2026-02-06,available
27945,2026-02-06,defective
27946,2026-02-07,available
27947,2026-02-07,available
27948,2026-02-07,available
27949,2026-02-07,sold
27950,2026-02-07,available
27951,2026-02-07,sold
27952,2026-02-07,sold
27953,2026-02-07,available
27954,2026-02-07,available
27955,2026-02-07,available
27956,2026-02-07,available
27957,2026-02-07,defective
27958,2026-02-07,available
27959,2026-02-07,sold
27960,2026-02-07,sold
27961,2026-02-08,available
27962,2026-02-08,defective
27963,2026-02-08,sold
27964,2026-02-08,available
27965,2026-02-08,available
27966,2026-02-08,available
27967,2026-02-08,sold
27968,2026-02-08,defective
27969,2026-02-08,sold
27970,2026-02-08,sold
27971,2026-02-08,sold
27972,2026-02-08,available
27973,2026-02-08,sold
27974,2026-02-08,available
27975,2026-02-08,available
27976,2026-02-09,defective
27977,2026-02-09,available
27978,2026-02-09,sold
27979,2026-02-09,defective
27980,2026-02-09,available
27981,2026-02-09,available
27982,2026-02-09,sold
27983,2026-02-09,available
27984,2026-02-09,available
27985,2026-02-09,available
27986,2026-02-09,available
27987,2026-02-09,sold
27988,2026-02-09,available
27989,2026-02-09,sold
27990,2026-02-09,defective
27991,2026-02-10,defective
27992,2026-02-10,sold
27993,2026-02-10,available
27994,2026-02-10,available
27995,2026-02-10,available
27996,2026-02-10,sold
27997,2026-02-10,sold
27998,2026-02-10,defective
27999,2026-02-10,defective
28000,2026-02-10,available
28001,2026-02-10,defective
28002,2026-02-10,sold
28003,2026-02-10,available
28004,2026-02-10,available
28005,2026-02-10,sold
28006,2026-02-11,available
28007,2026-02-11,available
28008,2026-02-11,available
28009,2026-02-11,available
28010,2026-02-11,sold
28011,2026-02-11,available
28012,2026-02-11,available
28013,2026-02-11,sold
28014,2026-02-11,available
28015,2026-02-11,sold
28016,2026-02-11,available
28017,2026-02-11,sold
28018,2026-02-11,sold
28019,2026-02-11,available
28020,2026-02-11,available
28021,2026-02-12,available
28022,2026-02-12,sold
28023,2026-02-12,sold
28024,2026-02-12,sold
28025,2026-02-12,sold
28026,2026-02-12,available
28027,2026-02-12,available
28028,2026-02-12,sold
28029,2026-02-12,defective
28030,2026-02-12,defective
28031,2026-02-12,sold
28032,2026-02-12,available
28033,2026-02-12,available
28034,2026-02-12,available
28035,2026-02-12,defective
28036,2026-02-13,sold
28037,2026-02-13,available
28038,2026-02-13,available
28039,2026-02-13,available
28040,2026-02-13,sold
28041,2026-02-13,defective
28042,2026-02-13,available
28043,2026-02-13,available
28044,2026-02-13,sold
28045,2026-02-13,sold
28046,2026-02-13,available
28047,2026-02-13,available
28048,2026-02-13,sold
28049,2026-02-13,available
28050,2026-02-13,sold
28051,2026-02-14,available
28052,2026-02-14,available
28053,2026-02-14,available
28054,2026-02-14,available
28055,2026-02-14,available
28056,2026-02-14,available
28057,2026-02-14,available
28058,2026-02-14,defective
28059,2026-02-14,sold
28060,2026-02-14,sold
28061,2026-02-14,defective
28062,2026-02-14,sold
28063,2026-02-14,sold
28064,2026-02-14,available
28065,2026-02-14,available
28066,2026-02-15,available
28067,2026-02-15,sold
28068,2026-02-15,sold
28069,2026-02-15,available
28070,2026-02-15,available
28071,2026-02-15,available
28072,2026-02-15,available
28073,2026-02-15,available
28074,2026-02-15,sold
28075,2026-02-15,available
28076,2026-02-15,defective
28077,2026-02-15,available
28078,2026-02-15,sold
28079,2026-02-15,available
28080,2026-02-15,sold
28081,2026-02-16,sold
28082,2026-02-16,available
28083,2026-02-16,available
28084,2026-02-16,defective
28085,2026-02-16,sold
28086,2026-02-16,available
28087,2026-02-16,sold
28088,2026-02-16,available
28089,2026-02-16,available
28090,2026-02-16,available
28091,2026-02-16,available
28092,2026-02-16,available
28093,2026-02-16,available
28094,2026-02-16,available
28095,2026-02-16,available
28096,2026-02-17,available
28097,2026-02-17,available
28098,2026-02-17,sold
28099,2026-02-17,available
28100,2026-02-17,sold
28101,2026-02-17,available
28102,2026-02-17,available
28103,2026-02-17,defective
28104,2026-02-17,available
28105,2026-02-17,sold
28106,2026-02-17,defective
28107,2026-02-17,available
28108,2026-02-17,sold
28109,2026-02-17,sold
28110,2026-02-17,available
28111,2026-02-18,available
28112,2026-02-18,sold
28113,2026-02-18,available
28114,2026-02-18,sold
28115,2026-02-18,available
28116,2026-02-18,sold
28117,2026-02-18,defective
28118,2026-02-18,sold
28119,2026-02-18,available
28120,2026-02-18,available
28121,2026-02-18,available
28122,2026-02-18,sold
28123,2026-02-18,available
28124,2026-02-18,sold
28125,2026-02-18,available
28126,2026-02-19,sold
28127,2026-02-19,available
28128,2026-02-19,available
28129,2026-02-19,available
28130,2026-02-19,sold
28131,2026-02-19,available
28132,2026-02-19,available
28133,2026-02-19,sold
28134,2026-02-19,available
28135,2026-02-19,available
28136,2026-02-19,sold
28137,2026-02-19,sold
28138,2026-02-19,sold
28139,2026-02-19,defective
28140,2026-02-19,available
28141,2026-02-20,available
28142,2026-02-20,available
28143,2026-02-20,available
28144,2026-02-20,available
28145,2026-02-20,available
28146,2026-02-20,defective
28147,2026-02-20,available
28148,2026-02-20,available
28149,2026-02-20,sold
28150,2026-02-20,sold
28151,2026-02-20,defective
28152,2026-02-20,defective
28153,2026-02-20,defective
28154,2026-02-20,available
28155,2026-02-20,available
28156,2026-02-21,available
28157,2026-02-21,available
28158,2026-02-21,available
28159,2026-02-21,available
28160,2026-02-21,sold
28161,2026-02-21,available
28162,2026-02-21,available
28163,2026-02-21,sold
28164,2026-02-21,available
28165,2026-02-21,available
28166,2026-02-21,available
28167,2026-02-21,available
28168,2026-02-21,available
28169,2026-02-21,available
28170,2026-02-21,defective
28171,2026-02-22,sold
28172,2026-02-22,sold
28173,2026-02-22,available
28174,2026-02-22,available
28175,2026-02-22,sold
28176,2026-02-22,available
28177,2026-02-22,available
28178,2026-02-22,defective
28179,2026-02-22,sold
28180,2026-02-22,available
28181,2026-02-22,sold
28182,2026-02-22,available
28183,2026-02-22,available
28184,2026-02-22,available
28185,2026-02-22,available
28186,2026-02-23,available
28187,2026-02-23,defective
28188,2026-02-23,available
28189,2026-02-23,sold
28190,2026-02-23,available
28191,2026-02-23,defective
28192,2026-02-23,available
28193,2026-02-23,available
28194,2026-02-23,available
28195,2026-02-23,available
28196,2026-02-23,available
28197,2026-02-23,sold
28198,2026-02-23,available
28199,2026-02-23,defective
28200,2026-02-23,available
28201,2026-02-24,defective
28202,2026-02-24,sold
28203,2026-02-24,sold
28204,2026-02-24,available
28205,2026-02-24,available
28206,2026-02-24,defective
28207,2026-02-24,available
28208,2026-02-24,sold
28209,2026-02-24,available
28210,2026-02-24,available
28211,2026-02-24,available
28212,2026-02-24,sold
28213,2026-02-24,available
28214,2026-02-24,available
28215,2026-02-24,available
28216,2026-02-25,available
28217,2026-02-25,sold
28218,2026-02-25,defective
28219,2026-02-25,sold
28220,2026-02-25,available
28221,2026-02-25,sold
28222,2026-02-25,available
28223,2026-02-25,sold
28224,2026-02-25,available
28225,2026-02-25,defective
28226,2026-02-25,available
28227,2026-02-25,available
28228,2026-02-25,defective
28229,2026-02-25,available
28230,2026-02-25,sold
28231,2026-02-26,sold
28232,2026-02-26,available
28233,2026-02-26,sold
28234,2026-02-26,sold
28235,2026-02-26,available
28236,2026-02-26,available
28237,2026-02-26,defective
28238,2026-02-26,available
28239,2026-02-26,defective
28240,2026-02-26,available
28241,2026-02-26,available
28242,2026-02-26,available
28243,2026-02-26,sold
28244,2026-02-26,sold
28245,2026-02-26,sold
28246,2026-02-27,available
28247,2026-02-27,sold
28248,2026-02-27,available
28249,2026-02-27,defective
28250,2026-02-27,available
28251,2026-02-27,defective
28252,2026-02-27,available
28253,2026-02-27,available
28254,2026-02-27,available
28255,2026-02-27,sold
28256,2026-02-27,sold
28257,2026-02-27,sold
28258,2026-02-27,defective
28259,2026-02-27,sold
28260,2026-02-27,available
28261,2026-02-28,defective
28262,2026-02-28,available
28263,2026-02-28,sold
28264,2026-02-28,available
28265,2026-02-28,sold
28266,2026-02-28,available
28267,2026-02-28,defective
28268,2026-02-28,available
28269,2026-02-28,available
28270,2026-02-28,defective
28271,2026-02-28,sold
28272,2026-02-28,defective
28273,2026-02-28,sold
28274,2026-02-28,sold
28275,2026-02-28,sold
28276,2026-03-01,available
28277,2026-03-01,available
28278,2026-03-01,sold
28279,2026-03-01,available
28280,2026-03-01,available
28281,2026-03-01,sold
28282,2026-03-01,sold
28283,2026-03-01,sold
28284,2026-03-01,available
28285,2026-03-01,available
28286,2026-03-01,sold
28287,2026-03-01,available
28288,2026-03-01,available
28289,2026-03-01,available
28290,2026-03-01,sold
28291,2026-03-02,available
28292,2026-03-02,sold
28293,2026-03-02,defective
28294,2026-03-02,available
28295,2026-03-02,available
28296,2026-03-02,available
28297,2026-03-02,available
28298,2026-03-02,sold
28299,2026-03-02,defective
28300,2026-03-02,defective
28301,2026-03-02,available
28302,2026-03-02,sold
28303,2026-03-02,sold
28304,2026-03-02,available
28305,2026-03-02,sold
28306,2026-03-03,defective
28307,2026-03-03,sold
28308,2026-03-03,defective
28309,2026-03-03,available
28310,2026-03-03,available
28311,2026-03-03,defective
28312,2026-03-03,defective
28313,2026-03-03,available
28314,2026-03-03,available
28315,2026-03-03,sold
28316,2026-03-03,available
28317,2026-03-03,available
28318,2026-03-03,sold
28319,2026-03-03,available
28320,2026-03-03,sold
28321,2026-03-04,available
28322,2026-03-04,available
28323,2026-03-04,sold
28324,2026-03-04,available
28325,2026-03-04,available
28326,2026-03-04,available
28327,2026-03-04,available
28328,2026-03-04,available
28329,2026-03-04,available
28330,2026-03-04,defective
28331,2026-03-04,available
28332,2026-03-04,available
28333,2026-03-04,available
28334,2026-03-04,sold
28335,2026-03-04,available
28336,2026-03-05,available
28337,2026-03-05,sold
28338,2026-03-05,available
28339,2026-03-05,sold
28340,2026-03-05,sold
28341,2026-03-05,available
28342,2026-03-05,available
28343,2026-03-05,sold
28344,2026-03-05,available
28345,2026-03-05,available
28346,2026-03-05,sold
28347,2026-03-05,sold
28348,2026-03-05,defective
28349,2026-03-05,available
28350,2026-03-05,available
28351,2026-03-06,available
28352,2026-03-06,available
28353,2026-03-06,available
28354,2026-03-06,sold
28355,2026-03-06,available
28356,2026-03-06,defective
28357,2026-03-06,available
28358,2026-03-06,available
28359,2026-03-06,available
28360,2026-03-06,available
28361,2026-03-06,available
28362,2026-03-06,sold
28363,2026-03-06,available
28364,2026-03-06,available
28365,2026-03-06,sold
28366,2026-03-07,available
28367,2026-03-07,available
28368,2026-03-07,available
28369,2026-03-07,sold
28370,2026-03-07,sold
28371,2026-03-07,available
28372,2026-03-07,sold
28373,2026-03-07,defective
28374,2026-03-07,available
28375,2026-03-07,available
28376,2026-03-07,available
28377,2026-03-07,available
28378,2026-03-07,defective
28379,2026-03-07,available
28380,2026-03-07,available
28381,2026-03-08,available
28382,2026-03-08,available
28383,2026-03-08,available
28384,2026-03-08,sold
28385,2026-03-08,defective
28386,2026-03-08,available
28387,2026-03-08,sold
28388,2026-03-08,available
28389,2026-03-08,available
28390,2026-03-08,available
28391,2026-03-08,sold
28392,2026-03-08,sold
28393,2026-03-08,defective
28394,2026-03-08,available
28395,2026-03-08,sold
28396,2026-03-09,available
28397,2026-03-09,defective
28398,2026-03-09,sold
28399,2026-03-09,sold
28400,2026-03-09,defective
28401,2026-03-09,sold
28402,2026-03-09,available
28403,2026-03-09,available
28404,2026-03-09,defective
28405,2026-03-09,available
28406,2026-03-09,defective
28407,2026-03-09,available
28408,2026-03-09,sold
28409,2026-03-09,available
28410,2026-03-09,available
28411,2026-03-10,available
28412,2026-03-10,sold
28413,2026-03-10,available
28414,2026-03-10,available
28415,2026-03-10,available
28416,2026-03-10,available
28417,2026-03-10,available
28418,2026-03-10,defective
28419,2026-03-10,defective
28420,2026-03-10,available
28421,2026-03-10,defective
28422,2026-03-10,available
28423,2026-03-10,available
28424,2026-03-10,sold
28425,2026-03-10,sold
28426,2026-03-11,available
28427,2026-03-11,available
28428,2026-03-11,defective
28429,2026-03-11,defective
28430,2026-03-11,available
28431,2026-03-11,available
28432,2026-03-11,defective
28433,2026-03-11,sold
28434,2026-03-11,sold
28435,2026-03-11,available
28436,2026-03-11,available
28437,2026-03-11,available
28438,2026-03-11,sold
28439,2026-03-11,sold
28440,2026-03-11,sold
28441,2026-03-12,available
28442,2026-03-12,sold
28443,2026-03-12,available
28444,2026-03-12,available
28445,2026-03-12,available
28446,2026-03-12,available
28447,2026-03-12,sold
28448,2026-03-12,available
28449,2026-03-12,defective
28450,2026-03-12,defective
28451,2026-03-12,available
28452,2026-03-12,available
28453,2026-03-12,sold
28454,2026-03-12,sold
28455,2026-03-12,sold
28456,2026-03-13,available
28457,2026-03-13,available
28458,2026-03-13,available
28459,2026-03-13,available
28460,2026-03-13,sold
28461,2026-03-13,sold
28462,2026-03-13,available
28463,2026-03-13,available
28464,2026-03-13,sold
28465,2026-03-13,available
28466,2026-03-13,available
28467,2026-03-13,sold
28468,2026-03-13,defective
28469,2026-03-13,available
28470,2026-03-13,sold
28471,2026-03-14,sold
28472,2026-03-14,available
28473,2026-03-14,sold
28474,2026-03-14,available
28475,2026-03-14,available
28476,2026-03-14,available
28477,2026-03-14,defective
28478,2026-03-14,sold
28479,2026-03-14,available
28480,2026-03-14,available
28481,2026-03-14,defective
28482,2026-03-14,available
28483,2026-03-14,sold
28484,2026-03-14,defective
28485,2026-03-14,defective
28486,2026-03-15,available
28487,2026-03-15,sold
28488,2026-03-15,sold
28489,2026-03-15,available
28490,2026-03-15,available
28491,2026-03-15,sold
28492,2026-03-15,sold
28493,2026-03-15,sold
28494,2026-03-15,available
28495,2026-03-15,available
28496,2026-03-15,available
28497,2026-03-15,defective
28498,2026-03-15,available
28499,2026-03-15,available
28500,2026-03-15,sold
28501,2026-03-16,available
28502,2026-03-16,available
28503,2026-03-16,sold
28504,2026-03-16,sold
28505,2026-03-16,sold
28506,2026-03-16,sold
28507,2026-03-16,available
28508,2026-03-16,defective
28509,2026-03-16,available
28510,2026-03-16,available
28511,2026-03-16,available
28512,2026-03-16,sold
28513,2026-03-16,defective
28514,2026-03-16,defective
28515,2026-03-16,sold
28516,2026-03-17,sold
28517,2026-03-17,defective
28518,2026-03-17,sold
28519,2026-03-17,defective
28520,2026-03-17,available
28521,2026-03-17,sold
28522,2026-03-17,sold
28523,2026-03-17,sold
28524,2026-03-17,defective
28525,2026-03-17,available
28526,2026-03-17,defective
28527,2026-03-17,available
28528,2026-03-17,available
28529,2026-03-17,available
28530,2026-03-17,available
28531,2026-03-18,sold
28532,2026-03-18,available
28533,2026-03-18,defective
28534,2026-03-18,sold
28535,2026-03-18,available
28536,2026-03-18,available
28537,2026-03-18,sold
28538,2026-03-18,available
28539,2026-03-18,sold
28540,2026-03-18,available
28541,2026-03-18,sold
28542,2026-03-18,available
28543,2026-03-18,available
28544,2026-03-18,available
28545,2026-03-18,defective
28546,2026-03-19,defective
28547,2026-03-19,sold
28548,2026-03-19,available
28549,2026-03-19,available
28550,2026-03-19,available
28551,2026-03-19,available
28552,2026-03-19,sold
28553,2026-03-19,available
28554,2026-03-19,available
28555,2026-03-19,sold
28556,2026-03-19,available
28557,2026-03-19,available
28558,2026-03-19,sold
28559,2026-03-19,sold
28560,2026-03-19,available
28561,2026-03-20,available
28562,2026-03-20,sold
28563,2026-03-20,available
28564,2026-03-20,available
28565,2026-03-20,available
28566,2026-03-20,available
28567,2026-03-20,available
28568,2026-03-20,sold
28569,2026-03-20,available
28570,2026-03-20,sold
28571,2026-03-20,available
28572,2026-03-20,sold
28573,2026-03-20,sold
28574,2026-03-20,available
28575,2026-03-20,defective
28576,2026-03-21,sold
28577,2026-03-21,available
28578,2026-03-21,defective
28579,2026-03-21,available
28580,2026-03-21,available
28581,2026-03-21,sold
28582,2026-03-21,defective
28583,2026-03-21,sold
28584,2026-03-21,sold
28585,2026-03-21,sold
28586,2026-03-21,available
28587,2026-03-21,sold
28588,2026-03-21,available
28589,2026-03-21,sold
28590,2026-03-21,sold
28591,2026-03-22,available
28592,2026-03-22,defective
28593,2026-03-22,sold
28594,2026-03-22,sold
28595,2026-03-22,defective
28596,2026-03-22,available
28597,2026-03-22,sold
28598,2026-03-22,available
28599,2026-03-22,sold
28600,2026-03-22,sold
28601,2026-03-22,defective
28602,2026-03-22,available
28603,2026-03-22,available
28604,2026-03-22,sold
28605,2026-03-22,available
28606,2026-03-23,available
28607,2026-03-23,available
28608,2026-03-23,sold
28609,2026-03-23,sold
28610,2026-03-23,available
28611,2026-03-23,sold
28612,2026-03-23,sold
28613,2026-03-23,sold
28614,2026-03-23,available
28615,2026-03-23,defective
28616,2026-03-23,sold
28617,2026-03-23,defective
28618,2026-03-23,available
28619,2026-03-23,available
28620,2026-03-23,sold
28621,2026-03-24,sold
28622,2026-03-24,available
28623,2026-03-24,sold
28624,2026-03-24,defective
28625,2026-03-24,available
28626,2026-03-24,available
28627,2026-03-24,sold
28628,2026-03-24,available
28629,2026-03-24,defective
28630,2026-03-24,available
28631,2026-03-24,sold
28632,2026-03-24,sold
28633,2026-03-24,available
28634,2026-03-24,sold
28635,2026-03-24,available
28636,2026-03-25,sold
28637,2026-03-25,sold
28638,2026-03-25,sold
28639,2026-03-25,available
28640,2026-03-25,available
28641,2026-03-25,available
28642,2026-03-25,available
28643,2026-03-25,sold
28644,2026-03-25,available
28645,2026-03-25,sold
28646,2026-03-25,sold
28647,2026-03-25,available
28648,2026-03-25,available
28649,2026-03-25,sold
28650,2026-03-25,available
28651,2026-03-26,sold
28652,2026-03-26,available
28653,2026-03-26,sold
28654,2026-03-26,available
28655,2026-03-26,available
28656,2026-03-26,available
28657,2026-03-26,sold
28658,2026-03-26,sold
28659,2026-03-26,available
28660,2026-03-26,available
28661,2026-03-26,available
28662,2026-03-26,available
28663,2026-03-26,available
28664,2026-03-26,available
28665,2026-03-26,defective
28666,2026-03-27,defective
28667,2026-03-27,available
28668,2026-03-27,available
28669,2026-03-27,sold
28670,2026-03-27,available
28671,2026-03-27,available
28672,2026-03-27,sold
28673,2026-03-27,available
28674,2026-03-27,sold
28675,2026-03-27,available
28676,2026-03-27,defective
28677,2026-03-27,available
28678,2026-03-27,available
28679,2026-03-27,sold
28680,2026-03-27,sold
28681,2026-03-28,available
28682,2026-03-28,sold
28683,2026-03-28,defective
28684,2026-03-28,available
28685,2026-03-28,available
28686,2026-03-28,available
28687,2026-03-28,available
28688,2026-03-28,sold
28689,2026-03-28,sold
28690,2026-03-28,sold
28691,2026-03-28,sold
28692,2026-03-28,sold
28693,2026-03-28,available
28694,2026-03-28,sold
28695,2026-03-28,sold
28696,2026-03-29,defective
28697,2026-03-29,available
28698,2026-03-29,available
28699,2026-03-29,sold
28700,2026-03-29,sold
28701,2026-03-29,available
28702,2026-03-29,sold
28703,2026-03-29,sold
28704,2026-03-29,sold
28705,2026-03-29,available
28706,2026-03-29,available
28707,2026-03-29,available
28708,2026-03-29,available
28709,2026-03-29,available
28710,2026-03-29,available
28711,2026-03-30,available
28712,2026-03-30,defective
28713,2026-03-30,available
28714,2026-03-30,available
28715,2026-03-30,sold
28716,2026-03-30,sold
28717,2026-03-30,available
28718,2026-03-30,sold
28719,2026-03-30,sold
28720,2026-03-30,defective
28721,2026-03-30,defective
28722,2026-03-30,available
28723,2026-03-30,sold
28724,2026-03-30,available
28725,2026-03-30,available
28726,2026-03-31,available
28727,2026-03-31,sold
28728,2026-03-31,sold
28729,2026-03-31,available
28730,2026-03-31,available
28731,2026-03-31,available
28732,2026-03-31,available
28733,2026-03-31,sold
28734,2026-03-31,sold
28735,2026-03-31,available
28736,2026-03-31,available
28737,2026-03-31,available
28738,2026-03-31,available
28739,2026-03-31,defective
28740,2026-03-31,available
28741,2026-04-01,available
28742,2026-04-01,available
28743,2026-04-01,available
28744,2026-04-01,available
28745,2026-04-01,available
28746,2026-04-01,available
28747,2026-04-01,available
28748,2026-04-01,available
28749,2026-04-01,available
28750,2026-04-01,defective
28751,2026-04-01,available
28752,2026-04-01,available
28753,2026-04-01,sold
28754,2026-04-01,defective
28755,2026-04-01,sold
